text,label
"every once in a while , a movie will come along that turns me into that annoying specimen of humanity that i usually dread encountering the most - the fanboy",1
the disjointed mess flows as naturally as jolie's hideous yellow 'do .,1
everyone is wishing for a miracle to happen this summer .,0
"by the end of their phenomenal run , this unheralded group of musicians had played on more number ones hits than the beach boys , the rolling stones , elvis and the beatles combined - which makes them the greatest hit machine in the history of popular music .",0
"this romantic thriller is steeped in the atmosphere of wartime england , and ably captures the speech patterns , moral codes and ideals of the 1940s .",1
"a good film with a solid pedigree both in front of and , more specifically , behind the camera .",1
"kimberly corman , 19 , was just taking a trip with her friends . .",0
"never again doesn't quite rise above the conventions it attempts to deconstruct , but at its center are two gifted actors who are more than willing to take chances .",1
more of an intriguing curiosity than a gripping thriller .,1
"based on the 1997 john king novel of the same name with a rather odd synopsis : "" a first novel about a seasoned chelsea football club hooligan who represents a disaffected society operating by brutal rules .",0
"the film was shot on location at various firehouses in manhattan , queens and brooklyn .",0
"nete's father becomes bitter and introvert , but nete insists that he come to live with her and her family the few weeks he has left .",0
"[while the last metro] was more melodramatic , confined to a single theater company and its strategies and deceptions , while tavernier is more concerned with the entire period of history .",1
"using his family's old mob connections , tony has mapped out every detail for a very special evening .",0
"not only a reminder of how they used to make movies , but also how they sometimes still can be made .",1
"bears resemblance to , and shares the weaknesses of , too many recent action-fantasy extravaganzas in which special effects overpower cogent story-telling and visual clarity during the big action sequences .",1
"chomsky places the terrorist attacks in the context of american foreign intervention throughout the postwar decades--in vietnam , central america , the middle east , and elsewhere .",0
not a stereotype is omitted nor a cliché left unsaid .,1
"sex , lies &#38 ; superheroes features the writers and artists who have helped make comic books a medium for sophisticated stories and artwork .",0
"a warm but realistic meditation on friendship , family and affection .",1
"a lean , deftly shot , well-acted , weirdly retro thriller that recalls a raft of '60s and '70s european-set spy pictures .",1
very annie-mary is familiar but winningly funny and good-hearted .,1
the film _boogie nights_ was loosely based on his life .,0
"watching living actors interact against the lush , studied inertia of the backdrops gives us the impression of history come to life , or statues magically transformed into living creatures .",1
another more vicous gang known as the vipers is a possible threat to leon and bobby's efforts .,0
"like brosnan's performance , evelyn comes from the heart .",1
he has already written the script but does not have the means of financing his project .,0
"nelson's intentions are good , but the end result does no justice to the story itself . it's horribly depressing and not very well done .",1
"[t]his slop doesn't even have potential as a cult film , as it's too loud to shout insults at the screen .",1
the film's most improbable feat ? it didn't go straight to video .,1
"he has orchestrated a perverse sport where prisoners fight , sometime to the death for the entertainment and profit of he and his cronies .",0
"colson comes to live with them , an injection of danger in the form of a strange , silent houseguest with haunted eyes and odd habits .",0
"however , he can only inhabit the body of a child for a short time .",0
"they're also neighbours , living with widower fathers and problem siblings in the suburbs of taipei .",0
macbeth . mcdonald's . how far apart these poles of popular culture seemed until billy morrissette's sly mcshakespeare crime comedy .,1
but sy discovers that the yorkins are not as perfect as they seem and becomes a man on a mission to expose the imperfections of the yorkin family at any cost .,0
it is best appreciated as an immersion in a three-dimensional toyland outfitted with enough whimsical gadgetry to fill a thousand playrooms .,1
nair does capture the complexity of a big family and its trials and tribulations . . .,1
"despite the inexperience of the director and his cast , there's rarely a false moment .",1
notorious c . h . o . has oodles of vulgar highlights .,1
"jackass : the movie is a disgusting , repulsive , grotesque spectacle , but it's also hilarious and provocative . god help me , thumbs up .",1
"director yu seems far more interested in gross-out humor than in showing us well-thought stunts or a car chase that we haven't seen 10 , 000 times .",1
superbly photographed and staged by mendes with a series of riveting set pieces the likes of which mainstream audiences have rarely seen .,1
"a very long movie , dull in stretches , with entirely too much focus on meal preparation and igloo construction .",1
tiger shark prowls on what should be a routine rescue mission .,0
and does he feel the same way about daniel ?,0
"facing death of his friends , major korenev decides to re-install law and order using some unorthodox methods that are only relevant in 21st century russia .",0
god bless crudup and his aversion to taking the easy hollywood road and cashing in on his movie-star gorgeousness .,1
"if you love reading and/or poetry , then by all means check it out . you'll probably love it .",1
"a postal worker has some lunch in a chinese restaurant and falls in love with the waitress , who happens to be chinese .",0
"in jail she finally meets tabloid darling velma kelly , currently receiving huge media attention for the double murder she committed earlier in the tale .",0
the kind of sweet-and-sour insider movie that film buffs will eat up like so much gelati .,1
a selection of scenes in search of a movie .,1
"[n]o matter how much good will the actors generate , showtime eventually folds under its own thinness .",1
the longer one watches this determinedly ragged portrait of blue-collar teenage desperation . . . the more one gets absorbed in the utter unbridled nihilism of its 'characters . ',1
it's lost the politics and the social observation and become just another situation romance about a couple of saps stuck in an inarticulate screenplay .,1
"for all the charm of kevin kline and a story that puts old-fashioned values under the microscope , there's something creepy about this movie .",1
"shy san franciscan zoe is a twenty-something love-starved animator who spends countless hours listening to kxch cherish radio , losing herself in a syrupy romantic fantasy of '70s and '80s pop songs .",0
"legendary irish writer brendan behan's memoir , borstal boy , has been given a loving screen transferral .",1
to imagine the life of harry potter as a martial arts adventure told by a lobotomized woody allen is to have some idea of the fate that lies in store for moviegoers lured to the mediocrity that is kung pow : enter the fist .,1
"the guy , named cheung , is in his thirties .",0
another in-your-face wallow in the lower depths made by people who have never sung those blues .,1
"a series of escapades demonstrating the adage that what is good for the goose is also good for the gander , some of which occasionally amuses but none of which amounts to much of a story .",1
"a bittersweet contemporary comedy about benevolent deception , which , while it may not rival the filmmaker's period pieces , is still very much worth seeing .",1
"sara , recently divorced and mourning the loss of her only child , rents her basement to bogdan , a serbian musician who brings the whole band along .",0
"it's a demented kitsch mess ( although the smeary digital video does match the muddled narrative ) , but it's savvy about celebrity and has more guts and energy than much of what will open this year .",1
"for those of an indulgent , slightly sunbaked and summery mind , sex and lucia may well prove diverting enough .",1
"disturbing for its unabashed honesty , our cast of characters both love and despise each other , their very actions acknowledging the pressures inherent in a tightly bonded peer group .",0
"they end up paying ray , the local "" playboy , "" $5 , 000 to date her .",0
"purports to be a hollywood satire but winds up as the kind of film that should be the target of something deeper and more engaging . oh , and more entertaining , too .",1
"a car crash has cut short his promising baseball career , and with his dream of playing in the major leagues destroyed , sean turns to alcohol .",0
"obviously , a lot of people wasted a lot of their time ( including mine ) on something very inconsequential .",1
the circles cause a media frenzy and test hess's faith as he journeys to find out the truth behind the crop circles .,0
". . . too slow , too boring , and occasionally annoying .",1
there's not a fresh idea at the core of this tale .,1
simon is desperately trying to save his internet personals business .,0
"in those short time , rio learn about the things he missed all this time .",0
for him semana santa is a time to kill .,0
the first fatal attraction was vile enough . do we really need the tiger beat version ?,1
"a very hung-over julie is also there , on a field trip with her art class .",0
the characters are never more than sketches . . . which leaves any true emotional connection or identification frustratingly out of reach .,1
"but again , her guardian angel reactivates her will to live .",0
will god let her fall or give her a new path ?,0
neither revelatory nor truly edgy--merely crassly flamboyant and comedically labored .,1
"at its heart and most importantly , spirited away concerns a little girl learning to honour her friends and her family by valuing herself .",1
"ultimately the project comes across as clinical , detached , uninvolving , possibly prompting audience members to wonder , 'what's the point ? '",1
true love is right around the corner as long as he doesn't lose sight of what he's looking for .,0
"barry convinces us he's a dangerous , secretly unhinged guy who could easily have killed a president because it made him feel powerful .",1
"pistachio disguisey , a sweet-natured italian server at his father fabbrizio's restaurant , can't figure out why he compulsively mimics his customers and desires to change his appearance .",0
"the story itself it mostly told through on-camera interviews with several survivors , whose riveting memories are rendered with such clarity that it's as if it all happened only yesterday .",1
"the narration then examines the nation's colonial history , beginning with the first german missionary in 1901 , the establishment of schools , french occupation following world war i , the paucity of books written by and published by cameroonians , and the repression of the cpu , a leftist organization of the 1950s and 1960s .",0
"unbeknownst to the elders , the widows daughter has come to settle the estate , evict them and have an estate sale all in one day .",0
bogdanich is unashamedly pro-serbian and makes little attempt to give voice to the other side .,1
canada's arctic light shines bright on this frozen tundra soap opera that breathes extraordinary life into the private existence of the inuit people .,1
as it stands it's an opera movie for the buffs .,1
"kids surely will like it . and for adults , it's perfectly watchable in a rugrats-y sort of way .",1
"in mid-1970s savannah , two bright but rebellious boys , francis doyle and tim sullivan , fight boredom , hormones and harsh teachers as they struggle to find something meaningful beyond the walls of their parish school .",0
"agency owner/president , claire upton , has put together a 6 minute training video designed to help you gain job satisfaction as a contingent employee .",0
"unable to remember his name or anything from his past life , he cannot get a job or an apartment , so he starts living on the outskirts of the city and slowly starts putting his life back on track .",0
"in this way , we will find space between these to fit smaller stones , our small necessities .",0
"discouraged , and on the point of giving up writing , yun fei meets a young girl who can't see colours , who encourages him to persevere .",0
a rather average action film that benefits from several funny moments supplied by epps .,1
"it's difficult to imagine the process that produced such a script , but here's guessing that spray cheese and underarm noises played a crucial role .",1
"based on nicole valery-grossu's european best seller autobiographic novel "" bless you , prison "" , the film is a true story , with real events and characters .",0
"while insomnia is in many ways a conventional , even predictable remake , nolan's penetrating undercurrent of cerebral and cinemantic flair lends ( it ) stimulating depth .",1
happy times maintains an appealing veneer without becoming too cute about it .,1
"one day , tobias sees caroline , a former school pal from the east .",0
this is one of those rare docs that paints a grand picture of an era and makes the journey feel like a party .,1
"according to wendigo , 'nature' loves the members of the upper class almost as much as they love themselves .",1
"but then the crew detects a break-in on their computer systems , and picard is captured by the romulans because shinzon needs him as his only matching supplier of genetic material .",0
"it wraps up a classic mother/daughter struggle in recycled paper with a shiny new bow and while the audience can tell it's not all new , at least it looks pretty .",1
the casting of von sydow . . . is itself intacto's luckiest stroke .,1
"a young french journalist , marina , is writing a report on 'the next film starred by melina : the story of lilly' .",0
the film is almost eerily calm and refuses to take sides . but that lets its insights penetrate all the deeper .,1
high in the mountains of macedonia a team of young film makers are making a documentary about katerina vandeva - a descendant of an ancient and very famous family .,0
ultimately engages less for its story of actorly existential despair than for its boundary-hopping formal innovations and glimpse into another kind of chinese 'cultural revolution . ',1
"bereft at the loss of their parents and disillusioned with the law , the sisters turned professional assassins , killing criminals for other criminals .",0
maudlin and melodramatic we expected . boring we didn't .,1
"first , for a movie that tries to be smart , it's kinda dumb . and second , what's with all the shooting ?",1
"a young boy has been possessed so as to capture a young , beautiful girl .",0
"further complicating her isolated existence , alicia's high school principal compels her to pay a reluctant visit on the still-hospitalized deanna .",0
"she is sent to prison for life , and astrid has to go through foster home after foster home .",0
"that the chuck norris "" grenade gag "" occurs about 7 times during windtalkers is a good indication of how serious-minded the film is .",1
[siegal] proves that you don't have to be a just out of film school gen-x'er to make a resonant and entertaining movie about young adults .,1
"color , musical bounce and warm seas lapping on island shores . and just enough science to send you home thinking .",1
"behind the snow games and lovable siberian huskies ( plus one sheep dog ) , the picture hosts a parka-wrapped dose of heart .",1
"the second : a saturday two years later , where charlotte and cecil now a couple , fight , break-up and finally reunite .",0
"awaking , he meets manny , a mammoth who travels to the north , and decides to follow him .",0
"this romantic comedy , described as an african-american when harry met sally . . . , centers on a romance between an a&#38 ; r exec , dre ( diggs ) , at a hip-hop label and a magazine editor , sidney ( lathan ) , who have known each other since childhood .",0
"the work of an artist tormented by his heritage , using his storytelling ability to honor the many faceless victims .",1
the script isn't very good ; not even someone as gifted as hoffman ( the actor ) can make it work .,1
fashion is considered a glamorous industry full of beautiful people .,0
if your taste runs to 'difficult' films you absolutely can't miss it .,1
"his big brother george has also made a new friend , will , so stuart is feeing lonely .",0
"the girl's lover thinks she's been kidnapped , and goes looking for her .",0
now the monk must look for a new scrollkeeper .,0
"a lyrical , bittersweet film about what could be termed a by-product of battle .",1
"living in a beach shack with three roommates including her rebellious younger sister , she is up before dawn every morning to conquer the waves and count the days until the pipe masters surf competition .",0
"while mitchell gets ready for school , his mother and her friend ( lisa ) plan a murder , business as usual .",0
"bullock stars as lucy kelson , chief counsel for the wade corporation , one of new york city's top commercial real estate developers .",0
toes the fine line between cheese and earnestness remarkably well ; everything is delivered with such conviction that it's hard not to be carried away .,1
"now that they're back together , they should be perfect for each other , except that dre's about to marry lawyer reese and sidney claims not to be interested in dre romantically .",0
"however , when a friend confronts him with a very dark and horrifying scam for some quick dough and good times , he declines , but never the less he soon finds himself entangled in a web of sex , drugs and christmas carols .",0
"you'll be left with the sensation of having just witnessed a great performance and , perhaps , give in to the urge to get on your feet and shake it .",1
"rehearsals are frequently more fascinating than the results . last dance , whatever its flaws , fulfills one facet of its mission in making me want to find out whether , in this case , that's true .",1
"shown as an episode of "" the south bank show "" .",0
a bit of whimsically warped history elevated by the central performance of ian holm .,1
"he comes back , calling himself the master , and becomes a charismatic spiritual leader , running a teen shelter in hollywood .",0
"after being rejected for the perfect job , the aspiring animator faces an impending interview for a receptionist position at the same firm .",0
the world around him seemingly comes to a stop ; everything and everybody becomes frozen in time .,0
"before they can begin repairing and towing the ghost ship towards harbor , the crew encounters a series of bizarre ocurrences , and the group becomes trapped inside the ship .",0
"she confronts him , but the smooth talking mackenheim seduces her into a romantic dinner at his house .",0
"john klein ( richard gere ) , a washington newspaper reporter leaves his job after his wife ( debra messing ) dies to investigate strange reports , including psychic visions ( "" prophecies "" ) and sightings of winged creatures ( "" mothmen "" ) , in a small west virginia town , that may be the signs of an alien invasion of earth . . .",0
"cold and scattered , minority report commands interest almost solely as an exercise in gorgeous visuals . that's not vintage spielberg and that , finally , is minimally satisfying .",1
"the tale unfolds as a group of hustlers encounter "" the dean "" and pull off a successful sting that results in their pursuit by a vengeful gangster .",0
"mark hamill , sally struthers , brad hunt , angela featherstone and missy crider round out the cast .",0
owners who will do almost anything to keep them running .,0
""" the bride "" was once part of a group of world class female assassins , until the group leader , "" bill "" and the other assassins turn against her .",0
a dizzying digital video oddyssey through the snowy woods of upstate new york .,1
"unaware that they're transporting a cache' of money , along with jimmy hoffa's finger ( street valued at $25 mil ) , they find themselves thwarting pursuers as they manipulate their way out west .",0
and the detective isn't convinced that this will be the last . . .,0
"in this documentary , hannah , an ex-refugee , returns with her 55 year old son to the prison where she was held for five years .",0
"used to living in poverty , it seemed impossible for cass and cary to have a comfortable and bountiful life until doqa gracia comes to bring them into her home .",0
"the roadworkers are mates from way back , and each weekend they go out to an old goldmining site hoping to strike it rich .",0
it's the kind of film where the villain even gives an evil look for his passport photo . how can you resist that ?,1
"set in hounslow , west london and hamburg , the film follows two 18 year olds with their hearts set on a future in professional soccer .",0
". . . best seen as speculative history , as much an exploration of the paranoid impulse as a creative sequel to the warren report .",1
"occasionally funny , always very colorful and enjoyably overblown in the traditional almodóvar style .",1
"the action is captured inside an eclectic , three-story craftsman - itself serving as a central character to the story .",0
he proposes stealing artworks from her clients and convinces her that they could be quickly fenced .,0
"in california , texas , and several other states , conservative politicians successfully waged legislative campaigns to outlaw and prohibit the sale , ownership or use of vibrators and dildos while simultaneously criminalizing other 'deviant' sexual practices .",0
"this mild-mannered farce , directed by one of its writers , john c . walsh , is corny in a way that bespeaks an expiration date passed a long time ago .",1
"if this dud had been made in the '70s , it would have been called the hills have antlers and played for about three weeks in drive-ins .",1
"however , after an inexplicable letter arrives , any signs of normalcy in his life begin to fade .",0
"writer/director steve oedekerk uses contemporary characters and splices them into a 1970s kung-fu film , weaving the new and old together .",0
'rare birds' tries to force its quirkiness upon the audience .,1
"extreme oops - oops , ops , no matter how you spell it , it's still a mistake to go see it .",1
"children of the century , though well dressed and well made , ultimately falls prey to the contradiction that afflicts so many movies about writers .",1
"a series of mysterious and bizarre death threats soon ushers in symptoms of paranoia , unwelcome fame , and eventually a severe case of writer's block .",0
adding to the situation is a killer hurricane bearing down on the island .,0
hawke draws out the best from his large cast in beautifully articulated portrayals that are subtle and so expressive they can sustain the poetic flights in burdette's dialogue .,1
it's so devoid of joy and energy it makes even jason x . . . look positively shakesperean by comparison .,1
"the unceasing sadism is so graphically excessive , the director just ends up exposing his own obsession .",1
director chris eyre is going through the paces again with his usual high melodramatic style of filmmaking .,1
"a generation x artifact , capturing a brief era of insanity in the sports arena that surely cannot last .",1
"in the end , we go back to a bedroom , one we saw in the very first scene and realize that this story was actually being told by lucy to jess , the lawyer she's been seeing , two weeks before lucy is scheduled to leave for the writing fellowship .",0
jenny must fight to earn her scholarship and try to find a balance between the man of her faith and the man of her dreams .,0
"egoyan boldly inspires viewers to deal with issues of cultural memory and responsibility , especially in moments of confusion when family issues intersect with monumental historical facts .",1
playing a role of almost bergmanesque intensity . . . bisset is both convincing and radiant .,1
"hey , at least the title of this film lets you know exactly where it's heading .",1
"a sharp , amusing study of the cult of celebrity .",1
guy mann has been cursed since birth with blue skin .,0
"in the end , the film feels homogenized and a bit contrived , as if we're looking back at a tattered and ugly past with rose-tinted glasses .",1
"every moment crackles with tension , and by the end of the flick , you're on the edge of your seat .",1
"it is then an intimate view of the smoldering monochromatic site and the surrounding solitary streets , the ashen outskirts of new york's financial center , desolate and strewn with debris , the epicenter , a steel moonscape of dresdenesque remains .",0
for a rapsploitation film to target and frown upon the darker forces of its nature is certainly a good sign for the maturation of the genre .,1
"one of the ring's original bearers , the creature gollum ( andy serkis ) , has tracked frodo and sam down in search of his 'precious' , but is captured by the hobbits and used as a way to lead them to mt .",0
the whole thing plays like a tired tyco ad .,1
"first and foremost . . . the reason to go see "" blue crush "" is the phenomenal , water-born cinematography by david hennings .",1
she claims he is distant and has shut her out .,0
"the perfect vehicle for berling and bouquet , and both are superb .",1
williams has now proven that he can play creepy with the best of them .,1
alice is a cleaning lady at the nearby hospital and she sells the books that the patients leave behind .,0
"payne has created a beautiful canvas , and nicholson proves once again that he's the best brush in the business .",1
"he tries , with his family's support , to find a job and live a normal life .",0
"it just might all be bearable , somehow possible to live through , if it weren't for those damned 'monsters' that keep trying to kill him .",0
a sobering and powerful documentary about the most severe kind of personal loss : rejection by one's mother .,1
like the chilled breath of oral storytelling frozen onto film .,1
"chilling , well-acted , and finely directed : david jacobson's dahmer .",1
"a love for films shines through each frame and the era is recreated with obvious affection , scored to perfection with some tasty boogaloo beats .",1
the movie slides downhill as soon as macho action conventions assert themselves .,1
"witherspoon and her huge forehead really were pretty funny and this movie was much better than her last effort , "" legally blonde . """,1
"boasts a handful of virtuosic set pieces and offers a fair amount of trashy , kinky fun .",1
"chilling in its objective portrait of dreary , lost twenty-first century america .",1
alice must also come to terms with her slowly-returning memories .,0
"together , they develop a criminal energy that knows no boundaries and leads them to cold-blooded murder . . .",0
"there is the mother and the father , who don't seem to have a normal marriage anymore , there's the daughter , lena , who has a disease and will soon leave the house for medical treatment in switzerland , and her husband harry , who has a mysterious past .",0
"using everything from closely mic-ed subjects to infrared video standing by yourself gets uncomfortably close to its subjects as they get drunk and high , squander money , rip-off their parents , and get in trouble with pretty much everyone in their paths as a conduit to simply having a good time .",0
"meanwhile an unspoken attraction develops between joe and ella , heightening the claustrophobic tensions in the confined space of the barge .",0
an unorthodox little film noir organized crime story that includes one of the strangest love stories you will ever see .,1
"kiarostami profoundly displays uganda's life and culture through his touristy pictures , as deceptively simple as the alphabet",1
"like the tuck family themselves , this movie just goes on and on and on and on",1
except shaun runs into one complication after another starting when his application is rejected after his dim-witted guidance counselor sends the wrong application .,0
"it's as if a bored cage spent the duration of the film's shooting schedule waiting to scream : "" got aids yet ? """,1
"but genevieve is anticipating exactly that type of response from starla and soon turns everyone , including starla's friends and family , against her by playing the poor victim and making it appear that starla's the aggressor .",0
"so this race to reach the diamonds becomes deadlier and all three powers - vikrant , guru and anna clash .",0
"he discovers that his friend has gone into business , and is successfully breeding black chickens .",0
the film is an enjoyable family film -- pretty much aimed at any youngster who loves horses .,1
"before parting , werner promised his friend that the disease wouldn't have the last word .",0
"there are wonderful moments of humor , and demonstrations of humanity , strength , and the resilience of the human spirit .",1
"her parents continue their quest to uphold strict chinese traditions as esther buffy continues to fall faster and faster finding herself up against god , satan , life and possibly death .",0
"the main theme of this feature- 90 minute film , the exploitation of art for political ideology , is expressed by the personal and ideological conflicts between three artists and their mentors .",0
"ranging from funny to shattering and featuring some of the year's best acting , personal velocity gathers plenty of dramatic momentum .",1
doesn't come close to justifying the hype that surrounded its debut at the sundance film festival two years ago .,1
"birot has succeeded in making a movie that has some laughs , low points and high ideals .",1
"the only way to tolerate this insipid , brutally clueless film might be with a large dose of painkillers .",1
"after all the big build-up , the payoff for the audience , as well as the characters , is messy , murky , unsatisfying .",1
plays less like a coming-of-age romance than an infomercial .,1
"one day , margalo is nowhere to be found , so stuart and snowbell set out across the city to find her while george covers for stuart ( the first time he's had to lie ) .",0
"contrary to the homeless stereotype , jack's existence is ruled by discipline .",0
bears is even worse than i imagined a movie ever could be .,1
"the movie doesn't generate a lot of energy . it is dark , brooding and slow , and takes its central idea way too seriously .",1
reign of fire looks as if it was made without much thought -- and is best watched that way .,1
"the character is too forced and overwritten to be funny or believable much of the time , and clayburgh doesn't always improve the over-the-top mix .",1
"romy dispenses orders like a drill sergeant as they scramble southwest to round up the last two surviving members of eagle's wwii , b-17 bomber crew .",0
"this is a beautifully sensitive portrait of a unique school and , a very special teacher .",1
"as the day unfolds , the decisions become clearer and yet more difficult to make as the characters question what the true meaning of their lives are .",0
sheridan . . . smoothes over sources of conflict that could have lent the film a bit more depth .,1
"trust and deceit , generosity and meanness are fleshed out by a deft cast .",1
"a subtle , humorous , illuminating study of politics , power and social mobility .",1
""" sumo east and west "" takes us into this world through the story of wayne vierra of hawaii , aka kamakiiwa , a former professional sumo wrestler in japan whose pro career was cut short by injury , but who rebounded to become a champion in the growing world of amateur sumo .",0
"an interesting psychological thriller that , more often than not , actually works .",1
"oblivious of all the differences of status and background , a bond that would never break grew between them .",0
"she finds jack's captivity an irresistible turn-on and he can't figure out if she's for real , or manipulating him , too .",0
"soon , the team begins to suspect that knowles' main objective is actually to recover the prototype of a dna testing machine called the huxley project , which his company has spent years and millions of dollars developing .",0
that rara avis : the intelligent romantic comedy with actual ideas on its mind .,1
"impostor doesn't do much with its template , despite a remarkably strong cast .",1
"a classic romance always involves a certain formula : boy meets girl , boy loses girl , boy gets girl . beijing bicycle is a romance , except the love interest is a bicycle and not a girl .",1
empire can't make up its mind whether it wants to be a gangster flick or an art film . it doesn't work as either .,1
"you're not merely watching history , you're engulfed by it .",1
an improvement on the feeble examples of big-screen poke-mania that have preceded it .,1
the brothers chow nunn and chow lui's giant computer company is facing a tense crisis - a powerful computer virus is rapidly wiping out their computer network .,0
"in "" the hill "" , director kurt burk brings us on a voyage through dreams of a lost childhood , to the emptiness of a normal , conditioned life , into a fantastic , surreal dream world that echoes of the past .",0
the slam-bang superheroics are kinetic enough to engross even the most antsy youngsters .,1
"he is again shocked to see the wife , she is deeksha .",0
"struggling to fit in , jonathan decides to stop going to church only to be pursued by the members of the local singles ward who want to reactivate him .",0
"in this movie , steven seagal and ja rule get put in the "" new alcatraz "" apparently because ja rule kills a cop .",0
the story and characters are nowhere near gripping enough .,1
"their marriage turns into a downward spiral where she works at a local strip club and starts having an affair with her husbands best friend , freddy .",0
few films this year have been as resolute in their emotional nakedness .,1
"almost everything about the film is unsettling , from the preposterous hairpiece worn by lai's villainous father to the endless action sequences .",1
"a film full of vivid characters , quiet beauty and gentle grace .",1
he is intelligent and has a sense of humour .,0
"good , -- * interviews with dp neihouse and astronaut susan helms *",1
"'a fresh-faced , big-hearted and frequently funny thrill ride for the kiddies , with enough eye candy and cheeky wit to keep parents away from the concession stand . '",1
"content merely to lionize its title character and exploit his anger - all for easy sanctimony , formulaic thrills and a ham-fisted sermon on the need for national health insurance .",1
"a thoughtful , reverent portrait of what is essentially a subculture , with its own rules regarding love and family , governance and hierarchy .",1
"concerned that his son is going to embarrass him during his campaign to become the governor of california , brad's wealthy father and his campaign manager ( underwood ) , hire two juilliard-trained actors ( diggs and anderson ) to disguise themselves as "" real life gangstaz "" , and kidnap his son , dropping him off in the "" real hood "" in compton , in an effort to scare the ghettofied attitude and behavior out of him .",0
"what madonna does here can't properly be called acting -- more accurately , it's moving and it's talking and it's occasionally gesturing , sometimes all at once .",1
"but now , hell is coming back as that black haired , winged creature of doom that kyle described is coming back to town .",0
"she gets quite curious about this man , who is not like anyone she's ever met before .",0
"bret owns a small but successful art gallery , balancing aesthetics and business deftly .",0
"lanie's professional success means she must be a failure at life , because she's driven by ambition and doesn't know how to have fun .",1
"but someone breaks the link before they have finished and now a demon is trapped in their world and the only way to banish it , is for all the people who summoned it to die .",0
[majidi] makes us think twice about immigrants we see around us every day .,1
fourth generation war hero col . william mcnamara is imprisoned in a brutal german pow camp .,0
"stuart's mother is being over-protective of him , especially when he narrowly escapes injury in a soccer game .",0
"one minute , you think you're watching a serious actioner ; the next , it's as though clips from the pink panther strikes again and/or sailor moon have been spliced in .",1
"as expected , sayles' smart wordplay and clever plot contrivances are as sharp as ever , though they may be overshadowed by some strong performances .",1
"much as we might be interested in gratuitous sexualization , haneke has a different objective in mind--namely the implications of our craving for fake stimulation .",1
"at the same time , william has become the object of wrath by a popular but pompous and pridefilled christian radio commentator who brands william as a false prophet and seeks to destroy him .",0
"an impressively coordinated enterprise that lasts three hours , manages a large cast , and covers a period of 30-odd years while successfully unfolding as a series of scenes from the life of a single character .",1
"the subtle strength of "" elling "" is that it never loses touch with the reality of the grim situation .",1
"documentary about runaway and homeless lesbian , gay , and transsexual youth .",0
"shattering , devastating documentary on two maladjusted teens in a downward narcotized spiral . extraordinary debut from josh koury .",1
fay is his total opposite ; her romantic ideal has not yet been attained and is unlikely ever to be due to her impossibly high expectations as a result of living with the perfection that is her parents' rock solid marriage .,0
"the storylines are woven together skilfully , the magnificent swooping aerial shots are breathtaking , and the overall experience is awesome .",1
dense and enigmatic . . . elusive . . . stagy and stilted,1
sam and the kids band together and manage to combat the armed thugs and foil lamb's perfectly planned crime .,0
"in a small southern american town , paul , who is known for having sexual relations with every girl in town , falls in love with his best friend's younger sister who is a virgin .",0
"leave it to rohmer , now 82 , to find a way to bend current technique to the service of a vision of the past that is faithful to both architectural glories and commanding open spaces of the city as it was more than two centuries ago .",1
"a smart , steamy mix of road movie , coming-of-age story and political satire .",1
"if you love motown music , you'll love this documentary .",1
"an entertaining , if somewhat standardized , action movie .",1
"this orange has some juice , but it's far from fresh-squeezed .",1
at first this encounter with his past is pleasant until julie's ex-boyfriend ben shows up .,0
"this is the kind of movie during which you want to bang your head on the seat in front of you , at its cluelessness , at its idiocy , at its utterly misplaced earnestness .",1
"she's at a dead end , married to edgar ( henry thomas ) , a petty thief who had his shot and missed long ago , but is too dense to realize it .",0
it becomes clear that the line between assailant and victim has begun to break down and that the roles in this relationship are now unclear .,0
rowan plays the eponymous lead character in a spoof spy thriller .,0
"both undauntedly take a sardonic , action-packed jaunt with plenty of gunplay and intrigue with an unforgettable cast of characters after marko's trusting wife ashe ( robyn adamsom ) discovers that these two deviants of social behavior have bet her entire life savings of 3 , 000 bucks on an nba play-off game .",0
"it is only natural for "" the shu "" to flourish under the care of corrupt and powerful men like battista .",0
"hill looks to be going through the motions , beginning with the pale script .",1
"from spiritual rebirth to bruising defeat , vincent's odyssey resonates in a profound way , comparable to the classic films of jean renoir .",1
fisher has bared his soul and confronted his own shortcomings here in a way . . . that feels very human and very true to life .,1
"what would have otherwise been a routine nostalgic coming-of-ager takes on a new , innovative form .",1
"the characters are so generic and the plot so bland that even as rogue cia assassins working for chris cooper's agency boss close in on the resourceful amnesiac , we don't feel much for damon/bourne or his predicament .",1
"the plot involves an innocent poor boy , who is a happy go lucky , always trying to live a stylish life .",0
the best thing that can be said of the picture is that it does have a few cute moments .,1
"daughter from danang reveals that efforts toward closure only open new wounds . it doesn't flinch from its unsettling prognosis , namely , that the legacy of war is a kind of perpetual pain .",1
"in their own words , and not a moment too soon - 'broadway' tells the stories of our theatrical legends , how they came to new york , and how they created this legendary century in american theatre .",0
charlie is man who wakes up one morning to find that no one can see him .,0
"the message becomes the savior for "" the country bears , "" an equal parts silly and sweet tale that wears its great big ol' heart on its grizzly-sized sleeve .",1
"a time machine , a journey back to your childhood , when cares melted away in the dark theater , and films had the ability to mesmerize , astonish and entertain .",1
"the performers are so spot on , it is hard to conceive anyone else in their roles .",1
"in doing so , he learns that the conventional answers of easy availability of guns , violent national history , violent entertainment and even poverty are inadequate to explain this violence when other cultures share those same factors without the equivalent carnage .",0
an affectionately goofy satire that's unafraid to throw elbows when necessary . . .,1
"it extends the writings of jean genet and john rechy , the films of fassbinder , perhaps even the nocturnal works of goya .",1
"unlike most reunion stories that climax with a clich&#233 ; happy ending , daughter from danang is a real-life drama .",0
by the end of the girl's journey there is only one question to be answered : what is real and what is her imagination ?,0
ultimately she discovers that what appears on the surface to be true quite often is not .,0
going to the website may be just as fun ( and scary ) as going to the film .,1
"though a capable thriller , somewhere along the way k-19 jettisoned some crucial drama .",1
"kali is a smart , beautiful , yoga-teaching social worker .",0
"former criminal investigator , major korenev , nicknamed fox is released from prison .",0
hassan ii busc&#243 ; el momento preciso para organizar la verbenesca &#171 ; marcha verde&#187 ; que colocaba a nuestro ej&#233 ; rcito ante una disyuntiva grav&#237 ; sima .,0
esha and rahul start a letter based friendship that blossoms into love .,0
a set of grisly murders brings fbi agent will graham ( norton ) out of retirement and puts him in search of an atrocious killer ( fiennes ) who's driven by the image of a painting .,0
a retired boston pd detective isn't buying the news report of a local girl accidentally drowning . . .,0
a soulless jumble of ineptly assembled cliches and pabulum that plays like a 95-minute commercial for nba properties .,1
real problems arise when he awakes to discover that his right hand is missing .,0
or so he thinks until the blackmailer pulls a u-turn on rodney .,0
"astonishing isn't the word -- neither is incompetent , incoherent or just plain crap . indeed , none of these words really gets at the very special type of badness that is deuces wild .",1
and that's the trick-it's a gay cruise-liner for gay men to make out .,0
"after that incident matt goes into the woods , looking for dawn .",0
"thankfully , the film , which skirts that rapidly deteriorating line between fantasy and reality . . . takes a tongue-in-cheek attitude even as it pushes the croc hunter agenda .",1
viewers will need all the luck they can muster just figuring out who's who in this pretentious mess .,1
remove spider-man the movie from its red herring surroundings and it's apparent that this is one summer film that satisfies .,1
later that week he put the scenes together in an effort to wrap his head around it all .,0
"this is a winning ensemble comedy that shows canadians can put gentle laughs and equally gentle sentiments on the button , just as easily as their counterparts anywhere else in the world .",1
"helmer devito . . . attempts to do too many things in this story about ethics , payola , vice , murder , kids' tv and revenge .",1
"the movie takes place in mexico , 2002 ( based on a story from the 1800's ) .",0
"shane bradley , who is fixated on ideas of luck and destiny , tries to win the girl of his dreams .",0
"a modern romantic comedy set in halifax , mexico city , barcelona , tokyo and on the flights between , dragonwheel is the story of gloria ( krista macdonald ) , a worldly but crabby teen-boy-band manager and sherman ( graham gavine ) , a morose rural man as they escape from their lives , experience life-changing travel , and against their will , cling to one another .",0
on the right track to something that's creepy and effective . . . it's just going to take more than a man in a bullwinkle costume to get there .,1
a film that takes you inside the rhythms of its subject : you experience it as you watch .,1
photographed with melancholy richness and eloquently performed yet also decidedly uncinematic .,1
"in the meantime , a grifter breaks into their apartments and rummages their personal belongings , thus unfolding hidden secrets .",0
"at dinner , his father asks him about his new telescope .",0
in this trip they find really nice people that will help them to finish their mision .,0
"the first all-cgi short to be produced by imageworks , sony pictures award-winning character animation and visual effects company , "" the chubbchubbs "" introduces the alien inhabitants of the planet glorf including meeper , its earnest but awkward hero , the singing diva , the zyzaks and the chubbchubbs .",0
"sensing that he has become but another mark for his mother to con , johnny flees with her money .",0
an astute teenager has a major problem that might jeopardize her promising future .,0
a great cast and a wonderful but sometimes confusing flashback movie about growing up in a dysfunctional family .,1
dawdles and drags when it should pop ; it doesn't even have the virtue of enough mindless violence to break up the tedium of all its generational bonding .,1
"it's a lovely , sad dance highlighted by kwan's unique directing style .",1
a crackerjack genre piece ; what panic room aims for it accomplishes with deadly precision and edge-of-your-seat mastery .,1
a charming and funny story of clashing cultures and a clashing mother/daughter relationship .,1
"his best friend , nick , tries his best to help charlie out .",0
dildo diaries takes a lighthearted but 'probing' approach to exploring the development of sections of the texas penal code and its effects on the adult sex toy industry .,0
a new war between humans and mutants begins after a tentative of murder in the white house against the president of the united states .,0
"nicklas passes out , and the next day when he returns to school he notices that nobody seems to notice him .",0
it is as if he has suddenly discovered his love of fatherhood .,0
"it's up to [watts] to lend credibility to this strange scenario , and her presence succeeds in making us believe .",1
"open-ended and composed of layer upon layer , talk to her is a cinephile's feast , an invitation to countless interpretations .",1
"the attorney leaves the scene of the accident and strands the salesman , causing him to miss his custody hearing .",0
hitch would enjoy the way chabrol plays with the audience ( including the expertly interwoven lizt requiem ),1
"even if you have no interest in the gang-infested , east-vs . -west coast rap wars , this modern mob music drama never fails to fascinate .",1
"there are problems with this film that even 3 oscar winners can't overcome , but it's a nice girl-buddy movie once it gets rock-n-rolling .",1
"this is a harrowing movie about how parents know where all the buttons are , and how to push them .",1
lapd detective sergeant mitch preston cares only about doing his job and nailing crooks .,0
"his own colleagues after him , john follows a very small trace that might hold the key to his innocence , a strange unsolved yet predicted murder and a so-called "" minority report "" , a documentation of one of the rare events in which a precog sees something different than the other two .",0
when all but one of mi5's top agents are killed in an explosion .,0
"the film is grossly contradictory in conveying its social message , if indeed there is one .",1
"somewhere short of tremors on the modern b-scene : neither as funny nor as clever , though an agreeably unpretentious way to spend ninety minutes .",1
she has two men in her life : wealthy divorcee ray porter ( steve martin ) and struggling musician jeremy .,0
"a deliberative account of a lifestyle characterized by its surface-obsession  one that typifies the delirium of post , pre , and extant stardom .",1
"by the time the surprise ending is revealed , interest cannot be revived .",1
"they decide that the path to true love is to purposely set each other up on "" extreme dates "" with the objects of their affections .",0
an unsentimental albeit heartfelt eulogy to the firefighters who paid the ultimate price while saving new yorkers .,1
ramsay and morton fill this character study with poetic force and buoyant feeling .,1
"helpless and powerless in malaysia , munnabhai plays a smart one on them and all are deported back to mumbai where the don is the uncrowned king .",0
"soon after , however , his ex loses her tv show , and comes back home , looking to reunite .",0
"she , among others excentricities , talks to a small rock , gertrude , like if she was alive .",0
the movie stays afloat thanks to its hallucinatory production design .,1
"now as a young scientist , he is researching healing technology using gamma radiation activated nanomeds .",0
"after his wife is murdered , karl loses his fire and disappears into underground munich .",0
"once he starts learning to compromise with reality enough to become comparatively sane and healthy , the film becomes predictably conventional .",1
"and yet , amid the overwhelming destitution and the daily quest for survival , the desire for joy , beauty and music is still alive .",0
three hungover penrith boys conspire to break up a couple on high street when one of the mates is smitten by one of the pair .,0
"they start an in-depth investigation of a doctor chu , who is shin-hyun's psychiatrist .",0
"a london website designer ops out of her comfortable but ordinary relationship with a nice boyfriend when she forms a dangerously obsessive bond with a handsome , mysterious mountaineer , who turns out to have some secrets .",0
obstacles are too easily overcome and there isn't much in the way of character development in the script .,1
"a tired , unnecessary retread . . . a stale copy of a picture that wasn't all that great to begin with .",1
"an amalgam of several edgar allan poe stories , and a mixture of comedy , horror and musical genres .",0
"the ingenious construction ( adapted by david hare from michael cunningham's novel ) constantly flows forwards and back , weaving themes among three strands which allow us to view events as if through a prism",1
"with the support of her best friend wilma watson and their draft-dodging companion will bacon , emily is able to stand by her convictions in a household dominated by the standards of a salt-of-the-earth father and an unconditionally loving mother .",0
[hell is] looking down at your watch and realizing serving sara isn't even halfway through .,1
"the film would have been more enjoyable had the balance shifted in favor of water-bound action over the land-based 'drama , ' but the emphasis on the latter leaves blue crush waterlogged .",1
adaptation's success in engaging the audience in the travails of creating a screenplay is extraordinary .,1
""" punch-drunk love "" is a little like a chocolate milk moustache . . .",1
"he also meets yuki , a 9-year-old guitar prodigy , who could help dewey win a "" battle of the bands "" competition , which would solve his financial problems and put him back in the spotlight .",0
one of the most important and exhilarating forms of animated filmmaking since old walt doodled steamboat willie .,1
aside from stumbling over some clunky visual metaphors guzmán does a decent job of telling a story many outside chile simply don't know .,1
"her harrowing story ends in victory , but she has not forgotten the thousands of asylum seekers who remain in detention today .",0
presents an astute appraisal of middle american musical torpor and the desperate struggle to escape it .,1
people move along the street immersed in the flow of day-to-day events .,0
davis has filled out his cast with appealing fresh faces .,1
"now the lives of these alberta everymen are brought to the big screen by documentarian ferral mitchener in an exploration of the depths of friendship , the fragility of life , growing up gracefully and the art and science of drinking beer like a man .",0
"a work of the utmost subtlety and perception , it marks the outstanding feature debut of writer-director eric byler , who understands the power of the implicit and the virtues of simplicity and economy .",1
"in their new environment , the men relinquish their frat mentality and realize how hurtful they have been to women over the years .",0
"but when the teenager decides to invite a 12-year-old boy who is running away from home , maud is near illegality .",0
"jimmy ( thomas ) is a highly educated barber with a superiority complex who can't stand isaac ( garity ) , the new , white barber who just wants a shot at cutting some hair .",0
frank's newest transport seems no different from the countless ones he's done in the past .,0
"romantic comedy and dogme 95 filmmaking may seem odd bedfellows , but they turn out to be delightfully compatible here .",1
"le d&#233 ; fi is a musical comedy , inspired by the great american tradition and set in today's world of france's hip hop movement .",0
"enigma looks great , has solid acting and a neat premise . yet why it fails is a riddle wrapped in a mystery inside an enigma .",1
"no , it's not as single-minded as john carpenter's original , but it's sure a lot smarter and more unnerving than the sequels .",1
"lejos del paraíso es al mismo tiempo una fiesta para los ojos y oídos y un movilizador cuadro de personajes enfrentados a sus propios deseos , miedos y prejuicios .",1
"essentially , this is abel fererra's it's a wonderful life .",1
"unfortunately , her father has forbidden her to climb because of an accident he had on mount everest .",0
the sweetest thing is expressly for idiots who don't care what kind of sewage they shovel into their mental gullets to simulate sustenance .,1
"a young man is found bruised , beaten and stumbling down a secluded road .",0
he thinks she is plotting against him with their mutual psychiatrist .,0
the five main characters are 20-year-olds who are close friends and always hang out together at each others' homes and at their favorite coffeehouse .,0
"a strong first quarter , slightly less so second quarter , and average second half .",1
"more impressionistic than analytical , a grin without a cat is a grand immersion .",1
the lively appeal of the last kiss lies in the ease with which it integrates thoughtfulness and pasta-fagioli comedy .,1
"what they soon realize , though , is they are not alone in hypertime .",0
"till the end of time , they will stay that way .",0
"the creators of visas and virtue ( 1997 academy award winner , best live action short film ) have embarked on a new journey - the production of independence day .",0
"the country bears has no scenes that will upset or frighten young viewers . unfortunately , there is almost nothing in this flat effort that will amuse or entertain them , either .",1
it's deep-sixed by a compulsion to catalog every bodily fluids gag in there's something about mary and devise a parallel clone-gag .,1
absorbing and disturbing -- perhaps more disturbing than originally intended -- but a little clarity would have gone a long way .,1
"with his own group , the urban cyber breakers , he has got a dream : to win the dance battle that will bring his team to the world final in new york before reaching usa and fame , he has to overcome the rival group , the ld , to deal with his mother's excessive love and to live out his passion for the beautiful samia .",0
the next big thing's not-so-big ( and not-so-hot ) directorial debut .,1
"the film's strength isn't in its details , but in the larger picture it paints - of a culture in conflict with itself , with the thin veneer of nationalism that covers our deepest , media-soaked fears .",1
"ronnie schwann , a young man regarded as "" slow , "" has affections for sarah , a young woman who stays at hope house , a facility for the mentally ill .",0
"the whole of sunshine state is less than the sum of its parts , but the parts are often lovely , and always true .",1
one can't shake the feeling that crossroads is nothing more than an hour-and-a-half-long commercial for britney's latest album .,1
"a small fortune in salaries and stunt cars might have been saved if the director , tom dey , had spliced together bits and pieces of midnight run and 48 hours ( and , for that matter , shrek ) .",1
"despite the sympathetic overtures , rachel is convinced things aren't what they seem and suspects her baby has been abducted .",0
"somewhat blurred , but kinnear's performance is razor sharp .",1
"a fine documentary can be distinguished from a mediocre one by the better film's ability to make its subject interesting to those who aren't part of its supposed target audience . judging by those standards , 'scratch' is a pretty decent little documentary .",1
"an apparent gynaecologist dr . nightingale hastily marries a pregnant patient , modesta and takes her home to his mysterious manor to meet mother .",0
"awara paagal deewana is an action comedy , which revolves around a dentist who accidentally gets trapped into underworld and goes in for a roller coaster ride .",0
"filmmakers who can deftly change moods are treasures and even marvels . so , too , is this comedy about mild culture clashing in today's new delhi .",1
"as an additional inducement , the queen holds out to butch , the promised return of the hostaged claudia , a beautiful and feisty femme , who is not about to sit idly by awaiting rescue ! .",0
"besides being performers , they are also political activists - in aids awareness , anti-gay violence , the sex workers movement and the struggle against the extreme right and racism .",0
"he deciphers their ancient coded tong tattoos which leads him to their don , wong dai- the emperor ; the man who controls an empire of crime and corruption across many borders .",0
"payami tries to raise some serious issues about iran's electoral process , but the result is a film that's about as subtle as a party political broadcast .",1
imprisoned and depressed pete's letter gives eagle rekindled spirit .,0
the super 16mm black and white film was shot in a remote farm in argentina .,0
the movie revolves around munnabhai ( sanjay dutt ) a dreaded but good-hearted underworld don of mumbai .,0
the movie sticks much closer to hornby's drop-dead confessional tone than the film version of high fidelity did .,1
"hunted by the police and the various mafia groups , they work their way up to the source of this incredible plot to find out who is manipulating them .",0
"during the war between iran and iraq , a group of iranian kurd musicians set off on an almost impossible mission .",0
sylvie is a hooker whose illegitimate daughter commits a crime .,0
he leaves the city while searching for expression and finds a place to hide that he uses as his stage .,0
"unlike the nauseating fictions peddled by such 'have-yourself-a-happy-little-holocaust' movies as life is beautiful and jakob the liar , the grey zone is honest enough to deny the possibility of hope in auschwitz .",1
"leigh is one of the rare directors who feels acting is the heart and soul of cinema . he allows his cast members to make creative contributions to the story and dialogue . this method almost never fails him , and it works superbly here .",1
andy spirals down into crack addiction and becomes a homeless prostitute and mike gains stability in his life once he moves in with his loving and supportive aunt .,0
"this is a fragmented film , once a good idea that was followed by the bad idea to turn it into a movie .",1
"the plan goes awry when trasha and her psychosis find themselves a paying gig and tables are turned , trashed and burned .",0
"arliss howard's ambitious , moving , and adventurous directorial debut , big bad love , meets so many of the challenges it poses for itself that one can forgive the film its flaws .",1
"fans of plympton's shorts may marginally enjoy the film , but it is doubtful this listless feature will win him any new viewers .",1
"this re-do is so dumb and so exploitative in its violence that , ironically , it becomes everything that the rather clumsy original was railing against .",1
"but after sigmund freud's note ( above ) on the nefarious nature of females , the doctors hatched the theory of counter-transference to explain their feelings .",0
director robert rodriguez has once again caught lightning in a bottle .,1
"an undercover narc dies , the investigation stalls , so the detroit p . d .",0
"in this debut short , meeper valiantly tries to warn the patrons of the ale-e-inn , an intergalactic watering hole with its own constellation of stars , of impending danger only to find himself face to face with the toughest creatures in the universe .",0
when one of them tells the other a rumor that he might be a homicidal maniac they are all scared of him .,0
lilo is a 5 year old hawaiian girl who's quite peculiar : she has an off beat take on life and is a little obsessed about taking care of downtrodden animals .,0
"it would be a mistake to write this movie off as yet another star is born-type biopic about the rise and fall of a latter&#8209 ; day celebrity . schrader is after something deeper here and even when he misses the mark , the film remains involving .",1
"for all its plot twists , and some of them verge on the bizarre as the film winds down , blood work is a strong , character-oriented piece .",1
"it is 1492 , and spain has decreed that all jews must either convert to catholicism , go into exile or face trial and execution .",0
"hey , happy ! is great for stoners , queens , ravers and , yes , parties .",1
"run ronnie run is a heart warming spin-off from the cult hit hbo series "" mr .",0
"a tender , witty , captivating film about friendship , love , memory , trust and loyalty .",1
the jokes are telegraphed so far in advance they must have been lost in the mail .,1
even when crush departs from the 4w formula . . . it feels like a glossy rehash .,1
"toula portokalos is 30 , greek , and works in her family's restaurant , dancing zorba's , in chicago .",0
so riddled with unanswered questions that it requires gargantuan leaps of faith just to watch it plod along .,1
"just as moving , uplifting and funny as ever .",1
"but the more he becomes human , the more chaos happens in this formerly perfect holo-deck .",0
undercover brother doesn't go far enough . it's just a silly black genre spoof .,1
. . . in the pile of useless actioners from mtv schmucks who don't know how to tell a story for more than four minutes .,1
it made me want to wrench my eyes out of my head and toss them at the screen .,1
"terrific as nadia , a russian mail-order bride who comes to america speaking not a word of english , it's kidman who holds the film together with a supremely kittenish performance that gradually accumulates more layers .",1
18 years ago joe ( travolta ) had a chance to make his dream come true of directing his first movie in hollywood .,0
"in a futuristic world , a strict regime has eliminated war by suppressing emotions : books , art and music are strictly forbidden and feeling is a crime punishable by death .",0
"barney has created a tour de force that is weird , wacky and wonderful .",1
"now the inmates are retaliating , with seagal and ja rule leading them .",0
"it's fun , but the code-talk will fly right over everyone's head",1
seldom has a movie so closely matched the spirit of a man and his work .,1
"the human stain is the story of coleman silk ( hopkins ) , a classics professor with a terrible secret that is about to shatter his life in a small new england town .",0
"generic slasher-movie nonsense , but it's not without style .",1
"under the queen's wrathful gaze , tops are bottomed , tranny sailors seduce pirate captains , kings are mothers and cross-dressing femmes pack a wallop .",0
a team of scientists is recruited in a crash project to send a ship and bomb into the center of the earth to prevent the catastrophe .,0
"by the time the plot grinds itself out in increasingly incoherent fashion , you might be wishing for a watch that makes time go faster rather than the other way around .",1
"filled with alexandre desplat's haunting and sublime music , the movie completely transfixes the audience .",1
"nobody talks about what happened five years ago , but something shifts beneath the surface of their lives a secret that won't stay buried .",0
"a muckraking job , the cinematic equivalent of a legal indictment , and a fairly effective one at that .",1
it's the kind of pigeonhole-resisting romp that hollywood too rarely provides .,1
no ill effects are immediately apparent to lena's relatives in their spacious house on the prosperous side of town .,0
"an entertaining , grimy view of the traps of machismo tucked inside a cop thriller .",1
""" the ring "" is pretty much an english-language copy of the film that inspired it , and it carries the same strengths and flaws .",1
"as a film director , labute continues to improve .",1
coral reef adventure is a heavyweight film that fights a good fight on behalf of the world's endangered reefs -- and it lets the pictures do the punching .,1
"it's another stale , kill-by-numbers flick , complete with blade-thin characters and terrible , pun-laden dialogue .",1
you've seen it before : the ex-con who stumbles while striving to assimilate back into society . but writer-director joe maggio and his able cast makes you care about this man's sorry journey in virgil bliss .,1
"shainberg weaves a carefully balanced scenario that is controlled by neither character , is weirdly sympathetic to both and manages to be tender and darkly comic .",1
"although shot with little style , skins is heartfelt and achingly real .",1
a single-minded man focused on finding the girl of his dreams the perfect vision he's created in his mind's eye .,0
he is increasingly tormented by his conscience as the new order of the day is revealed .,0
"mehta expertly fashions a fascinating hybrid that is sure to delight audiences with its good-natured and well-timed humor , and its unabashed refusal to take itself seriously .",1
"davis' candid , archly funny and deeply authentic take on intimate relationships comes to fruition in her sophomore effort .",1
schnitzler does a fine job contrasting the sleekness of the film's present with the playful paranoia of the film's past .,1
how does one ask his wife to try something that breaks so many taboos ?,0
"it's a thin notion , repetitively stretched out to feature length , awash in self-consciously flashy camera effects , droning house music and flat , flat dialogue .",1
it all comes down to whether you can tolerate leon barlow . i can't .,1
"the story follows ancanar , the sole heir to the rammoth valley and the last in the line of telganan .",0
. . . too gory to be a comedy and too silly to be an effective horror film .,1
". . . unlikable , uninteresting , unfunny , and completely , utterly inept .",1
"but this is 1960's england , and when the neighbours start to make life difficult for the new arrivals , david's family are caught in the middle , and he has to choose between fitting in and standing up for the new friends who have turned his world upside down .",0
"sean , the more rebellious of the two , gets caught up in a life of crime and rises through the ranks to become the head of the irish mob .",0
a compelling allegory about the last days of germany's democratic weimar republic .,1
robert immediately tries to flee with his assistant and narrowly manages to escape the pursuing tong but not without a heavy price .,0
her hard fought for goal of a harmonic family life seems achieved .,0
"our hero , murray , must finish his long overdue thesis on "" the ten archetypes of americans in their twenties "" as the clock ticks ever louder .",0
"a boring masquerade ball where normally good actors , even kingsley , are made to look bad .",1
every so often a movie comes along that confirms one's worse fears about civilization as we know it . the new guy is one of them .,1
"huppert gives erika a persona that is so intriguing that you find yourself staring hypnotically at her , trying to understand her and wondering if she'll crack .",1
because of her finn is finally able to accept himself .,0
"anthony is a successful computer engineer in silicon valley where he seems to have the perfect life : a beautiful home secluded in the hills , stock options worth millions , and a lovely wife , victoria .",0
"it's burns' visuals , characters and his punchy dialogue , not his plot , that carry waydowntown .",1
"for all its random chaos , divine secrets works because of the power of its convictions -- and its cast .",1
"only to find that once their friendship is threatened by a traumatic circumstance , they are reunited by having to support and love each other to realise their eternal bond .",0
and what makes lucky invaluable is his ability to teach mudd how to write again .,0
the two animals decide to search for the father and return the baby to him .,0
"jackson tries to keep the plates spinning as best he can , but all the bouncing back and forth can't help but become a bit tedious -- even with the breathtaking landscapes and villainous varmints there to distract you from the ricocheting .",1
the lack of naturalness makes everything seem self-consciously poetic and forced . . . it's a pity that [nelson's] achievement doesn't match his ambition .,1
"against the background of an australian desert landscape , so much space and so few people , sandy , a geologist , and hiromitsu , a japanese businessman , play out a story of human inconsequence in the face of the blistering universe .",0
"along the way she must fend off the unwelcome advances of national tv talk-show host krystal ( with a k ) , her seedy pop svengali phil spectacle , and her enigmatic live-in sidekick dromedary girl ; as well as avoiding detection by natasha , the bewildered international spy with a penchant for inner monologues , who in turn may just bring reinalda's mysterious past back to haunt her one final time . . .",0
"she is married to henry bauford ( linus roache ) son of a wealthy british industrialist , when she encounters nick callahan ( clive owen ) a renegade doctor , whose impassioned plea for help to support his relief efforts in war-torn africa moves her deeply .",0
rachel is torn by her aversion to harper and her duty as an agent .,0
uneven performances and a spotty script add up to a biting satire that has no teeth .,1
"the movie is like a year late for tapping into our reality tv obsession , and even tardier for exploiting the novelty of the "" webcast . """,1
"[moore's] better at fingering problems than finding solutions . but though he only scratches the surface , at least he provides a strong itch to explore more .",1
"ruby falls in love and becomes impregnated by sandy , a xerox shop worker .",0
"based on a short story by bengali writer prafulla roy , the central idea developed by director dasgupta , tells the story of a girl , lati , whose mother rajani is a prostitute living and working in a brothel in rural india .",0
"it's an instant success for simon , he meets the delightful mia who immediately takes a liking to him .",0
"will probably stay in the shadow of its two older , more accessible qatsi siblings .",1
tsai ming-liang's ghosts are painfully aware of their not-being .,1
"though the controversial korean filmmaker's latest effort is not for all tastes , it offers gorgeous imagery , effective performances , and an increasingly unsettling sense of foreboding .",1
"sus problemas empiezan cuando bigardo , un presentador de televisi&#243 ; n con problemas de audiencia , decide convertirlo en un &#237 ; dolo de masas .",0
vince finally arrives at the cemetery the following day .,0
"the first half is a hilariously on-target send-up of "" barbarella "" -style flicks and the larger-than-life egos that propelled them , the second half is a ponderously self-absorbed meditation on the angst of a budding artiste .",1
"mo is beautiful but bald , mei has excessive body hair ( that somehow resulted from a sexual assault ) , hung has a large red birthmark on her face , and pao has abnormally small eyes .",0
"andersson creates a world that's at once surreal and disturbingly familiar ; absurd , yet tremendously sad .",1
"in 2001 some 20 , 000+ souls made a pilgrimage to the black rock desert to practice radical self-expression and self-reliance in a temporary , commerce-free community .",0
"the career of a disillusioned producer , who is desperate for a hit , is endangered when his star walks off the film set .",0
the feeling of each vision changes drastically as does the way the son looks and acts .,0
there's suspension of disbelief and then there's bad screenwriting . . . this film packs a wallop of the latter .,1
the respective charms of sandra bullock and hugh grant have worn threadbare .,1
the movie is obviously a labour of love so howard appears to have had free rein to be as pretentious as he wanted .,1
"she meets ian miller , a high school english teacher , wasp , and dreamboat she had made a fool of herself over at the restaurant ; they date secretly for a while before her family finds out .",0
"inside the film's conflict-powered plot there is a decent moral trying to get out , but it's not that , it's the tension that keeps you in your seat . affleck and jackson are good sparring partners .",1
"in this action-comedy , four twenty-something friends are looking for love and having no luck .",0
"a broad , melodramatic estrogen opera that's pretty toxic in its own right .",1
"hope keeps arising that the movie will live up to the apparent skills of its makers and the talents of its actors , but it doesn't .",1
"two american mafiosi , gino and settimo , take refuge in the glasgow cafe owned by their scottish/italian cousin .",0
"far from perfect , but its heart is in the right place . . . innocent and well-meaning .",1
"furthermore , he seeks to investigate and confront the powerful elite political and corporate interests fanning this culture for their own unscrupulous gain .",0
"her daughter siri , whom , in this way , she turns into her virtual twin , learns as a child that she is the world's first cloned human being .",0
"fresh out of prison , dara is on a mission to scatter her mother's ashes in lake superior .",0
"set in the early 1970's , this is the tale of a young man whose fiancee has been killed , but who finds himself falling for another woman even while he is still living with his fiancee's grieving parents and being drawn into the legal battle to bring her killer to justice .",0
she has been programmed to eliminate other cybernetic organisms .,0
but one day everything changes when a dog named lucky enters his life .,0
her plan is to control the information infrastructure of the world .,0
"regulus : the first nuclear missile submarine is a documentary about the navy's struggle , in the era immediately following wwii , to develop and deploy a submarine-launched nuclear missile .",0
". . . a light , yet engrossing piece . lux , now in her eighties , does a great combination act as narrator , jewish grandmother and subject  taking us through a film that is part biography , part entertainment and part history .",1
"retired nfl linebacker , "" terrible "" terry tate enforces the office rules at the felcher and sons' headquarters the only way he knows how : with bone-crushing tackles and hard-core trash-talk .",0
intent on exacting bloody revenge on the reunited english friends murray possesses the body of a guest and turns him into a murderer .,0
the big-screen scooby makes the silly original cartoon seem smart and well-crafted in comparison .,1
"taken seriously , it's not much to think about , but taken as a dirtier version of other girlie films . . . it's at least entertaining and sexy fun .",1
that a high-profile movie with big-name actors could inspire such philosophical reflection is impressive .,1
"a great ending doesn't make up for a weak movie , and crazy as hell doesn't even have a great ending .",1
frank and his sister caroline arrive in mystical attic town where the great syndicate is ruling and robbing the citizens .,0
". . . a visually seductive , unrepentantly trashy take on rice's second installment of her vampire chronicles .",1
"she wants his blessing to marry a man she loves , but he tells her that she must marry a man of his choosing , and that she must undergo female circumcision .",0
"the misery of these people becomes just another voyeuristic spectacle , to be consumed and forgotten .",1
"he also tries to cope with the recent death of his 6 year old son jacob , whose presence can still be felt in the house .",0
"a gorgeously strange movie , heaven is deeply concerned with morality , but it refuses to spell things out for viewers .",1
"one of the finest , most humane and important holocaust movies ever made .",1
"[fiji diver rusi vulakoro and the married couple howard and michelle hall] show us the world they love and make us love it , too .",1
"talk to her is not the perfect movie many have made it out to be , but it's still quite worth seeing .",1
"features nonsensical and laughable plotting , wooden performances , ineptly directed action sequences and some of the worst dialogue in recent memory .",1
she is really hiding her true emotional motivation behind a mask .,0
"in a revealing and often hilarious portrait , mary dispenses homespun wisdom while divulging family secrets and rivalries .",0
"it's too long , too repetitive , and takes way too many years to resolve to be a total winner .",1
"rio danisworo ( marcellius siahaan ) is a rigid "" all about business "" young profesional .",0
a final moment of panic ensues on the street as individuals rush to save themselves .,0
"elmo touts his drug as being 51 times stronger than coke . if you're looking for a tale of brits behaving badly , watch snatch again . it's 51 times better than this .",1
"life or something like it has its share of high points , but it misses too many opportunities .",1
this is an action movie with an action icon who's been all but decommissioned .,1
"he dwells in a world of external night--but the blackness is filled with sounds and scents , tastes and textures that most cannot perceive .",0
they are under the impression that models have more beauty than brains and are not capable of much more than looking good .,0
"the lion king was a roaring success when it was released eight years ago , but on imax it seems better , not just bigger .",1
"twenty years later , e . t . is still a cinematic touchstone .",1
"one senses in world traveler and in his earlier film that freundlich bears a grievous but obscure complaint against fathers , and circles it obsessively , without making contact .",1
"durval and his mother carmita live at the back of "" durval discos "" , a record store they own in s&#227 ; o paulo , specializing in vinyl records .",0
"pitted against steroid-taking competitors and the biggest sports-nutrition company in the world , he is up against odds and enemies who want to destroy him .",0
harland williams is so funny in drag he should consider permanent sex-reassignment .,1
"what a concept , what an idea , what a thrill ride . this is a more fascinating look at the future than "" bladerunner "" and one of the most high-concept sci fi adventures attempted for the screen .",1
life is not easy when you are called aksel and you're a danish kid who loves meatballs .,0
"real women may have many agendas , but it also will win you over , in a big way .",1
"as it stands , there's some fine sex onscreen , and some tense arguing , but not a whole lot more .",1
"o ótimo esforço do diretor acaba sendo frustrado pelo roteiro , que , depois de levar um bom tempo para colocar a trama em andamento , perde-se de vez a partir do instante em que os estranhos acontecimentos são explicados .",1
"it may not be art , but it's vastly more entertaining than anything coppola senior has done in far too long .",1
this masterfully calibrated psychological thriller thrives on its taut performances and creepy atmosphere even if the screenplay falls somewhat short .,1
""" growing hair "" is a perverse comedy about three , twenty-something friends coming to terms with their addictions that uses original , witty dialog to push a story of friendship between a gamer , a sarcastic gen . x'er , and a sexaholic .",0
"his darkly comic trip--shared by a deviant cast of characters , including his terminally bored , part-time lover sookie , his godfater's trophy mistress rachel , and smack-dealing performance artists russel--veers from bizarre to tragic in igby's ultimately noble attempt to keep himself from "" going down . "" igby goes down is a personal tale about a 17 year old misfit boy who copes with his mother's cancer and his father's insanity by pursuing relationships with older women .",0
he has to rescue them and save new york city from an imminent nuclear terrorist act .,0
"the nameless protagonist , a 19th-century french diplomat , guides the audience through a lost , sumptuous dream that was the enlightenment period .",0
"it may not be "" last tango in paris "" but . . .",1
"pan nalin's exposition is beautiful and mysterious , and the interviews that follow , with the practitioners of this ancient indian practice , are as subtle and as enigmatic .",1
"el toro&#180 ; s sons , cain and abel , were separated as boys because el toro predicted that cain would kill abel .",0
"grant is certainly amusing , but the very hollowness of the character he plays keeps him at arms length",1
what better message than 'love thyself' could young women of any size receive ?,1
"what makes blade 2 marginally better than blade , especially if you thought the first was a hollow spectacle ? it has a plot .",1
"armed with a rad '80s soundtrack and a winning cast ( including indie rocker liz phair ) , cherish is an ingenious low-budget thriller .",1
more entertaining than much of the big-studio schlock out there .,1
"this journey awakens in ben an erotic passion that dares to destroy his tidy world as he pursues an illicit love affair , not with the administrator's daughter , but with his wife , dori .",0
flaunts its quirky excesses like a new year's eve drunk sporting a paper party hat .,1
the sort of movie that gives tastelessness a bad rap .,1
the film's saving grace is the brilliant execution of its march numbers .,1
"it further declares its director , zhang yang of shower , as a boldly experimental , contemporary stylist with a bright future .",1
"full of profound , real-life moments that anyone can relate to , it deserves a wide audience .",1
this is a documentary about a woman from ghana who is reunited with her father after many years .,0
a decided lack of spontaneity in its execution and a dearth of real poignancy in its epiphanies .,1
"whaley's performance is earnest and often riveting , but he should have taken a few lessons from his peers at amateur night .",1
""" the mothman prophecies "" is a difficult film to shake from your conscience when night falls .",1
"but this murder investigation is drawing vincent home to long beach , the self-proclaimed city by the sea , where the past has been waiting for him to return .",0
"the heart of the film is the drop dead sexy drea de matteo who , as the mother and real head of the family , commands every scene .",1
"it takes this never-ending confusion and hatred , puts a human face on it , evokes shame among all who are party to it and even promotes understanding .",1
"what is unique about his secret life is that an assumption of intelligence , tolerance , and acceptance is already made , and thus the movie can focus on telling a compelling story .",1
"inside the breathtaking structure , they discover wondrous artifacts of an advanced , but long dead , civilization .",0
"roland enlists the aid of a dr . maud bailey , an expert on the life of the woman in question .",0
"' . . . both hokey and super-cool , and definitely not in a hurry , so sit back , relax and have a few laughs while the little ones get a fuzzy treat . '",1
i found myself more appreciative of what the director was trying to do than of what he had actually done .,1
"as a result of this unfortunate circumstance , ella cannot refuse any command , and is often left at the mercy of unscrupulous personalities .",0
"on their way to riker's and troi's honeymoon , the enterprise is sent near the neutral zone to romulan space , and picks up a prototypic twin of android data .",0
"the film sometimes flags . . . but there is enough secondary action to keep things moving along at a brisk , amusing pace .",1
"through it all , carlos comes to understand that if he is to make it as a comic artist , he must engage with the community he comes from , take that experience back out into the world , and put it in his work .",0
"this is pure , exciting moviemaking . you won't exactly know what's happening but you'll be blissfully exhausted .",1
"he accidentally discovers that the chinese mafia , the tong , is using his newly discovered ancient chinese artifacts to hide and smuggle narcotics across the border .",0
tsai convincingly paints a specifically urban sense of disassociation here .,1
"deliberately and devotedly constructed , far from heaven is too picture postcard perfect , too neat and new pin-like , too obviously a recreation to resonate .",1
"when his father , who owns a bodega in the heights , is shot in a burglary attempt , carlos is forced to put his dream on hold and run the store .",0
"cathy , a young and innocent freshman , had a crush on senior hunk , nick , the campus' basketball star .",0
a compelling motion picture that illustrates an american tragedy .,1
"after letting his screenwriting software sit on his shelf for three years , he finally has the big idea that inspires him to load screenwriter 4 . 0 and get writing .",0
"everywhere he goes he is plagued by cats and when by chance he meets carol on a lonely highway they must begin a journey , avoiding the mysterious private detective mr barlow and the terrifying inhuman creature jack , to uncover the dark truth to charlie's life .",0
"it looks closely , insightfully at fragile , complex relationships .",1
"a sham construct based on theory , sleight-of-hand , and ill-wrought hypothesis .",1
""" the ballad of bering strait "" is a cinema-verite film following seven russian teenagers who have come to america to become country music stars .",0
when he finds out she is gay he starts to do his homework .,0
automatically pegs itself for the straight-to-video sci-fi rental shelf .,1
"a well-done film of a self-reflexive , philosophical nature .",1
some guests join the family for a farewell-part for lena .,0
"her world changes when she meets courtenay , a compulsive liar who brags about the suicide note in her back pocket .",0
"their assignment : using equal parts skill and humor , catch arnold gundars , one of the world's most successful illegal arms dealers , and foil his treacherous plans for the plane .",0
"no one knows this better than 35-year-old vince , back in his hometown of van wert , ohio , after a 13-year absence .",0
neil burger here succeeded in . . . making the mystery of four decades back the springboard for a more immediate mystery in the present .,1
"it doesn't seem like it's following a fixed path to the finish . unlike so many movies , it feels alive .",1
"they have 3 weeks until the next full moon to find the madman , but an innocent blind woman has found him first . . .",0
overall tomfoolery like this is a matter of taste .,1
"after chance brings them together they create , 'searching for mr right . com , "" a web site to locate husbands for marie and liz .",0
"this isn't exactly profound cinema , but it's good-natured and sometimes quite funny .",1
"chaotic , self-indulgent and remarkably ugly to look at , it's . . . like a series of pretentiously awful student films strung together into one feature-length horror .",1
""" in life , we first organize large stones ( piedras ) such as love , friendship , family , and a career . """,0
"jacobi , the most fluent of actors , is given relatively dry material from nijinsky's writings to perform , and the visuals , even erotically frank ones , become dullingly repetitive .",1
"they discover that the one sho stole them is a rival of the criminal , while they go to every single one of his associates to find who has them .",0
the film's fly-on-the-wall technique succeeds in capturing the day-to-day existence of sister helen and the various residents of the home .,0
rarely has so much money delivered so little entertainment .,1
"maenwhile , amelia and father amaro have fallen in love and have begun a passionate sexual relationship .",0
"she spends her days catering to edgar's whims and fighting off lame advances from his taciturn partner in crime , flowers ( arie verveen ) .",0
in which property of drug kingpin &#38 ; porn groupie adel gharid nasrallah aka eddie nash were taken .,0
that haynes can both maintain and dismantle the facades that his genre and his character construct is a wonderous accomplishment of veracity and narrative grace .,1
"while broomfield's film doesn't capture the effect of these tragic deaths on hip-hop culture , it succeeds as a powerful look at a failure of our justice system .",1
"a sensitive , modest comic tragedy that works as both character study and symbolic examination of the huge economic changes sweeping modern china .",1
"the film contains no good jokes , no good scenes , barely a moment when carvey's saturday night live-honed mimicry rises above the level of embarrassment .",1
the movie provides an intimate glimpse of how sensibilities as compatible as oil and water forced themselves to blend and create a successful work despite their aesthetic differences .,1
no amount of nostalgia for carvey's glory days can disguise the fact that the new film is a lame kiddie flick and that carvey's considerable talents are wasted in it .,1
"the pianist [is] a supremely hopeful cautionary tale of war's madness remembered that we , today , can prevent its tragic waste of life . here is a divine monument to a single man's struggle to regain his life , his dignity and his music .",1
a counterfeit 1000 tomin bank note is passed in a bazaar .,0
"if you're not totally weirded- out by the notion of cinema as community-therapy spectacle , quitting hits home with disorienting force .",1
"the story is risen out of the conflicts between the white anglo-saxon "" natives "" and the irish immigrants coming into the five points .",0
it's jenny's wedding day - not a good day to realize you're not in love with the groom !,0
"they share their drugs and bodies , and beg or steal whatever they have to in order to get by .",0
"though constantly dreaming of a romantic love , he is not bold enough to make his dreams come true .",0
"solaris "" is a shapeless inconsequential move relying on the viewer to do most of the work .",1
"after he arrives , things seem to go smoothly at first , but eventually , life becomes very complicated for the young father as he spends more time in the community .",0
"chicago offers much colorful eye candy , including the spectacle of gere in his dancing shoes , hoofing and crooning with the best of them .",1
broomfield reveals an ironic manifestation of institutionalized slavery that ties a black-owned record label with a white-empowered police force .,1
"baaba andoh fled ghana in fear for her life , when her long-lost father tried to force her to undergo female genital mutilation .",0
"including finding the anti-christ , who is now a 11-year-old boy .",0
"bruce nolan ( carrey ) , a television reporter in buffalo , n . y . , is discontented with almost everything in life despite his popularity and the love of his girlfriend , grace ( aniston ) .",0
. . . there is enough originality in 'life' to distance it from the pack of paint-by-number romantic comedies that so often end up on cinema screens .,1
the angel has already gotten to her and taken her into hiding .,0
a friendly vacation for four old friends - two couples from college - turns ugly . . . then,0
its adult themes of familial separation and societal betrayal are head and shoulders above much of the director's previous popcorn work .,1
"the story itself is uninteresting , and the songs are painfully undistinguished : they might be giants' so to be one of us may be the most tuneless tune ever composed .",1
"the joy has gone out of phil's and penny's life , but when an unexpected tragedy occurs , they are brought together to rediscover their love .",0
"straightforward and old-fashioned in the best possible senses of both those words , possession is a movie that puts itself squarely in the service of the lovers who inhabit it .",1
daily prison life is not drab but full of unexpected happenings like a story .,0
. . . you can be forgiven for realizing that you've spent the past 20 minutes looking at your watch and waiting for frida to just die already .,1
any film featuring young children threatened by a terrorist bomb can no longer pass as mere entertainment .,1
"a splendid entertainment , young in spirit but accomplished in all aspects with the fullness of spirit and sense of ease that comes only with experience .",1
"a reminder that beyond all the hype and recent digital glitz , spielberg knows how to tell us about people .",1
54 high school girls throw themselves in front of a subway train .,0
this bold and lyrical first feature from raja amari expands the pat notion that middle-aged women just wanna have fun into a rousing treatise of sensual empowerment .,1
"max , a self-declared sugarholic , might be just what stan needs , and he , the answer to her addictions .",0
"on the day a young photographer is moving out of his place to live with his girlfriend , he meets the stunning girl moving in and falls in love with her at first sight .",0
"morvern callar confirms lynne ramsay as an important , original talent in international cinema .",1
"steven merritt , a research obsessed writer is mistaken for being gay by rebecca , a young veterinarian assistant .",0
"a take on the classic tale 'the boy who cried wolf' , 'big fat liar' is about a 14-year-old boy named jason shephard ( frankie muniz ) who lies for the fun of it .",0
"forced with the ultimatum , keith launches himself on a day of reclamation .",0
"not a film to rival to live , but a fine little amuse-bouche to keep your appetite whetted .",1
"[næs] directed the stage version of elling , and gets fine performances from his two leads who originated the characters on stage .",1
offers a gentle summer fantasy for both grown-ups and little ones .,1
a moving love story and thought-provoking drama about a young catholic nurse who secretly falls in love with a terminally-ill boy in the proper world of 1957 .,0
"though in some ways similar to catherine breillat's fat girl , rain is the far superior film .",1
jaglom . . . put[s] the audience in the privileged position of eavesdropping on his characters,1
"this is human comedy at its most amusing , interesting and confirming .",1
"tiz's best friend mel is a veteran of the "" drug game "" and has spent some part of every year in prison since he was twelve .",0
"the video work is so grainy and rough , so dependent on being 'naturalistic' rather than carefully lit and set up , that it's exhausting to watch .",1
"styled after vh1's "" behind the music , "" this mockumentary profiles the rise and fall of an internet startup , called icevan . com .",0
r xmas offers a poetic and profane ambiguity that's vintage ferrara .,1
"an unflinching , complex portrait of a modern israel that is rarely seen on-screen .",1
"juwanna mann follows the story of jamal jeffries ( miguel a . nunez , jr . ) , the reigning 'bad boy' of basketball , whose undisciplined on-court antics land him out of the league and without any prospects .",0
"but all efforts are suddenly frustrated once again , when choi takes his own life .",0
"toledo arrives home and has a long conversation with ana , who constantly manifests a ridiculous desire of 'going out for a drink' .",0
"this is the dark , moody tale of a neglected housewife who discovers she can escape her loneliness and recover a sense of interaction with her husband by having conversations with him . . .",0
"not a cozy or ingratiating work , but it's challenging , sometimes clever , and always interesting , and those are reasons enough to see it .",1
"static , repetitive , muddy and blurry , hey arnold ! would seem to have a lock on the title of ugliest movie of the year .",1
"a great looking , trippy adventure . i can't wait for the next one .",1
"in flashbacks that parallel his investigation , we see alicia , a scholarship girl worried about her grades , gradually pulled into the social life of three rich and amoral young women , led by the blond hadley , a femme fatale .",0
"the actors are simply too good , and the story too intriguing , for technical flaws to get in the way .",1
"wilco fans will have a great time , and the movie should win the band a few new converts , too .",1
but sometimes what we teach our children can be as deadly as not teaching them .,0
"at the end a 50-foot high , neon-lit , wooden effigy is burned , igniting a wild , tribal , all-night celebration .",0
"after two years seperated , they are mysteriously joined together to solve a case on spooky island .",0
with exquisite craftsmanship . . . olivier assayas has fashioned an absorbing look at provincial bourgeois french society .,1
"dreary , highly annoying . . . 'some body' will appeal to no one .",1
he feels he is only an instrument of their greed .,0
"gradually , will and marcus become friends , and as will teaches marcus how to be a cool kid , marcus helps will to finally grow up .",0
"the teen liar then has to match wits with wolf , who also turns out to be a big liar .",0
philippa is arrested and questioned about her ( supposedly terroristic ) motives .,0
"fifteen year old taraneh , whose widowed father is in jail , refuses the unwanted attentions of carpet salesman amir - until amir's mother talks taraneh into accepting amir's marriage proposal .",0
the man who kidnapped his daughter is also doing what he can to find them .,0
"a "" home alone "" film that is staged like "" rosemary's baby , "" but is not as well-conceived as either of those films .",1
"while finding his wheelchair bound mother franticly searching in the garden for cigarettes , paul wrestles with the idea of stopping her or allowing her to indulge in her one great pleasure .",0
"attal's hang-ups surrounding infidelity are so old-fashioned and , dare i say , outdated , it's a wonder that he couldn't have brought something fresher to the proceedings simply by accident .",1
"but the hired "" kidnappers "" turn out to be ex-cons with a plan of their own , and the extreme date escalates out of control .",0
not a bad way to spend a couple of hours .,1
he's your standard adrenaline junkie with no fear and a lousy attitude .,0
"like all abstract art , the film does not make this statement in an easily accessible way , and -- unless prewarned -- it would be very possible for a reasonably intelligent person to sit through its tidal wave of imagery and not get this vision at all .",1
"quick pace , no lulls , many silly bits and a soundtrack that knows how to back this kind of satirical comedy",1
he must do this in secret so that the parents and school personnel know nothing of his plan .,0
"clayton is then given a special assignment , to root out a suspected mole that has infiltrated the agency .",0
"salvagers discover the antonia graza , an italian luxury liner with a dark secret .",0
a group of british students enbark on summoning spirits on a ouija board after a night of clubbing .,0
"as david letterman and the onion have proven , the worst of tragedies can be fertile sources of humor , but lawrence has only a fleeting grasp of how to develop them .",1
"worth seeing once , but its charm quickly fades .",1
"shanghai ghetto may not be as dramatic as roman polanski's the pianist , but its compassionate spirit soars every bit as high .",1
"he was married to former adult star <a href= "" /name ? holmes , %20laurie "" >laurie",0
her father is livid over her dating a non-greek .,0
aida ( yvette freemen ) is the overworked er nurse treating frankie's fractures .,0
"waydowntown is by no means a perfect film , but its boasts a huge charm factor and smacks of originality .",1
". . . perhaps the heaviest , most joyless movie ever made about giant dragons taking over the world .",1
"seven years later , alan is given a second chance , a reunion with tommy and the opportunity to set things right .",0
"it is the sheer , selfish , wound-licking , bar-scrapping doggedness of leon's struggle to face and transmute his demons that makes the movie a spirited and touching occasion , despite its patchy construction .",1
"worthless , from its pseudo-rock-video opening to the idiocy of its last frames .",1
tough detective mike reilly collaborates with department of health associate terry huston to research these mysterious deaths .,0
"he is a cop , and chances are he's going to make some trouble for vince too .",0
there's not a comedic moment in this romantic comedy .,1
"unfortunately , he no longer has the 10 million won required for the hospital to perform the operation .",0
in fact a blueprint : a blueprint of her mother .,0
this rough but extraordinary film presents a haunting picture of life in kurdistan .,1
"you really have to salute writer-director haneke ( he adapted elfriede jelinek's novel ) for making a film that isn't nearly as graphic but much more powerful , brutally shocking and difficult to watch .",1
"if divine secrets of the ya-ya sisterhood suffers from a ploddingly melodramatic structure , it comes to life in the performances .",1
an abused woman ( lopez ) discovers that the dream man ( campbell ) she married wasn't whom she thought he was .,0
"if there was a flu shot for the blues , it might come in the form of this embraceable ode to loneliness and love regained .",1
"this is a finely written , superbly acted offbeat thriller .",1
"but with betts systematically eliminating anyone in his way , a further web of conspiracy unfolds and rachel and daniel are led to her old family doctor , robert barrum ( frank finlay ) .",0
"the animation and game phenomenon that peaked about three years ago is actually dying a slow death , if the poor quality of pokemon 4 ever is any indication .",1
bob dobalina is an award-winning copywriter who really wants to be a screenwriter .,0
"pumpkin takes an admirable look at the hypocrisy of political correctness , but it does so with such an uneven tone that you never know when humor ends and tragedy begins .",1
"if the man from elysian fields is doomed by its smallness , it is also elevated by it--the kind of movie that you enjoy more because you're one of the lucky few who sought it out .",1
"were dylan thomas alive to witness first-time director ethan hawke's strained chelsea walls , he might have been tempted to change his landmark poem to , 'do not go gentle into that good theatre . '",1
"a soggy , shapeless mess . . . just a dumb excuse for a waterlogged equivalent of a haunted-house movie .",1
"imamura's delight in the infinite oddity of men and women is goofy ; it's also , at heart , reverent .",1
"voyeurism is the order all around , as those who watch for pleasure and those paid to watch get more than bargained for when the operation&#237 ; s delicate balance of power is skewed by rebellion .",0
"in the not-too-distant future , movies like ghost ship will be used as analgesic balm for overstimulated minds . right now , they're merely signposts marking the slow , lingering death of imagination .",1
takes us on a journey toward self-awareness that is both deadpan hilarious and profoundly moving .,1
so putrid it is not worth the price of the match that should be used to burn every print of the film .,1
"known in english at festivals as "" weightwatch , "" this title captures the essence of the film .",0
"vikrant wrongly implicates guru gulab in a very serious crime , which forces him to flee out of the india .",0
"for a debut film , skin of man , heart of beast feels unusually assured .",1
"once there , she makes friends with bombastic bobbie markowe .",0
""" cold mountain "" tells the story of a wounded confederate soldier named inman ( jude law ) who struggles on a perilous journey to get back home to cold mountain , n . c . as well as to ada ( nicole kidman ) , the woman he left behind before going off to fight in the civil war .",0
but even with the two-wrongs-make-a-right chemistry between jolie and burns . . . this otherwise appealing picture loses its soul to screenwriting for dummies conformity .,1
. . . there are enough moments of heartbreaking honesty to keep one glued to the screen .,1
"mike leigh mainstay timothy spall deftly shades in the designated goner , fellow still crazy alum bill nighy is sweetly wispy as the capable fop , and anger-management counselor olivia williams trembles pleasantly as usual .",1
"it's all very cute , though not terribly funny if you're more than six years old .",1
the imax screen enhances the personal touch of manual animation .,1
"set in hollywood , "" coming clean "" is a 12 character ensemble romantic comedy about an engagement party gone wrong .",0
and finds himself in the middle of two assassination plots masterminded by the cia .,0
"an endlessly fascinating , landmark movie that is as bold as anything the cinema has seen in years .",1
". . . there's a choppy , surface-effect feeling to the whole enterprise .",1
will taco chick and salsa girl assist superfag in defeating this evil menace ?,0
"it has something of the aura of four weddings and a funeral about it , mixed in with a bit of bridget jones's diary , but the movie's just too different , too risky for huge popularity .",1
the plot convolutions ultimately add up to nothing more than jerking the audience's chain .,1
the movie's progression into rambling incoherence gives new meaning to the phrase 'fatal script error . ',1
unhappy father of a draining family he has no controls whatsoever over his life .,0
"with few tools for an escape , dave instead happens upon a tempestuous beauty in a laundromat named ruby .",0
". . . a b-movie-and-proud-of-it thrill ride , probably the best of its kind since tremors .",1
"on the heels of the ring comes a similarly morose and humorless horror movie that , although flawed , is to be commended for its straight-ahead approach to creepiness .",1
the cast is so low-wattage that none of the characters comes off as big . . . and the setting remains indistinct .,1
"except for paymer as the boss who ultimately expresses empathy for bartleby's pain , the performances are so stylized as to be drained of human emotion .",1
"friday after next takes place back in the hood during the christmas season , craig and day-day are now living in a rundown apartment .",0
"one of the more irritating cartoons you will see this , or any , year .",1
there are two distinct paths in life good vs . evil .,0
"lucy tries to forget about tracy , and continue her friendship with dante , leaving the affair behind , but to no avail when she discovers she is pregnant .",0
a little objectivity could have gone a long way .,1
a little girl's search for her biological mother who had abandoned her as a new born baby is brought out poignantly in 'kannathil muthamittal' .,0
"sluggishly directed by episodic tv veteran joe zwick , it's a sitcom without the snap-crackle .",1
"one of the most plain , unimaginative romantic comedies i've ever seen .",1
"as he spirals into a series of hallucinations , the line between his sister's death and ellen's disappearance blurs .",0
"mile zero is a story about a father with a remarkable capacity to love , but who lets fear and desperation rule his actions .",0
"the film creates an effective sense of time and place , though sheridan is not above hitting us over the head with obvious stylistic contrivances .",1
"not only is his business booming , he is also hired by the governor to kill another inmate in return for an early release .",0
"through his grandmother's boundless patience and devotion , he learns to embrace empathy , humility and the importance of family .",0
"the story revolves around lucy kelson ( bullock ) , a brilliant but neurotic attorney , and her client ( grant ) , who is "" charming , irresponsible and fabulously wealthy . """,0
"cannon's confidence and laid-back good spirits are , with the drumming routines , among the film's saving graces .",1
the combination of lightness and strictness in this instance gives italian for beginners an amiable aimlessness that keeps it from seeming predictably formulaic .,1
one monday a pretty girl gets on the bus and sits in front of him .,0
light years/ several warp speeds/ levels and levels of dilithium crystals better than the pitiful insurrection . which isn't to say that it's the equal of some of its predecessors .,1
"but when those worlds collide , taking the lives of his wife and younger son , sullivan and his surviving son , michael jr . , leave their sedate home life behind and embark on a startling journey of revenge .",0
"[russell] makes good b movies ( the mask , the blob ) , and the scorpion king more than ably meets those standards .",1
""" frida "" chronicles the life frida kahlo ( salma hayek ) shared unflichingly and openly with diego rivera ( alfred molina ) , as the young couple took the art world by storm .",0
"insomnia is one of the year's best films and pacino gives one of his most daring , and complicated , performances .",1
no way i can believe this load of junk .,1
"japanese animation - or 'anime' for those in the know - boasts one of the fastest growing fan bases in the entertainment industry , as evidenced by returns in the neighborhood of $65 million per year .",0
"soon , annie's condition helps leoncio's children realize the essence of a family .",0
they are then late for the train and have to ride it to school .,0
these four queens became germany's most popular drag performers and have been busy fertilizing the german cultural scene .,0
the film starts in 1846 and ends in 1863 with the draft riots .,0
it is the height of the festive holiday season and merry shoppers have begun their yearly pilgrimages to their local malls .,0
a film that loses sight of its own story .,1
"the visionary quest begins on the operating table , where a surgeon grafts a prototype ocular implant into his eye socket .",0
"as a tearjerker this works pretty well , though long before it gets to work on your tear ducts , it starts to eat away at your nerves .",1
"also , anthony is black and victoria is white , which doesn't sit well with michael , anthony's best friend since childhood and a surrogate older brother .",0
"an invaluable historical document thanks to the filmmaker's extraordinary access to massoud , whose charm , cultivation and devotion to his people are readily apparent .",1
now they must run for their lives as the deluge strikes with full force at the heart of their private world .,0
spy kids 2 also happens to be that rarity among sequels : it actually improves upon the original hit movie .,1
"before the gang returns , jack and erin's connection intensifies and who ends up with the money is anyone's guess .",0
"the connected stories of breitbart and hanussen are actually fascinating , but the filmmaking in invincible is such that the movie does not do them justice .",1
"the movie has no respect for laws , political correctness or common decency , but it displays something more important : respect for its flawed , crazy people .",1
dead bodies are being found in the new york harbor .,0
"when taraneh discovers she is pregnant she decides against all advice and intense social pressure , to keep the baby .",0
along the way he picks up a pastor who desires to learn the deeper things of god .,0
rudy yellowshirt is an investigator with the police department and witnesses firsthand the painful legacy of indian existence .,0
"when images of nicholas's absent father start to appear to him , the boy is understandably frightened .",0
"a documentary about the intellectual pacifist progressive president woodrow wilson , showing his place in history as the president who oversaw america's transformation into a singular global power , but also his failed quest for world peace , due to his poor physical stamina and political dexterity .",0
"harnessing the explosive momentum of the internet , anime heralds a revolution in 21st century youth culture .",0
"we've seen the hippie-turned-yuppie plot before , but there's an enthusiastic charm in <i ? fire that makes the formula fresh again .",1
"with her birthday fast approaching , she must decide whether or not to keep the promise she made to herself over a decade earlier : quit the music business at 40 if she hasn't made it by then .",0
"the story is derived from the myth of yavakri , which is a part of the great indian epic , the mahabharata .",0
"the next day , cac&#225 ; is attacked by two street kids who wanted some money , and thinks pqd is somehow involved .",0
"about a boy vividly recalls the cary grant of room for one more , houseboat and father goose in its affectionate depiction of the gentle war between a reluctant , irresponsible man and the kid who latches onto him .",1
"any chekhov is better than no chekhov , but it would be a shame if this was your introduction to one of the greatest plays of the last 100 years .",1
"the rookie feels like baseball itself : sort of boring , sort of stately , yet possessed of an ineffable poetry that speaks to the young heart of old men and their sons .",1
it's an exhilarating blast that makes good use of the large-format screen .,1
"a painting brought to life , the tracker is an enigmatic visual essay set on a vast australian landscape .",1
ben has a way of making trouble for julie .,0
"a spirit is haunting sanjana , while aditya is hiding a secret that could steer him from life to death .",0
the gags that fly at such a furiously funny pace that the only rip off that we were aware of was the one we felt when the movie ended so damned soon .,1
"despite its shortcomings , girls can't swim represents an engaging and intimate first feature by a talented director to watch , and it's a worthy entry in the french coming-of-age genre .",1
"indeed , it appears that all of his advances go unnoticed on this lovely but embittered singled mom .",0
"overly stylized with lots of flash black-&-white freeze frames reminiscent of a pseudo-hip luxury car commercial , ( it's ) at its worst when it's actually inside the ring .",1
""" it's amazing how one small thing can set off such an interesting chain of events . """,0
"the huskies are beautiful , the border collie is funny and the overall feeling is genial and decent .",1
archeology professor robert burns is on location leading an important dig in the ancient ruins on the far eastern chinese border .,0
"they all collide during the course of a typical no thrills weekend an urban fairy tale-romantic comedy , in which nola , an aspiring songwriter , leaves an abusive kansas home and journeys to new york to find her biological father .",0
what's so striking about jolie's performance is that she never lets her character become a caricature -- not even with that radioactive hair .,1
this is the film training day wanted to be .,1
a wealthy american quaker woman rebels and marries a french baron for love .,0
carol miller is a psychologist with a dark secret .,0
it's a celebration of self-confidence and a slap in the face of a society that cherises impossibly unnatural physical perfection .,1
"a thoroughly awful movie--dumb , narratively chaotic , visually sloppy . . . a weird amalgam of 'the thing' and a geriatric 'scream . '",1
wins my vote for 'the 2002 enemy of cinema' award .,1
what might have emerged as hilarious lunacy in the hands of woody allen or mel brooks ( at least during their '70s heyday ) comes across as lame and sophomoric in this debut indie feature .,1
"both flawed and delayed , martin scorcese's gangs of new york still emerges as his most vital work since goodfellas .",1
"the inhospitability of the land emphasizes the spare precision of the narratives and helps to give them an atavistic power , as if they were tales that had been handed down since the beginning of time .",1
"when a depressed marketing executive goes to a psychiatrist for help , he discovers the doctor is crazier than he is .",0
"winds up being both revelatory and narcissistic , achieving some honest insight into relationships that most high-concept films candy-coat with pat storylines , precious circumstances and beautiful stars .",1
a cogent yet hilarious indictment of our soul-destroying urban existence .,1
a mess when it comes to the characters and writing . . . but works its way underneath the skin like few movies have in recent memory .,1
"if no one singles out any of these performances as award-worthy , it's only because we would expect nothing less from this bunch .",1
the story drifts so inexorably into cliches about tortured ( and torturing ) artists and consuming but impossible love that you can't help but become more disappointed as each overwrought new sequence plods on .,1
"by candidly detailing the politics involved in the creation of an extraordinary piece of music , [jones] calls our attention to the inherent conflict between commerce and creativity .",1
exudes the fizz of a busby berkeley musical and the visceral excitement of a sports extravaganza .,1
"the movie's ultimate point -- that everyone should be themselves -- is trite , but the screenwriter and director michel gondry restate it to the point of ridiculousness .",1
soderbergh skims the fat from the 1972 film . what's left is a rich stew of longing .,1
"despite the predictable parent vs . child coming-of-age theme , first-class , natural acting and a look at "" the real americans "" make this a charmer .",1
there's plenty to enjoy -- in no small part thanks to lau .,1
"living in a hidden illegal migrant camp in southern california with her brother and sister , evelia becomes a witness to murder involving international spies .",0
the story starts with a bit more in depth on the court house scene which ended the last film .,0
"as broad and cartoonish as the screenplay is , there is an accuracy of observation in the work of the director , frank novak , that keeps the film grounded in an undeniable social realism .",1
"and in wicker park ( chicago's answer to greenwich village ) , rachel is about to meet her cosmic match .",0
will certainly appeal to asian cult cinema fans and asiaphiles interested to see what all the fuss is about .,1
"he resurfaces as a hired snoop for , earth now , a radical ecology group .",0
"a baffling misfire , and possibly the weakest movie [woody allen] has made in the last twenty years .",1
in the near future a young biker leaves his crumbling life in rural ireland to join a strange 'metal circus' as it tours the cities of europe .,0
amazing ? not quite . but this film sure is lovely .,1
"mother and daughter hide in the "" panic room , "" a secret room designed for just such a purpose , but still end up fighting for their lives . . .",0
"families are leaving their homes , people on the street are carrying personal possessions , and all actions become colored by an increasing tension in the community .",0
"the film is divided into three stories , each associated with one of the three main ideologies of the 20th century : fascism , communism &#38 ; liberalism .",0
"learn about competitions such as k- ! , the world's most popular martial arts competition .",0
"jonah loves his job , until the day comes when he has to deliver a message to the people of nineveh .",0
"sure , there are flaws , but the moments that do things properly see the screen burst with confidence , rhythm , heat and pizzazz .",1
atlantic city serenade is about the price we pay for the choices we make in the quest for power over our own inner demons .,0
he talks in her voice at the dinner table and wears her fur coat to bed .,0
"ao sair do cinema , eu estava feliz e com saudades de um tempo em que , para mim , a existência de papai noel era um fato inquestionável .",1
the cia wants the twin to finish a project his brother was working on .,0
"highlighted by a gritty style and an excellent cast , it's better than one might expect when you look at the list of movies starring ice-t in a major role .",1
pray's film works well and will appeal even to those who aren't too familiar with turntablism .,1
"passionada is the story of three generations of portuguese women in the fishing community of new bedford , ma .",0
the plan to make enough into an inspiring tale of survival wrapped in the heart-pounding suspense of a stylish psychological thriller' has flopped as surely as a soufflé gone wrong .,1
"the double wedding on valentine's day arrives in a flurry of yelling , confessions and proposals .",0
this is a movie that made me smile for two hours straight .,1
"produced by 20th century fox , ice age falls short of classic status . but it's one of the best such features not to wear the disney or dreamworks banner .",1
"after leoncio's death , robert feels terribly sorry for annie especially when he discovers that she is suffering from schizophrenia .",0
"the artist lives alone in a foreboding old house in the country , a place of solitude , free from distractions .",0
[villeneuve] seems to realize intuitively that even morality is reduced to an option by the ultimate mysteries of life and death .,1
this examination of aquatic life off the shores of the baja california peninsula of mexico offers an engrossing way to demonstrate the virtues of the imax format .,1
"it's hard to care about a film that proposes as epic tragedy the plight of a callow rich boy who is forced to choose between his beautiful , self-satisfied 22-year-old girlfriend and an equally beautiful , self-satisfied 18-year-old mistress .",1
"despite dire warnings from his uncle , dean is seduced by the book's knowledge .",0
peter pan's quest to return jane safely home is jeopardized until she can begin to believe in the magic of imagination .,0
"even these tales of just seven children seem at times too many , although in reality they are not enough . every child's story is what matters . this film can only point the way -- but thank goodness for this signpost .",1
"however , they must ge the migt baby product done before they can settle their personal affairs .",0
"she - pert , forward , a ball of fire - has just thrown her mobile away after an angry tete-a-tete with her ( ex- ) boyfriend .",0
"a very proactive enviromental story about the power of the world , and how it must change .",0
"by occasion , the family plays a bizarre game : when someone rings a bell , everyone has to undress as quikly as possible , dive in the swimming pool , and grab the wooden fish in the pool .",0
. . . too sappy for its own good .,1
a shrewd and splendidly volatile b movie structured around a highly original gambit of suspense .,1
jordan must decide if simon's answers are good or evil as the paths become intertwined &#38 ; the lives of the four friends are jeopardized as one falls victim to cociety's views and the other three bond together to carry out a friends promise .,0
maggie finds that life can take many unexpected turns as she discovers mateo has risked a dangerous trip at sea and he has made it to miami .,0
the story alone could force you to scratch a hole in your head .,1
"a punch line without a premise , a joke built entirely from musty memories of half-dimensional characters .",1
"a comedy about bending the rules to reach your goal , bend it like beckham explores the world of women's football , from kick-abouts in the park to freekicks in the final .",0
often moving and explores the discomfort inherent in the contacts between the american 'hosts' and their 'guests . ',1
national lampoon's van wilder was better than we expected ; a 'not a total waste of money' kind of dateflick for those just hitting pre-collegiate years .,1
"however , when a search sets in , the people of dogville demand a better deal in exchange for the risk of harbouring poor grace and she learns the hard way that in this town , goodness is relative .",0
"surrounded by a bevy of adoring but completely wrong for her men ( and one dead girl from manchester ) , chance has to pick her way through her messy life in order to figure out which guy is "" it "" .",0
"the only upside to all of this unpleasantness is , given its labor day weekend upload , feardotcom should log a minimal number of hits .",1
"death to smoochy tells a moldy-oldie , not-nearly -as-nasty -as-it- thinks-it-is joke . over and over again .",1
he is extremely strict at work and believes in pushing his workers to the limit .,0
"instead he hides out in a cave on goose creek , waging guerilla warfare against expansionism and the destruction of historic property with the help of his family , friends , and neighbors . . .",0
the galactic republic finds itself at the brink of a civil war .,0
but convincing his lifelong friend is just the beginning .,0
"a retired army colonel and veteran of three wars , rescorla was killed in the september 11 , 2001 attack on the world trade center , during which he saved the lives of thousands of wtc employees at the cost of his own life .",0
barry egan ( adam sandler ) is a small business owner with seven sisters whose abuse has kept him alone and unable to fall in love .,0
"this unlikely pairing proves the rule that in love , there are no rules and the couple meet and fall deeply in love at first sight .",0
"the decision gets complicated when old secrets , false hope , and personal tragedies threaten to break up the band .",0
"an account of screenwriter charlie kaufman's ( cage ) attempt to adapt susan orlean's ( streep ) non-fiction book the orchid thief , which is the story of john laroche ( cooper ) , a plant dealer who clones rare orchids then sells them to collectors .",0
max and his men torture jose and threaten to kill him if he doesn't turn it over .,0
divan follows the filmmaker's effort to retrieve a turn-of-the-century family heir loom - a couch .,0
"making use of homemade steel helmets and chest plates to stop bullets , they committed a series of robberies from 1878-80 , when kelly was captured and hanged in melbourne .",0
"as reality bleeds into hallucination , rothko decides to take the man for a walk . . .",0
"trying to avoid jail time from credit card fraud , price ( patrick mcknight ) , at the advice of his cousin , hides out at a college fraternity .",0
"soledad , the desert artist who accompanies hilary home , hopes this trip will be the start of their new life together .",0
"yeah , she's been hanging with some pretty freaky people and she's tired of their crazy scene and wants out .",0
""" washington heights "" tells the story of carlos ramirez , a young illustrator burning to escape the latino neighborhood of the same name to make a splash in new york city's commercial downtown comic book scene .",0
provides a very moving and revelatory footnote to the holocaust .,1
exhibits the shallow sensationalism characteristic of soap opera . . . more salacious telenovela than serious drama .,1
"after a long inventory of break-up mishaps , nick enlists the help of his best friend to plan the perfect escape from his overbearing girlfriend .",0
nothing but an episode of smackdown ! in period costume and with a bigger budget .,1
"when a cia agent is killed during a nuclear arms purchase , his partner oakes ( anthony hopkins ) , recruits his twin brother , jake hayes ( chris rock ) .",0
"in the streets of east los angeles , manny is a formidable drug dealer .",0
successful filmmakers were asked how they balanced a family and a career .,0
"bravely explores the psychic damage inflicted on jean-luc by a withholding , then absent parent .",1
. . . little more than a well-acted television melodrama shot for the big screen .,1
what blood work lacks in speed and surprise it almost makes up for in doughty professionalism .,1
". . . works within its own pensive and penetrating element . caustic and jaunty , gangster no . 1 is a cynical sideshow that dismisses the notion that crime does not always pay .",1
"her father ( bill nighy ) is desperate to repeat the spectacular success of his first novel , but hasn't written a word for 12 years ; her exquisite sister rose ( rose byrne ) can only rail against their fate , and their bohemian step-mother topaz ( tara fitzgerald ) is a nudist and no help at all .",0
"but the day he does , he pulls one last detention duty with the toughest kids in the school .",0
"this insightful , oscar-nominated documentary , in which children on both sides of the ever-escalating conflict have their say away from watchful parental eyes , gives peace yet another chance .",1
"an affable but undernourished romantic comedy that fails to match the freshness of the actress-producer and writer's previous collaboration , miss congeniality .",1
it's a very tasteful rock and roll movie . you could put it on a coffee table anywhere .,1
"lacking gravitas , macdowell is a placeholder for grief , and ergo this sloppy drama is an empty vessel . leave these flowers unpicked -- they're dead on the vine .",1
he decides to play along in order to do research for his floundering novel .,0
it gets bogged down by hit-and-miss topical humour before getting to the truly good stuff .,1
eleven year old david wiseman is mad about cricket but no good at it .,0
"for the next 2 1/2 years , these outrageous drag performers created 20 shows with titles like "" a crab on uranus means you're loved "" and "" tinsel tarts in a hot coma , "" and were featured in four underground films .",0
there is a difference between movies with the courage to go over the top and movies that don't care about being stupid,1
"with edgaar's faithful servant , elmendorf , george sets out .",0
it's not difficult to spot the culprit early-on in this predictable thriller .,1
"lazy , miserable and smug . this is one of the biggest disappointments of the year .",1
this version does justice both to stevenson and to the sci-fi genre .,1
a historical epic with the courage of its convictions about both scope and detail .,1
"the appearance of treebeard and gollum's expanded role will either have you loving what you're seeing , or rolling your eyes . i loved it ! gollum's 'performance' is incredible !",1
effectively feeds our senses with the chilling sights and sounds from within the camp to create a completely numbing experience .,1
viewers of barney's crushingly self-indulgent spectacle will see nothing in it to match the ordeal of sitting through it .,1
"a kilted jackson is an unsettling sight , and indicative of his , if you will , out-of-kilter character , who rambles aimlessly through ill-conceived action pieces .",1
"there is no substitute for on-screen chemistry , and when friel pulls the strings that make williams sink into melancholia , the reaction in williams is as visceral as a gut punch .",1
"the film is surprisingly well-directed by brett ratner , who keeps things moving well -- at least until the problematic third act .",1
it's easy for a filmmaker to blow up the world -- but what shyamalan does is much riskier . he tries to blow our minds .,1
"perceptive in its vision of nascent industrialized world politics as a new art form , but far too clunky , didactic and saddled with scenes that seem simply an ill fit for this movie .",1
"director ferzan ozpetek creates an interesting dynamic with the members of this group , who live in the same apartment building . but he loses his focus when he concentrates on any single person .",1
". . . with "" the bourne identity "" we return to the more traditional action genre .",1
"but craig wants to be boyfriends , while gary has other issues .",0
"in this film , we meet the new pok&#233 ; mon , celebi , who has the power to travel through time .",0
"taylor williams iii , a wealthy seventeen year old meets his dream "" lavender "" girl ( mandi carson , who comes from a lower-middle class ) for the very first time at mr . dodson's business education class at seaport-greene high school .",0
"a modestly comic , modestly action-oriented world war ii adventure that , in terms of authenticity , is one of those films that requires the enemy to never shoot straight .",1
"hoping to capitalize on the tragedy , the agent plans to unlock the secrets left behind in the scattered ashes .",0
""" so you don't mind that you missed woodstock ? "" he asks a reluctant eric .",0
"a look into the underground world of bruce haack , a genius who's past work continues to garner recognition with time .",0
"i liked the movie , but i know i would have liked it more if it had just gone that one step further . i'm left slightly disappointed that it didn't .",1
"rousing throwback and up-to-the-minute satire , chicago puts the "" all "" in all that jazz .",1
"it's not that waiting for happiness is a bad film , because it isn't . it's just incredibly dull .",1
"shot on location in atlanta , a group of young , hungry and diversely talented performers struggles to find the promised land of a record deal .",0
"but he's neglecting his work , carping at his mom , and behaving badly toward his loyal friend bobbi .",0
"that same day , gunmen take over the high school - using it to hide $300 million worth of cocaine they've hijacked .",0
"ratliff speaks the truth about these pentecostal extremists with fairness and compassion , while the well-intentioned churchgoers shout only semi-truths in a frightfully un-christlike fashion .",1
"a dark , quirky road movie that constantly defies expectation .",1
the balkans provide the obstacle course for the love of a good woman .,1
dealing with the aftermath of the 'accident' brings out the best and the worst in them .,0
he confesses to committing a series of particularly horrifying murders of exclusively female victims .,0
but will's drive for the brass ring hits a last-minute obstacle when his mistress suddenly vanishes - with the capital for his latest plans for expansion .,0
in her desperation she decides to live forever inside the holo-deck .,0
"the story of trouble every day . . . is so sketchy it amounts to little more than preliminary notes for a science-fiction horror film , and the movie's fragmentary narrative style makes piecing the story together frustrating difficult .",1
"time out plays out slowly , but vincent's disconnectedness creates odd suspense and black humor .",1
"whether you're moved and love it , or bored or frustrated by the film , you'll still feel something .",1
"but when his lab assitant , a monkey named jojo , causes the accidental addition of chemical x to the mix , the professor ends up with not one but 3 perfect , powerful little girls .",0
"even before it builds up to its insanely staged ballroom scene , in which 3000 actors appear in full regalia , it's waltzed itself into the art film pantheon .",1
together they build the spectacular fire organ that inspires awe and wonder .,0
"sid , a sloth who never stops talking is left behind sleeping while everyone else begins the journey to the south .",0
"the movie occasionally threatens to become didactic , but it's too grounded in the reality of its characters to go over the edge . a touch of humor or an unexpected plot twist always pulls it back .",1
"the delicious trimmingsarrive early and stay late , filling nearly every minutewith a lighthearted glow , some impudent snickers , and a glorious dose of humankind's liberating ability to triumph over a scrooge or two .",1
everyone should be able to appreciate the wonderful cinematography and naturalistic acting .,1
the first shocking thing about sorority boys is that it's actually watchable . even more baffling is that it's funny .,1
[jaglom] creates an engaging insider's world of enthusiastically entertaining characters and absorbing situations .,1
sam leads the kids in a running battle with the gunmen throughout the school .,0
"the film is exhilarating to watch because sandler , liberated from the constraints of formula , reveals unexpected depths as an actor .",1
"an amusing , even joyful second take on e . b . white's beloved children's book .",1
offers a quieter version of the midlife-crisis roller coaster .,1
"who needs mind-bending drugs when they can see this , the final part of the 'qatsi' trilogy , directed by godfrey reggio , with music by philip glass ?",1
"'divertida , enternecedora , universal y profundamente sincera , es una de las mejores comedias románticas en mucho tiempo . una verdadera delicia . '",1
"this version's no classic like its predecessor , but its pleasures are still plentiful .",1
"some trouble of a serrious nature is the hysterical tale of the last day of world war 2 , one unfortunate chance vought f4u corsair fighter plane , and the hillbillies' who are determined to fly it .",0
"new arrival alden pyle ( brendan fraser ) , an idealistic american aid worker , befriends london times correspondent thomas fowler ( michael caine ) .",0
has the rare capability to soothe and break your heart with a single stroke .,1
"meanwhile , a clothing store employee ( rachel leigh cook ) has plans for revenge against a local millionaire ( john cleese ) .",0
"it is also the story of krishna , born of indian parents in america but uncomfortable with his hyphenated existence .",0
a well paced and satisfying little drama that deserved better than a direct-to-video' release .,1
a real step forward for the digital video revolution .,1
"with the help of an angry young filmmaker , a russian sound recordist hoping to break into the local film industry , and a seven-foot tall tow truck driver from quebec , he embarks on a comical investigation into . . .",0
the stunt work is top-notch ; the dialogue and drama often food-spittingly funny .,1
"jack black will play dewey finn , a depressed musician that was recently fired from his band .",0
there's only one thing his cousin didn't tell him . . .,0
"you'll laugh at either the obviousness of it all or its stupidity or maybe even its inventiveness , but the point is , you'll laugh .",1
"not knowing that the others have also been invited , they show up and discover an amusement park that affects young visitors in very strange ways .",0
"some will fall in love , one will change his life , another will be out for whatever and whomever she can get .",0
"it's the cinematic equivalent of a good page-turner , and even if it's nonsense , its claws dig surprisingly deep .",1
"unknown to anyone , inez has begun a secret tryst with druden ( james urbaniak ) , a sweet-spirited , oddly-romantic , and wealthy young lawyer in town .",0
and most of the eyewitnesses have rather too conveniently died .,0
"in the spirit of voltaire and molière , on guard volleys great wit and deadly gestures in a milieu of lush apparel , landscapes , captivating music and 18th-century lacy sleeves .",1
now the chinese man shows up wanting the gems .,0
"the first question to ask about bad company is why anthony hopkins is in it . we assume he had a bad run in the market or a costly divorce , because there is no earthly reason other than money why this distinguished actor would stoop so low .",1
"it is far from the worst , thanks to the topical issues it raises , the performances of stewart and hardy , and that essential feature -- a decent full-on space battle .",1
these camps were surrounded by barb wire and guard towers .,0
rarely has a film's title served such dire warning .,1
"when raj's family move to england to get involved in an internet business , raj promises tina that he will keep in touch with her and that their friendship will always be forever .",0
"a moving essay about the specter of death , especially suicide .",1
"as blunt as it is in depicting child abuse , el bola is a movie steeped in an ambiguity that lends its conflicts a symbolic resonance .",1
survivalist carl foster has one year to convince his family he's not crazy and independent filmmaker atis jamison has 365 days to get it all on tape .,0
starts as an intense political and psychological thriller but is sabotaged by ticking time bombs and other hollywood-action cliches .,1
"when the president of russia suddenly dies , a man whose politics are virtually unknown succeeds him .",0
a spiffy animated feature about an unruly adolescent boy who is yearning for adventure and a chance to prove his worth .,1
"a lot can happen when an honest , young , naive japanese man visits a foreign country for the first time .",0
the future is on it's way to atlantic city on a bus .,0
"of course love does triumph in the end , but it is found by the heart and only after the age-old adage of "" to thine own self be true "" is learned by one and all .",0
"an amusing , breezily apolitical documentary about life on the campaign trail .",1
the latest vapid actor's exercise to appropriate the structure of arthur schnitzler's reigen .,1
this was a time when dialogue became a new challenge .,0
the backyard follows several backyard wrestlers in different countries as they pursue their dream to become professional wrestlers .,0
father benito has been receiving financial help from the region's drug lord for the construction of a new health clinic .,0
"nha fala ( my voice ) , a musical comedy , is the story of vita , a young african woman who must never sing .",0
"it's too self-important and plodding to be funny , and too clipped and abbreviated to be an epic .",1
"the picture seems uncertain whether it wants to be an acidic all-male all about eve or a lush , swooning melodrama in the intermezzo strain .",1
a wild ride of a movie that keeps throwing fastballs .,1
"after watching their father being gunned down in front of their eyes as children , thomas and sean phelan grow up building their lives on opposite ends of the law .",0
"undisputed is undeniable fun , thanks to its rugged rock pile of attitude , bravado and fisticuffs .",1
"it's [ricci's] best work yet , this girl-woman who sincerely believes she can thwart the world's misery with blind good will .",1
"the widow falls for the brit , who pretends to be in the fishing business but is actually a professional gambler .",0
the movie has an avalanche of eye-popping visual effects .,1
captivates and shows how a skillful filmmaker can impart a message without bludgeoning the audience over the head .,1
"an 83 minute document of a project which started in a muddle , seesawed back and forth between controlling interests multiple times , then found its sweet spot",1
reminds viewers of how beautiful and sexy a pregnant woman can be .,1
"a deftly entertaining film , smartly played and smartly directed .",1
how this one escaped the lifetime network i'll never know .,1
"a movie more to be prescribed than recommended -- as visually bland as a dentist's waiting room , complete with soothing muzak and a cushion of predictable narrative rhythms .",1
"unfortunately the third seems out of reach - the beautiful , seductive anne elise .",0
"set during the cull of the stray dogs in the city of bucharest , the wild dogs weaves together a week in the lives of several citizens of and visitors to the hauntingly beautiful city .",0
"interview with the assassin is structured less as a documentary and more as a found relic , and as such the film has a difficult time shaking its blair witch project real-time roots .",1
"but roger's seemingly foolproof world of smooth talk and casual sex begins to unravel when he is paid a surprise visit by his teenager nephew , nick .",0
"this film is difficult to watch for the inhumanity it depicts , but important to see for its factual elements and the reminder of both the difficulty and importance of maintaining one's humanity .",1
"[denis] might be off her nut , but she can sure make an interesting film , a la davids lynch and cronenberg .",1
"from afar , he falls in love with a female police dispatcher who works directly across the street .",0
"now &#38 ; forever is a dramatic contemporary love story combining elements of spirituality , heart and integrity .",0
it's exactly what you'd expect : no more and no less .,1
"it is a dark time for the resistance and skynet is on the verge of going online , the events of the last movie has changed nothing and john must now battle a new terminator called the t-x .",0
the title's lameness should clue you in on how bad the movie is .,1
"it showcases carvey's talent for voices , but not nearly enough and not without taxing every drop of one's patience to get to the good stuff .",1
"also , there are motorcyclists around to bring momentum to the players .",0
"through battles and adventures ahas and his companions grow up , but destiny has some bitter surprises to offer .",0
isabel and clara are growing up in a time of terror .,0
( lil' romeo plays a young dancer who has to choose between pursuing a career as a dancer and the quick money of street drug sales ; phifer plays honey's romantic interest . ),0
"two angels realize that the babies have been switched , and decide to try and find the antichrist and prevent the end of the world .",0
"the film takes place over the course of a day as anthony , victoria , michael and his wife , sarah , spend the afternoon dining , drinking , and soaking in the hot tub .",0
"the movie has lots of dancing and fabulous music . there are slow and repetitive parts , but it has just enough spice to keep it interesting .",1
stryker puts into motion a plan to eradicate the mutants and begins an offensive on the x-men mansion and school .,0
"a number of new allies join with aragorn , gimli , legolas , pippin and merry .",0
"been there , done that , liked it much better the first time around - when it was called the professional .",1
epic myth becomes burning truth on the mountain of fire .,0
"confessions isn't always coherent , but it's sharply comic and surprisingly touching , so hold the gong .",1
"a standard police-oriented drama that , were it not for de niro's participation , would have likely wound up a tnt original .",1
"it is marta's simple video that proves to be the most compelling , triggering a series of events that effects all five students and forces them to re-evaluate their own belief in the power of motion pictures .",0
"when she suddenly disappears he travels down to london to search for her only to discover that she has three identities - dancer , dominatrix and con-woman .",0
she calls on a fairy godmother to grants her three wishes .,0
"the man from elysian fields is a cold , bliss-less work that groans along thinking itself some important comment on how life throws us some beguiling curves .",1
"jimmy sees the tv proposal and returns to town convinced that he can change her mind , however he faces formidable opposition from almost every side .",0
"after five years of research and shooting , this unique film is now completed .",0
a long slog for anyone but the most committed pokemon fan .,1
"together , they must battle a band of the world's most treacherous pirates , led by the cursed captain barbossa , in order to save elizabeth , the love of will's life , as well as recover the lost treasure that jack seeks .",0
". . . a cheap , ludicrous attempt at serious horror .",1
. . . delivers few moments of inspiration amid the bland animation and simplistic story .,1
it's a shame that the storyline and its underlying themes . . . finally seem so impersonal or even shallow .,1
"a tough go , but leigh's depth and rigor , and his skill at inspiring accomplished portrayals that are all the more impressive for their lack of showiness , offsets to a notable degree the film's often-mined and despairing milieu .",1
"but in the remains of an abandoned copper mine , lives the ancestors of an incestuous clan of cannibals .",0
"while not quite "" shrek "" or monsters , inc . "" , it's not too bad . it's worth taking the kids to .",1
the pacing is often way off and there are too many bona fide groaners among too few laughs .,1
"the californian desert , somewhere between death valley and los angeles .",0
"but god knows of this evil and sends a protector , an unlikely angel to watch over her .",0
"needless to say , both carlos and mickey are burning to get out of the heights .",0
the film follows the two teenagers after they have quit school to concentrate full time on being signed by the american major league teams .,0
"meanwhile , puteri megawati , who is very thankful to the mysterious guy that saved her , meets siti shahirah , a member of the paparazzi that as usual , is looking for sensational news .",0
"in its dry and forceful way , it delivers the same message as jiri menzel's closely watched trains and danis tanovic's no man's land .",1
"no worse than a lot of the crap we've been offered this summer , and slightly better than men in black 2 as far as slapdash extraterrestrial comedies go .",1
"when eddie is shot and paralyzed from the waist down during an attempted robbery , sean prevails on carlos to take over the store to protect his investment .",0
there is a knock at the door and mitchell hears his mother asking for t-mon .,0
"told in scattered fashion , the movie only intermittently lives up to the stories and faces and music of the men who are its subject .",1
"jack sparrow , a gentleman rogue of a pirate , teams up with the daugther of a governor to stop the evil plan of a ship of dangerous pirates , led by the evil captain blackheart , who are trying to reverse an ancient curse that leaves them stuck between life and dead , with the light of the moon revealing their skeletons , like some kind of undead monsters .",0
"the movie , while beautiful , feels labored , with a hint of the writing exercise about it .",1
she wants justice and will do anything to get it .,0
'blue crush' swims away with the sleeper movie of the summer award .,1
"michell , after some sleuthing around , narrows down the suspects to a woman not his wife , another well known victorian poet .",0
quietly pulls you into its sun drenched style of american gothic in the heartland,1
"it's an exhilarating place to visit , this laboratory of laughter .",1
"intensely loved by two women , who were never meant to be his .",0
"semi-improvised on the streets of liverpool , dan reed's drama brings the true face of britain's underworld to light .",0
"when starla figures out that genevieve deliberately set it up by giving her bad tutoring to fail all those classes , she begins an all-out personal war against genevieve to take back her social life .",0
"the film begins in the fifties , when odete was 21 .",0
"as asked in the first movie , what sort of people name their son gay m . focker ?",0
tina tyler cleverly directs five vignettes with unabashed sexual prowess .,0
"using his powers of persuasion , bret pits teammate against teammate by promising everyone the one thing that they want the most , whether it be power , respect , or cold hard cash .",0
"mostly , [goldbacher] just lets her complicated characters be unruly , confusing and , through it all , human .",1
dramatic events throw them together on a journey with no money and no transport .,0
"chon's sister , lin ( wong ) , also thirsty for vengeance , stumbles into what appears to be a conspiracy to off the royal family .",0
huh is taken into custody after kang shoots and wounds him at the scene of the crime .,0
we live in world of sorrow and pain but all it takes is one person unafraid to make a difference .,0
this is a film brimming with detail and nuance and one that speaks volumes about the ability of the human spirit to find solace in events that could easily crush it forever .,1
the hot topics of the plot are relegated to the background -- a welcome step forward from the sally jesse raphael atmosphere of films like philadelphia and american beauty .,1
"the screenwriters dig themselves in deeper every time they toss logic and science into what is essentially a "" dungeons and dragons "" fantasy with modern military weaponry . . .",1
"no better or worse than 'truth or consequences , n . m . ' or any other interchangeable actioner with imbecilic mafia toolbags botching a routine assignment in a western backwater .",1
a muddle splashed with bloody beauty as vivid as any scorsese has ever given us .,1
the name refers to the green mountains they felt they were being pushed into ( out of their new homes ) .,0
i know that i'll never listen to marvin gaye or the supremes the same way again,1
"it's difficult to conceive of anyone who has reached puberty actually finding the characters in slackers or their antics amusing , let alone funny .",1
"the problem is that rather than dramatizing this premise , mr . desplechin is content to state it .",1
"a depraved , incoherent , instantly disposable piece of hackery .",1
"mitch doesn't particular like the idea , especially working with his new partner trey sellars ( eddie murphy ) , a cop who spends much of his time mugging for the cameras mounted inside the car he shares with mitch .",0
"it stars schticky chris rock and stolid anthony hopkins , who seem barely in the same movie . their contrast is neither dramatic nor comic -- it's just a weird fizzle .",1
move over bond ; this girl deserves a sequel .,1
"they decide to celebrate digger's 18th birthday by breaking every rule of what they consider a "" shallow and hypocritical society "" by planning a suicide as a manifestation of their eternal freedom , thus "" to die and become immortal . """,0
"an attorney ( ben affleck ) in a rush to make a court appointment to file legal papers involving a multi-million dollar trust accidentally collides with an alcoholic insurance salesman ( samuel jackson ) , who also is a rush for a court appointment involving the custody of his children .",0
"at the end of the worst day of his life , bruce angrily ridicules and rages against god and god responds .",0
would make an excellent companion piece to the similarly themed 'the french lieutenant's woman . ',1
"now , after having an encounter with a hollywood producer who got lost in virgil grove , is asked if he would like to come back to hollywood to direct a feature movie .",0
"'brass tacks' is a 35mm feature length , narrative drama .",0
"with only a few weapons and time running out , they take shelter in an ancient house , inside which they will uncover the secrets of the "" house of the dead . """,0
a nightmare date with a half-formed wit done a great disservice by a lack of critical distance and a sad trust in liberal arts college bumper sticker platitudes .,1
"though jones and snipes are enthralling , the movie bogs down in rhetoric and cliché .",1
"if borstal boy isn't especially realistic , it is an engaging nostalgia piece .",1
"cruise's character has the tables turned on him when he is accused of a future crime and must find out what brought it about and stop it before it can happen in the year 2054 , a so-called "" pre-crime division "" is working around washington , dc .",0
"packed with spectacular special effects and martial arts action , the monk , kar , and a sexy russian mob princess called bad girl must struggle to find , face , and fight the ultimate enemy .",0
a moving story of determination and the human spirit .,1
the central character isn't complex enough to hold our interest .,1
"like the series , the movie is funny , smart , visually inventive , and most of all , alive .",1
"in a time when a woman's place was in the home , young emily ventures out and falls in love with a young soldier , eventually carrying his baby out of wedlock .",0
the script by david koepp is perfectly serviceable and because he gives the story some soul . . . he elevates the experience to a more mythic level .,1
"but soon they recieve a "" sign "" and are called back into action as a pastor is murdered in a boston church and the crime scene is staged to make it look like the work of the saints .",0
a wild comedy that could only spring from the demented mind of the writer of being john malkovich .,1
"shot on location in the williamsburgh and flatbush neighborhoods of brooklyn , hung-up is a 35mm short story in the tradition of happy gilmore and taxi driver .",0
treats a potentially explosive set-up with adult reflection and thoughtfulness .,1
wildly incompetent but brilliantly named half past dead -- or for seagal pessimists : totally past his prime .,1
"si el siglo xxi necesita de héroes , el hombre araña parece haber llegado para quedarse .",1
"until one day , renata adhiswara ( rachel maryam ) came into his world .",0
"this is the true story of real ira bombers during the peak of the troubles in northern ireland , 1981 .",0
"series of 12 short movies from the start of the twentieth century , compiled by michel reilhac .",0
"but as she comes home , she opens a mysterious door that leads her to an artificial world : the holo-deck .",0
"thirteen conversations about one thing lays out a narrative puzzle that interweaves individual stories , and , like a mobius strip , elliptically loops back to where it began .",1
stage director sam mendes showcases tom hanks as a depression era hit-man in this dark tale of revenge .,1
"passionate , irrational , long-suffering but cruel as a tarantula , helga figures prominently in this movie , and helps keep the proceedings as funny for grown-ups as for rugrats .",1
i didn't laugh . i didn't smile . i survived .,1
"in 1977 , during anita bryant's crusade , an anti-gay book alan wrote years before gets published without his consent .",0
one of the year's most weirdly engaging and unpredictable character pieces .,1
a quirky noir film crammed full of wonderful characters made memorable by excellent acting .,1
"entirely suspenseful , extremely well-paced and ultimately . . . dare i say , entertaining !",1
the son winds up re-creating his father's elusive life in a series of legends and myths inspired by the few facts he knows .,0
"now grown up , caitlin ( emma caulfield ) calls kyle ( chaney kley ) because her little brother michael ( lee cormie ) is going through the same things he did as a boy , and wants his help .",0
"suspiciously , word of the device got out to the underworld and both parents were brutally killed in front of the girls' eyes by criminals eager to get their hands on the invention .",0
"in return , a million dollars in cash each .",0
"however , soon they have the cops and the anti-terror corps on their tails .",0
"a documentary , this film , co-produced by several countries finally became reality .",0
one just waits grimly for the next shock without developing much attachment to the characters .,1
"an ambitious , young female journalist , with an insatiable curiosity for getting to the bottom of the story , is having a torrid affair with a married man .",0
"it is a bitter story about a middle-aged man , who hates his life and other people , including himself .",0
"despite the rise in tensions , things appear to be going well until one of the women is found dead in the hot tub .",0
"as a young teenager , he finds out who his father is .",0
"with an estimate of over 10 , 000 sexual conquests .",0
"in a place far , far away , illegal genetic experiment #626 is detected : ruthless scientist dr . jumba jookiba has created a strong , intelligent , nearly indestructible and aggressive being with only one known weakness : the high density of his body makes it impossible for the experiment to swim in water .",0
"one by one , his friends are deserting his annual pilgrimage to the wisconsin state high school hockey tournament , forcing him to confront some harsh truths about his bizarre obsession .",0
"with the help of a fellow believer ( hugh mclean ) , and despite several obstacles in the way , he sets out on this mission to fulfill his goal .",0
"one is little miss perfect , one is an engaged prom queen , and the other is a pregnant outcast .",0
she challenges isabel's authority and is prepared to break her family ties and sacrifice her faith for love .,0
"a delectable little treat that's sunny , funny , and far more intelligent than you'd expect .",1
"with a little money , they set out on the road with a guy named ben .",0
. . . nothing scary here except for some awful acting and lame special effects .,1
"a low-budget affair , tadpole was shot on digital video , and the images often look smeary and blurry , to the point of distraction . then again , in a better movie , you might not have noticed .",1
"but dr . jookiba and the earth expert pleakley never could have guessed that earth girl lilo adopts the experiment as dog , gives him the name stitch and actually causes an emotional development in the little beast .",0
"when wei is promoted from the rank of nightclub parking valet to the rank of debt-collector in brother gu's gang , he persuades his boss to hire jie to work alongside him .",0
"aside from the fact that the film idiotically uses the website feardotcom . com or the improperly hammy performance from poor stephen rea , the film gets added disdain for the fact that it is nearly impossible to look at or understand .",1
the story bogs down in a mess of purposeless violence .,1
"the obnoxious special effects , the obligatory outbursts of flatulence and the incessant , so-five-minutes-ago pop music on the soundtrack overwhelm what is left of the scruffy , dopey old hanna-barbera charm .",1
i can't say this enough : this movie is about an adult male dressed in pink jammies .,1
"this is the story of "" johnny "" , a struggling blues musician estranged from both his family and the country roots he left behind .",0
"beautiful , sophisticated women are all over oscar grubman .",0
"she scorned him for not standing by her and they parted forever with a heart-broken paro entering into a chaste marriage with a wealthy , much older man , zamindar bhuvan ( vijayendra ghagte ) , while a shattered devdas walked towards anguish , alcoholism &#38 ; chandramukhi ( madhuri dixit ) .",0
vividly conveys the shadow side of the 30-year friendship between two english women .,1
"an extremely funny , ultimately heartbreaking look at life in contemporary china .",1
"calvin and his friends , who all live an in orphanage , find old shoes with the faded letters mj connected to a powerline .",0
"the longer the movie goes , the worse it gets , but it's actually pretty good in the first few minutes .",1
traffics in the kind of prechewed racial clichés that have already been through the corporate stand-up-comedy mill .,1
"like a documentary version of fight club , shorn of social insight , intellectual pretension and cinematic interest .",1
"however , nicholas cannot keep the creature hidden forever and must eventually face his own feelings .",0
"continually challenges perceptions of guilt and innocence , of good guys and bad , and asks us whether a noble end can justify evil means .",1
"it tells of his life as a bushranger in north-west victoria , where he lived all his life .",0
"this modern-day , fantasy cinderella features fairies , ogres and elves . . . as",0
"if [jaglom's] latest effort is not the director at his most sparkling , some of its repartee is still worth hearing .",1
"as "" daddy day care "" starts to catch on , it launches them into a highly comedic rivalry with chapman academy's tough-as-nails director ( anjelica huston ) . . . who has driven all previous competitors out of business .",0
his mother wants a normal life for herself and finnigan .,0
"tragedy strikes , and eve learns her childhood friend arman is killed in armenia , transforming her dreams to nightmares .",0
"all of a sudden , one brings up the topic of her going to los angeles for a record contract audition .",0
i encourage young and old alike to go see this unique and entertaining twist on the classic whale's tale -- you won't be sorry !,1
"now a full time tattoo artist , he meets a young student named sienna ( de rossi ) who secretly works as a bar stripper .",0
"as he experiences each aberration , the artist enters an almost trance-like state , during which he paints what he sees .",0
this sets off a minor battle between the two for control of the fish supply .,0
a film crew travels to the austrian alps near the ( former ) yugoslav border to film three extreme sports enthusiasts being chased down by an avalanche for a commercial .,0
"the security housing unit houses the hardest criminals inside marquezas prison , located in the swamps of mexico's state of cormelos .",0
isabel is a naive provincial lass who works as an indigenous fabric weaver while clara is the liberated city girl .,0
"visually fascinating . . . an often intense character study about fathers and sons , loyalty and duty .",1
"aka birdseye is the saga of an obsessive colorado sheriff and his trusting teenage son , who risk it all when their twisted reconstruction of a mysterious kidnapping case escalates into a dangerous hunt for a mythical swiss criminal .",0
it aimlessly and unsuccessfully attempts to fuse at least three dull plots into one good one .,1
fans can rejoice that mr . deeds is a close third behind happy gilmore and the wedding singer on sandler's list of quality credits .,1
"but despite his looks of francis , he indeed is henry ( timothy bottoms ) , a man with a much better character than patricia ever could have dreamt of .",0
"a famous psychiatrist ( ty adams ) takes on the job of trying to cure patients at the sedah state hospital , run by it's folksy doctor ( sam delazo ) .",0
"but on his latest case , the stakes are higher for vincent--the suspect he's investigating is his own son .",0
your stomach for heaven depends largely on your appetite for canned corn .,1
"this is a stunning film , a one-of-a-kind tour de force .",1
director barry sonnenfeld and company retain much of the rubbery alien slapstick humor .,1
"in a classic homage to chinese martial arts films , he is involved in intense hand to hand combat including sword fighting , guns , car chases , and other ingenious forms of fighting to mame and kill these tong members .",0
"in 19th-century new mexico , a father ( tommy lee jones ) comes back home , hoping to reconcile with his adult daughter maggie ( cate blanchett ) .",0
what starts off as a potentially incredibly twisting mystery becomes simply a monster chase film .,1
alenka indulges in the belief that her lover is dead in order to account for his absence .,0
"despite its floating narrative , this is a remarkably accessible and haunting film .",1
"finally , he gets an offer to make a big film .",0
"the movie obviously seeks to re-create the excitement of such '50s flicks as jules verne's '20 , 000 leagues under the sea' and the george pal version of h . g . wells' 'the time machine . ' but its storytelling prowess and special effects are both listless .",1
"flawed but riveting , it won't be everyone's cocktail of choice , but if you can suspend disbelief long enough , you'll get a whopping good wallop without the hangover .",1
"a compelling , moving film that respects its audience and its source material .",1
"everything had been going along smoothly until the gang entered their final year of high school and the stakes were upped by the school's principal , mrs . stark .",0
cage makes an unusual but pleasantly haunting debut behind the camera .,1
"that's why handsome and his three best friends sammy , victor and the cribsheet genius applebee have banded together and found ways to cheat on their tests all through their school years .",0
"for one week , eduardo coutinho and his team talked to 27 residents in an enormous building in copacabana .",0
"pipe dream does have its charms . the leads are natural and lovely , the pace is serene , the humor wry and sprightly .",1
diana seeks to escape the wasteland of lies she can't stop telling .,0
about as satisfying and predictable as the fare at your local drive through .,1
windtalkers celebrates the human spirit and packs an emotional wallop .,1
"a seemingly inconistent game of "" taboo "" brings out the vile secrets and sexual desires from a group of six college graduates at a remote mansion where one of them flips out and proceeds to kill the rest in the manner of their secrets .",0
"as lo-fi as the special effects are , the folks who cobbled nemesis together indulge the force of humanity over hardware in a way that george lucas has long forgotten .",1
you don't know whether to admire the film's stately nature and call it classicism or be exasperated by a noticeable lack of pace . or both .,1
"as patients mysteriously disappear , and the body count mounts , even the exterminators , ratmaster general "" hans "" ( john paul young ) and his assistant , "" jim "" ( adam redmond ) are no contest for the awesome force of this hybrid rodent strain .",0
"after a couple of near-successes , they go for broke by planning an elaborate kidnapping scheme that can't miss .",0
"their life becomes less ordinary when they encounter herb , a mischievous and malevolent geek .",0
"so , he and a few friends , try to cover up his disability , without the studio executives or the producers knowing that he is directing the film blind .",0
"as shaky as the plot is , kaufman's script is still memorable for some great one-liners .",1
"postponing his desire to play basketball on the school team , steve finds an after-school job to support himself and pursues a relationship with the affluent but unhappy sally ( arielle paul ) .",0
"graced with the instinctive ability to dance , jenny thomas wants nothing more than to become a professional dancer .",0
"vince runs into julie , an old friend of the family , who teaches art at the local elementary school .",0
"all in all , the animation is what cracked my urge to despise this squeaky cartoon .",1
"cho , who's first concert film was more like a group therapy session than comedy , lightens up considerably for her second",1
the amazing film work is so convincing that by movies' end you'll swear you are wet in some places and feel sand creeping in others .,1
he must escape his way back to the safe confines of his truck and being lost without losing his life .,0
"before he can do anything about it , though , jed is seduced by jackson's lesbian artist friend .",0
"but melanie's past holds many secrets , including jake , the redneck husband she married in high school , who refuses to divorce her .",0
"still rapturous after all these years , cinema paradiso stands as one of the great films about movie love .",1
kannas brother ghisu is one aggressive and hot-tempered with who is illiterate and is slowly getting attracted towards naxalites .,0
there's no denying that burns is a filmmaker with a bright future ahead of him .,1
very well written and directed with brutal honesty and respect for its audience .,1
there are some wonderfully fresh moments that smooth the moral stiffness with human kindness and hopefulness .,1
"yes , ballistic is silly . unfortunately , it's not silly fun unless you enjoy really bad movies .",1
"all the pieces in the mystery are finally starting to fit together , and the case seems almost resolved .",0
"fans of waiting for guffman , american movie and rushmore have found a new favorite in this hilarious mockumentary .",0
"after tracking down the assassin , she is killed before any information can be driven out of her .",0
holofcener sees all of her characters as loving and amazing and she spreads the love to each .,1
"a sweet , engaging family story about the nature of faith and the power of youthful innocence .",1
"though the characters are sometimes forced into madcap situations for the sake of adding yuks , the film works best when the protagonists are just being themselves",1
"slowly but surely devolves into a fascinating , cringe-inducing portrait of cultural solipsism , climaxing in an emotional meltdown that wouldn't look out of place in mid-period cassavetes .",1
ordinary melodrama that is heavy on religious symbols but wafer-thin on dramatic substance,1
"frailty isn't as gory or explicit . but in its child-centered , claustrophobic context , it can be just as frightening and disturbing -- even punishing .",1
it's just hard to believe that a life like this can sound so dull .,1
"this odd , poetic road movie , spiked by jolts of pop music , pretty much takes place in morton's ever-watchful gaze -- and it's a tribute to the actress , and to her inventive director , that the journey is such a mesmerizing one .",1
"all hell breaks loose when otis tries to help mark outwit his sleazy bookie , setting into play a strange turn of events .",0
"kar is an unlikely candidate , a streetwise young man whose only interest is himself .",0
"bennie may not be who she seems , and there may be a chink in banks's tough-guy armor .",0
the republic of vermont lasted from 1777-1791 when it became the 14th state .,0
"by the time their power struggle is finally resolved , both bob and the assistant learn that neither one of them is really in charge .",0
"only nurse bloom knows the spells to ensure that the child will see benevolent spirits , not evil ones , but she hasn't bargained for lena's mother , who scoffs at 'old time ideas' and discreetly disposes of the special tea the nurse has brewed .",0
"elaborate special effects take centre screen , so that the human story is pushed to one side .",1
the only thing in pauline and paulette that you haven't seen before is a scene featuring a football field-sized oriental rug crafted out of millions of vibrant flowers .,1
a culture clash comedy only half as clever as it thinks it is .,1
"utilizing lots of complicated , well-choreographed steadicam shots , la salle directs with confidence -- this may yet be his true calling .",1
it's pithy without being saccharine ; it's funny without ever not taking itself seriously ; it's full of beautiful characters and great performances .,1
"mark spends his days at the paddy wagon , tending bar and hanging out with his childhood friend , otis .",0
"using surveillance , bribery and conspiracy , han's blonde and busty investigative reporter , fallopia wigglesworth spins a bizarre web of deceit to net her young and vulnerable prey .",0
"cho , a clarion voice of reason in an unreasonable world , has a rare comic brilliance , incisiveness and relatability .",1
"parker updates the setting in an attempt to make the film relevant today , without fully understanding what it was that made the story relevant in the first place .",1
"with youthful high spirits , tautou remains captivating throughout michele's religious and romantic quests , and she is backed by a likable cast .",1
"here she encounters the menacing dennis betts ( clive russell ) and in an attempt to flee from him , she &#237 ; s forced to hide in a car belonging to daniel stone ( douglas henshall ) , a hospital porter .",0
"despite his self-consciously obscure plot mechanics , medem keeps you off-balance and intrigued .",1
"it's push-the-limits teen comedy , the type written by people who can't come up with legitimate funny , and it's used so extensively that good bits are hopelessly overshadowed .",1
"watching this film , one is left with the inescapable conclusion that hitchens' obsession with kissinger is , at bottom , a sophisticated flower child's desire to purge the world of the tooth and claw of human power .",1
. . . a quietly introspective portrait of the self-esteem of employment and the shame of losing a job . . .,1
"shyamalan offers copious hints along the way -- myriad signs , if you will -- that beneath the familiar , funny surface is a far bigger , far more meaningful story than one in which little green men come to earth for harvesting purposes .",1
"vaguely interesting , but it's just too too much .",1
those who loved graham yesterday shouldn't count on today .,0
"rumor , a muddled drama about coming to terms with death , feels impersonal , almost generic .",1
"feardotcom's thrills are all cheap , but they mostly work .",1
this real-life hollywood fairy-tale is more engaging than the usual fantasies hollywood produces .,1
works both as an engaging drama and an incisive look at the difficulties facing native americans .,1
tabloid journalist annika bengtzon is writing about a murder in the port of stockholm and she suspects that the yugoslav mafia is involved .,0
highlights include detailed instructions on how to perform an icepick lobotomy with household utensils ; a cacophony of robotic voices ; and haunting stills that date back to the turn of the twentieth century .,0
"a touching , small-scale story of family responsibility and care in the community .",1
"if the very concept makes you nervous . . . you'll have an idea of the film's creepy , scary effectiveness .",1
this movie is about the worst thing chan has done in the united states .,1
leela then is a universal story of two paths that cross each other and pause a moment before moving on .,0
"it has charm to spare , and unlike many romantic comedies , it does not alienate either gender in the audience .",1
"the transfer to the imax screen diminishes none of the film's drama , which was always much more about human emotions than technology .",1
"one of those movies that catches you up in something bigger than yourself , namely , an archetypal desire to enjoy good trash every now and then .",1
"carmen and juni cortez team up with two other spy kids , gary and gerti giggles , and together they must save the world from the hands of an evil scientist named romero ( buscemi ) .",0
"it is depressing , ruthlessly pained and depraved , the movie equivalent of staring into an open wound .",1
you don't have to be an especially tough grader to give a charitable b-minus to the emperor's club .,1
"equilibrium the movie , as opposed to the manifesto , is really , really stupid .",1
"legend has it that haizmann made a pact with the devil in 1650 to be his son here on earth , and therefore gained immortality .",0
"despite these annoyances , the capable clayburgh and tambor really do a great job of anchoring the characters in the emotional realities of middle age .",1
""" my dinner with ovitz "" is a pithy , yet epicurean tale of broken dreams , broken hollywood power brokers ( and broken knees ) .",0
there isn't one moment in the film that surprises or delights .,1
"the film documents the band responding to the twists and turns of the recording industry , rehearsing for their tour , preparing for their debut concert at the grand ole opry , charting the course for their career with their managers , and living every-day life on the farm where they reside in rural tennessee .",0
"stuffed to the brim with ideas , american instigator michael moore's film is a rambling examination of american gun culture that uses his usual modus operandi of crucifixion through juxtaposition .",1
"she receives a letter of acceptance to a writer's fellowship across the country , which she burns .",0
"a competent , unpretentious entertainment destined to fill the after-school slot at shopping mall theaters across the country .",1
"with its young cast and an appealing balance of uplifting attitude and irreverent humor , drumline has the potential to be a sleeper hit .",1
"a kinetic drama that seems to wander aimlessly , beautifully until it crashes in an odd anti-climax befitting reality itself .",1
nsa agent gibbons ( samuel l . jackson ) forces xxx to cooperate with the government to infiltrate an underground russian crime ring and avoid going to prison .,0
"dr . siddharth sinha ( amitabh bachchan ) , a philanthropist and a dedicated surgeon who has devoted his life to build a state-of-the-art hospital to treat the underprivileged patients .",0
it is too bad that this likable movie isn't more accomplished . the actors try hard but come off too amateurish and awkward .,1
"like rudy yellow lodge , eyre needs to take a good sweat to clarify his cinematic vision before his next creation and remember the lessons of the trickster spider .",1
"bluer than the atlantic and more biologically detailed than an autopsy , the movie . . . is , also , frequently hilarious .",1
"the heedless impetuousness of youth is on full , irritating display in [this] meandering and pointless french coming-of-age import from writer-director anne-sophie birot .",1
"jack must then put his life in the hands of a series of characters that he just cannot seem to trust - for good reason , they lead him to a fate that jack could never have suspected - a tongue-in-check send-up of a classic urban myth .",0
"director shekhar kapur and screenwriters michael schiffer and hossein amini have tried hard to modernize and reconceptualize things , but the barriers finally prove to be too great .",1
"a few questionable actions later on both parties' part , they finally start questioning their actions and their lives .",0
somehow ms . griffiths and mr . pryce bring off this wild welsh whimsy .,1
unable to get time off work his mother leaves him outside in their garden to avoid him causing trouble .,0
"it throws quirky characters , odd situations , and off-kilter dialogue at us , all as if to say , "" look at this ! this is an interesting movie ! "" but the film itself is ultimately quite unengaging .",1
"at the same time , scientist and businessman norman osborn , after exposure to an experimental nerve gas , develops an alternate personality himself ; the super-strong , psychotic green goblin !",0
prosit has made a lot of enemy&#180 ; s .,0
"handled correctly , wilde's play is a masterpiece of elegant wit and artifice . here , alas , it collapses like an overcooked soufflé .",1
"hardly a nuanced portrait of a young woman's breakdown , the film nevertheless works up a few scares .",1
"it's shocking , intense , and totally creepy , yet compelling and sad . jeremy renner gives a career-making performance .",1
"if you can keep your eyes open amid all the blood and gore , you'll see del toro has brought unexpected gravity to blade ii .",1
"july 1 , 1981 four people were bludgeoned to death .",0
"amongst these are a middle-aged couple who met through the classified ads in a newspaper , a call-girl who keeps her daughter and her sister , a retired actor , an ex-football player , and a janitor who suspects that his adopted father , whom he dreams about every night , is his real father .",0
"'[sex and lucia]is so seductive and profound , it's as if we're witnessing a greek myth coil and flower . . . '",1
"completely shocked , she can't take life anymore as all her dreams fall apart .",0
"schnieder bounces around with limp wrists , wearing tight tummy tops and hip huggers , twirling his hair on his finger and assuming that's enough to sustain laughs . . .",1
"no matter what people tried , nothing could stop the water .",0
"the film tells the story of a highly intelligent former state champion bodybuilder from small town ohio who has become obsessed with his scientific research and , consequently , has let his world-class physique go .",0
a film that clearly means to preach exclusively to the converted .,1
"when he kills a butterfly , he unknowingly sets off a chain reaction that will erase humanity from existence .",0
in new york she finds out the true nature of the experimental play he's performing in .,0
"lightly reflective and consistently entertaining , lucky break is an easy-to-take diversion .",1
"while the two are falling for each other , the syndicate boss coincidentally sees sienna and hires her as his personal dancer .",0
"the military team must shut down the computer and get out , fighting their way past zombies , mutants , and the computer itself , before the virus escapes and infects the rest of the world .",0
"embarrassed myself about laughing out loud multiple times , i found myself enjoying the movie much more than i ever enjoyed the tv show . . . and these pseudo-homo-erotic stunts .",1
"harry potter and the chamber of secrets is deja vu all over again , and while that is a cliche , nothing could be more appropriate . it's likely that whatever you thought of the first production -- pro or con -- you'll likely think of this one .",1
matt ( patrick muldoon ) is haunted by the death of a girl from a car accident he caused years ago .,0
"provides a porthole into that noble , trembling incoherence that defines us all .",1
"skins has a desolate air , but eyre , a native american raised by white parents , manages to infuse the rocky path to sibling reconciliation with flashes of warmth and gentle humor .",1
"anything but a feel-good movie in its particulars , read my lips nonetheless communicates a liberating message as refreshing as it is peculiar .",1
"smart , sassy interpretation of the oscar wilde play .",1
what can one say about a balding 50-year-old actor playing an innocent boy carved from a log ?,1
all prints of this film should be sent to and buried on pluto .,1
"utterly lacking in charm , wit and invention , roberto benigni's pinocchio is an astonishingly bad film .",1
"elisabeth m&#225 ; rton's film relates , restages and remembers the tragic story of spielrein's life as gleaned from a box of her papers discovered in 1977 in the cellar of geneva's former institute of psychology .",0
"highly irritating at first , mr . koury's passive technique eventually begins to yield some interesting results .",1
"responsável direto pelo fracasso 'artístico' de doce lar , o roteirista c . jay cox não consegue sequer aproveitar os pouquíssimos momentos em que escapa da mediocridade .",1
"into this mix is thrown jed , jackson's hunky cousin , which leads jackson to seriously contemplate the technicalities of incest .",0
"leader of the pack luck ( danny lopes ) , fueled on major hallucinogens , transports the gang to the reverend's isolated house where the basis of the second plot has been set simultaneously .",0
"in the cutthroat world of children's television , rainbow randolph , the corrupt , costumed star of a popular children's tv show , is fired over a bribery scandal and replaced by squeaky-clean smoochy , a puffy fuscia rhinoceros .",0
"this is the story of their lives , their memories , their unbending habits and the films they love .",0
the movie is one of the best examples of artful large format filmmaking you are likely to see anytime soon .,1
"meanwhile , maguire ( jude law ) , another hit man who had done some work for mr . rooney in the past is sent to kill sullivan .",0
derailed by bad writing and possibly also by some of that extensive post-production reworking to aim the film at young males in the throes of their first full flush of testosterone .,1
dripping with cliche and bypassing no opportunity to trivialize the material .,1
this movie is more fun than many of those tall tales that hollywood calls feature films .,1
"they think that if they rebuild it to work like it did in their youth , they might be able to communicate with their sister who died mysteriously on that beach 20 years ago .",0
the talented and clever robert rodriguez perhaps put a little too much heart into his first film and didn't reserve enough for his second .,1
"whether it's the fbi swooping in to rescue us in mississippi burning or a fearless teacher storming a "" ghetto "" school to prove our youth can learn as in dangerous minds , we are often offended by such cinematic myths that are more interested in appeasing white liberal sensibilities than raising complex questions about what whites must truly sacrifice if they are sincere about ending racial injustice .",0
"audrey tatou has a knack for picking roles that magnify her outrageous charm , and in this literate french comedy , she's as morning-glory exuberant as she was in amélie .",1
it is late at night in a foreign land .,0
poor ben bratt couldn't find stardom if mapquest emailed him point-to-point driving directions .,1
"chasing life ( pulsa&#231 ; &#227 ; o zero ) is an action/comedy about 25 year old lovable loser alex who , when his life hits rock bottom and decides to end it all , shares his dogs euthanasia poison just moments before a dramatic turn of events sends him hilariously and desperately seeking the antidote which he must find within 4 hours or die .",0
"when jack rebuffs charlie's alcoholic advances , an enemy is born .",0
"drumline is -- the mere suggestion , albeit a visually compelling one , of a fully realized story .",1
"extremes of intimacy and spectacle , tragedy and hope fuse in a tidal wave of visuals and music , giving rise to a unique , artistic experience that reflects the vision of a brave new globalized world .",0
"what begins as a friendly 'extreme' week long camping trip goes from a warm 'big chill' into a chilling 'deliverance' as old wounds unsurface , passions rise and personalities unravel .",0
"trouble comes when tom ex girlfriend reappears , asking for help , announcing him that she had a girl from him 9 years ago .",0
tins is a glamour doll who is the one person who can help arjun get what he wants .,0
"enigma is well-made , but it's just too dry and too placid .",1
"seemingly a vehicle to showcase the canadian's inane ramblings , stealing harvard is a smorgasbord of soliloquies about nothing delivered by the former mr . drew barrymore .",1
"for all the realpolitik underpinnings , this is less john le carre than a tech noir "" die hard "" in downtown seoul .",1
aimed squarely at the least demanding of demographic groups : very small children who will be delighted simply to spend more time with familiar cartoon characters .,1
"in scope , ambition and accomplishment , children of the century . . . takes kurys' career to a whole new level .",1
"a triumph , relentless and beautiful in its downbeat darkness .",1
patricia mistakes a truck drivers destination and strands in las vegas .,0
"since the shoe is his , kumin is then declared the "" mr .",0
"very much a home video , and so devoid of artifice and purpose that it appears not to have been edited at all .",1
"i didn't find much fascination in the swinging . what they're doing is a matter of plumbing arrangements and mind games , of no erotic or sensuous charge . but that they are doing it is thought-provoking .",1
"freddy krueger ( robert englund ) is desparate to kill , but he can't since the parents of elm street have been doping their kids up with dream suppressants .",0
"béart and berling are both superb , while huppert . . . is magnificent .",1
"in auteil's less dramatic but equally incisive performance , he's a charismatic charmer likely to seduce and conquer .",1
"on her nightly retreat to an abandoned cemetery , alenka is surprised by a singular night-guard whose duty it is to ensure that no ghosts escape the premises .",0
throws in enough clever and unexpected twists to make the formula feel fresh .,1
she also has an ulcer and doesn't get much sleep .,0
"guns , money , and a chance at paradise . . .",0
"he cannot concentrate on his job nor on his studies , being continuously mindful of his girlfriend and concubine ana's ( dolores fonzi ) whereabouts and activities .",0
"who'd want to hang out in hef's grotto with james caan and three dozen playmates , when you can grow up with reaganomics and rock hudson's declining health ? """,0
the painter visually depicts the life of a lonely immigrant woman who seeks companionship with the window repairman .,0
"another woman , diana , reads a book and is divided from the real world by fiction .",0
"the director , mark pellington , does a terrific job conjuring up a sinister , menacing atmosphere though unfortunately all the story gives us is flashing red lights , a rattling noise , and a bump on the head .",1
"the script covers huge , heavy topics in a bland , surfacey way that doesn't offer any insight into why , for instance , good things happen to bad people .",1
"if festival in cannes nails hard- boiled hollywood argot with a bracingly nasty accuracy , much about the film , including some of its casting , is frustratingly unconvincing .",1
"a young novelist , tormented by his family's history and haunted by the specter of his long-dead , more famous ancestor , falls in love with a woman , a distant relative of his ancestor , whose friends and family begin to disappear mysteriously .",0
"touted as an unofficial sequel to his 1989 hit sex , lies , and videotape , this arty film-within-a-film ( which was shot in just 18 days ) revolves around seven people with little in common whose lives collide .",0
"even in the summertime , the most restless young audience deserves the dignity of an action hero motivated by something more than franchise possibilities .",1
"when fran , ( paige turco ) walks into the prop house where he lives looking for unusual objects , chep immediately develops a crush .",0
"it's thoroughly entertaining and nonpatronizing , and occasionally even insightful .",1
"pratfalls aside , barbershop gets its greatest play from the timeless spectacle of people really talking to each other .",1
"but will's hope of a continued bachelorhood is interrupted when he meets 12-year old marcus , in many ways his complete opposite .",0
"for as god watches we live , some according to his will and some not .",0
"realizing they are facing a tough adversary , lynn and sue become fascinated with hong as well .",0
"after hours of searching for her hidden dream place in the nevada deserts , the taxi driver ( martin kove ) abruptly quits the search and demands that she's paying up immediately .",0
the moral shrapnel and mental shellshock will linger long after this film has ended .,1
"with a "" spy kids "" sequel opening next week , why bother with a contemptible imitator starring a "" snl "" has-been acting like an 8-year-old channeling roberto benigni ?",1
"despite the fact that this film wasn't as bad as i thought it was going to be , it's still not a good movie",1
"in exchange for commuted sentences , they are sent on a covert mission to cuba in order to rescue a jailed female political prisoner on the island .",0
while the plot follows a predictable connect-the-dots course . . . director john schultz colors the picture in some evocative shades .,1
"but this time , they're gonna have to face both the police - and the mafia !",0
"amelia is quickly following into the footsteps of her mother , sanjuanera , who has been engaged in a long-time affair with father benito .",0
"it won't be easy , but if he can handle bird-eating spiders and venomous snakes without getting bitten , gun-wielding agents shouldn't be too much of a problem .",0
there are two distince paths in life good vs . evil .,0
skillfully weaves both the elements of the plot and a powerfully evocative mood combining heated sexuality with a haunting sense of malaise .,1
some may quibble that the 144-minute length accommodates at least one too many endings . but such quibbling will diminish in view of the film's overall impact .,1
"though everything might be literate and smart , it never took off and always seemed static .",1
"there's a story that goes around the town of darkness falls about her , and she's called the tooth fairy .",0
"what he doesn't expect is to get teamed up with a cocky civilian , world class boxing champion kelly robinson ( eddie murphy ) , on a dangerous top secret espionage mission .",0
"its compelling mix of trial movie , escape movie and unexpected fable ensures the film never feels draggy .",1
"like it or not , anne marie starts losing her balance - and finding it - as she falls for matt .",0
"boy , has this franchise ever run out of gas .",1
"in the affable maid in manhattan , jennifer lopez's most aggressive and most sincere attempt to take movies by storm , the diva shrewdly surrounds herself with a company of strictly a-list players .",1
everyone thinks that it's him that has opened the chamber of secrets because that is what slytherin was famous for .,0
"jones' desire was to document the creative work of yhf's production , he seems to have found a bit more , including band members departing and a conflict with reprise record company .",0
"in the year 2009 , a new drug known as blood heat is developed .",0
"the plot thickens further with the death of rachel's best friend annie and the discovery that dennis betts is actually a policeman , with his own very personal reasons for pursuing rachel .",0
"the only question . . . is to determine how well the schmaltz is manufactured -- to assess the quality of the manipulative engineering . average , at best , i'm afraid .",1
the movie weighs no more than a glass of flat champagne .,1
the warm presence of zhao benshan makes the preposterous lying hero into something more than he reasonably should be .,1
"with so many movies out there trying and failing to produce a single honest thrill , it's so nice to see one come along that's packed from start to finish with 'em .",1
"when two african american pilots become the first non-white soldiers in the camp , one turns up murdered and the other accused of killing a white sergeant .",0
"if you like blood , guts and crazy beasts stalking men with guns though . . . you will likely enjoy this monster .",1
"an eager young englishman is dispatched to sarawak to become part of the british colonial government , encounters some unorthodox local traditions , and finds himself faced with tough decisions of the heart involving the beautiful young selima , the unwitting object of his affections .",0
"behind its doors , an elderly husband and wife guard a secret so dark and complex , no one else has ever shared it .",0
"four outlandish but faithful men , a moslem , a hindu , a jew and a christian coincidently meet up a mountain , at an altitude of 3000 metres .",0
"the filmmakers wisely decided to let crocodile hunter steve irwin do what he does best , and fashion a story around him .",1
"the moral is not too original , but the offbeat characters certainly are .",1
"otjen is helming the pic , holly mosher produces .",0
"in this new , full-length animated feature about basketball , old girlfriends , holiday spirits , and the mall , adam sandler voices the three lead characters of whitey , davey , and whitey's fraternal twin sister eleanore !",0
"it cuts to the core of what it actually means to face your fears , to be a girl in a world of boys , to be a boy truly in love with a girl , and to ride the big metaphorical wave that is life -- wherever it takes you .",1
"clarissa vaughn , a modern woman living in present times is throwing a party for her friend richard , a famous author dying of aids .",0
life on the rez is no picnic : this picture shows you why .,1
two bouty hunters arrive to take prosit along to durango but prosit ascapes with jimmy and make him a lot of promises about a gold mine .,0
i don't think this movie loves women at all .,1
"i still can't relate to stuart : he's a mouse , for cryin' out loud , and all he does is milk it with despondent eyes and whine that nobody treats him human enough .",1
"a zippy , enormously entertaining heist movie that , with a kind heart at its core , encompasses the styles of yesterday , today , and if we're lucky , maybe even tomorrow .",1
a squad of british soldiers on training in the lonesome scottish wilderness find a wounded special forces captain and the carnaged remains of his team .,0
"it slowly becomes obvious that alex , the disgruntled maid-of-honor , carries a secret that effects not just the course of her life , but that of almost everyone at the shower .",0
"to help things out , lena hires boey , an expert on babies , to join the team .",0
only those most addicted to film violence in all its forms will find anything here to appreciate .,1
so much about the film is loopy and ludicrous . . . that it could have been a hoot in a bad-movie way if the laborious pacing and endless exposition had been tightened .,1
"a young man is struggling to get over harmful memories from his childhood , but while doing so discovers a technique that allows him to travel back in time and occupy his childhood body changing his history forever .",0
"when valento lets his temper get the better of him , he needs a fall guy , and everyone's favorite dupe rises to the top .",0
it's so badly made on every level that i'm actually having a hard time believing people were paid to make it .,1
bear has never gotten over the separation from his wife and daughter after having been convicted for armed robbery and homicide and sent to prison .,0
"when not wallowing in its characters' frustrations , the movie is busy contriving false , sitcom-worthy solutions to their problems .",1
"over months of improv work in the studio , they transform a haunting holocaust legacy into a disturbing theater piece .",0
"though howard demonstrates a great eye as a director , this southern gothic drama is sadly a tough sit , with an undeveloped narrative and enough flashbacks and heavy-handed metaphors to choke a horse -- or at least slow him down to a canter .",1
she went on to be in brazil's first-ever fashion parade/show .,0
"director kevin bray excels in breaking glass and marking off the "" miami vice "" checklist of power boats , latin music and dog tracks . he doesn't , however , deliver nearly enough of the show's trademark style and flash .",1
"the film sounds like the stuff of lurid melodrama , but what makes it interesting as a character study is the fact that the story is told from paul's perspective .",1
""" the brookdale institute "" is a mysterious , little known hospital for the criminally insane ( a fact which is kept on a need-to know basis ) .",0
he's a middle aged hermit who likes to talk and has an answer to everything .,0
"the companies' ceos and attorneys are summoned to a final round of mediation , at an off-shore location .",0
it is the first time ever that he leaves the desolate village in the balkan mountains .,0
"but as documentary filmmaker , zeus papagianakopoulous , is about to find out , the real story took place when the cameras weren't rolling .",0
"there's enough here to keep the sequel rocking , providing you can leave the adult in you at the door .",1
"investigating possible health code violations , "" jennifer/samantha "" , ( sara downing ) , a career-driven reporter for "" the philadelphia enquirer "" , checks in under the guise of a patient , in lieu of getting a hot story .",0
"alone in a cell , she undergoes a spiritual experience similar to that of the great mystics .",0
"if the story lacks bite , the performances are never less than affectionate .",1
they can not give her an explanation for these dreams .,0
"now a new terminaor whos has power over all machines , has been sent back to kill him , the terminatrix or t-x ( kristanna loken ) who doesn't require weapons as she has a laser cannon on her hand and is capable of turning herself into machinery .",0
"a beyond-lame satire , teddy bears' picnic ranks among the most pitiful directing debuts by an esteemed writer-actor .",1
"but when it comes down to it , the one thing stopping you from living your dreams is you .",0
"guzman's powerful and sometimes triumphant documentary is not only an excellent overview of the affair , but serves as the perfect finale to the monumental trilogy about the coup and its aftermath .",1
"ram dass fierce grace moulds itself as an example to up-and-coming documentarians , of the overlooked pitfalls of such an endeavour .",1
"dr . david gale , an advocate of eliminating the death penalty , is falsely accused of rape and murder .",0
"astrid magnussen is a 12 year old girl , living in california .",0
the pace and the visuals are so hyped up that a curious sense of menace informs everything .,1
"a delightful surprise because despite all the backstage drama , this is a movie that tells stories that work -- is charming , is moving , is funny and looks professional .",1
"meanwhile , paro , on the other hand , performed her worldly duties sincerely , but inside her heart , she could never forget devdas for a moment .",0
"[i]t's certainly laudable that the movie deals with hot-button issues in a comedic context , but barbershop isn't as funny as it should be .",1
"there , she isn't getting any luck in auditioning as a singer .",0
"the harrowing rescue of the young woman opens the door to a dark history hidden below the surface , revealing the true identity of the killer and answering the mystery of who killed jack's daughter .",0
"tunney , brimming with coltish , neurotic energy , holds the screen like a true star .",1
"one day in the life of a hit man , ronnie , who spends it trying to save the life of fellow hit man , august , who he had brought into the business three years ago .",0
"biography of brazilian actress odete lara , a sex symbol in theater , television , music , and cinema .",0
"after john anderton lost his son to a crime a six years ago , he took up drugs , and works the precog division like nobody else .",0
"at the same time other changes in sumo are being prompted by its growing popularity in the west , where its adherents are lobbying for sumo's inclusion in the olympic games even as other promoters are arranging amateur sumo tournaments in venues like las vegas casinos - tournaments that not surprisingly bear little resemblance to the sport's japanese forebear .",0
after realizing what had happened and unsure what else to do he began capturing the events unfolding around him .,0
"thomas narrowly escapes when his brother sean finds a wishbone , and suggests that they make a wish .",0
"all the more disquieting for its relatively gore-free allusions to the serial murders , but it falls down in its attempts to humanize its subject .",1
how much is he willing to sacrifice in order to pull off his charade ?,0
patricia gets increasingly unhappy within the materialistic las vegas scene .,0
"wounded and outgunned , sam shows the kids what it means to stand up for something .",0
"in the last days of the second world war , an american administrative lieutenant is captured by german forces during the battle of the bulge .",0
in the process they have tortured villagers and something dreadful happens and rupi disappears .,0
"chris jones ( malik yoba ) is a strong , independent , black man who finds himself lost on a desolate road .",0
blau ( trevor griffiths ) needs a favor for old times' sake .,0
they carry out a sentence pronounced by rule of law .,0
"as the sisters approach the end of an era , and the end of an order , they search their souls in an examination of their life's work .",0
"ever notice the similarities between steve "" the crocodile hunter "" irwin and boba fett ?",0
"family ties and mob allegiances become confused as betrayals , reprisals , and changes of heart set the stage for an unexpected climax .",0
lauren hynde ( shannyn sossamon ) is technically a virgin .,0
"cold , pretentious , thoroughly dislikable study in sociopathy .",1
"back when the earth was being overrun by glaciers , and animals were scurrying to save themselves from the upcoming ice age , a stupid sloth named sid , a woolly mammoth named manny , a saber-toothed tiger named diego , and an acorn-loving saber-toothed squirrel named scrat are forced to become unlikely heroes .",0
"until one night max had a dream , where he dreamt that his mother died in a car crash .",0
but this hope is quickly jeopardized when it becomes revealed that his comforting visitations may be being made from beyond the grave .,0
"a big , baggy , sprawling carnival of a movie , stretching out before us with little rhyme or reason .",1
"the film is a contrivance , as artificial as the video games japanese teens play in a nightclub sequence , but it's an enjoyable one .",1
jamie lee curtis ( true lies ) and lindsay lohan ( the parent trap ) star in the remake of the 1976 disney classic freaky friday .,0
"functions as both a revealing look at the collaborative process and a timely , tongue-in-cheek profile of the corporate circus that is the recording industry in the current climate of mergers and downsizing .",1
"everyone involved starts getting killed , with mitchell being the next in line .",0
a mysterious video tape is killing off anyone who watches it .,0
"terror at tate manor is an independent horror film set in a real haunted house , rich in ghost and spirit sightings , and quite active throughout the filming .",0
it's all about love is a fresh take on modern love and future life as two lovers struggle in a conspiracy of epic proportions .,0
"people were fleeing away from the air raids on kandahar , herat and others cities and villages .",0
consider the title's clunk-on-the-head that suggests the overtime someone put in to come up with an irritatingly unimaginative retread concept .,1
the only surprise is that heavyweights joel silver and robert zemeckis agreed to produce this ; i assume the director has pictures of them cavorting in ladies' underwear .,1
"the fight scenes are fun , but it grows tedious .",1
in the 1800's there was a woman that little children would take their old teeth ( ones they had recently lost ) to in exchange for a gold coin .,0
the movie would seem less of a trifle if ms . sugarman followed through on her defiance of the saccharine .,1
there's only one way to kill michael myers for good : stop buying tickets to these movies .,1
"despite its faults , this is a fascinating look at a subculture .",1
a father meets his lost but still beautiful love of the high school while his daughter wants to become a television star runaways is steve moore's ( austin o'brien ) story .,0
the ring just left me cold and wet like i was out in the seattle drizzle without rainwear .,1
dre is an executive with a hip-hop record company based in new york .,0
"if the count of monte cristo doesn't transform caviezel into a movie star , then the game is even more rigged than it was two centuries ago .",1
the best thing i can say about this film is that i can't wait to see what the director does next .,1
"set from his college student years , to his first victims , his capture , escape from prison ( twice ) , his final killing spree to his trial , conviction and execution .",0
ling min becomes the manager of haier factory when the factory is almost bankrupted .,0
"ong chooses to present ah na's life as a slight , weightless fairy tale , whose most unpleasant details seem to melt away in the face of the character's blank-faced optimism .",1
"thinking the young man is dead , a curious fisherman with a scalpel finds two bullets in his back and a miniature laser device in his hip .",0
"aimed at a new age audience , but its subject's sincerity and gentle , self-deprecating nature translate well to a general audience .",1
"as self-aware movies go , who is cletis tout ? is clever enough , though thin writing proves its undoing .",1
"the movie itself is timeless and universal , at once artless and sophisticated in its ability to engross .",1
"confuses its message with an ultimate desire to please , and contorting itself into an idea of expectation is the last thing any of these three actresses , nor their characters , deserve .",1
"a winning crowd-pleaser with more than enough juice to crossover with fans of all stripes , regardless of whether they even know anything about soccer or not .",1
"seeking a mental escape , simone begins to tune into what's happening with the other couples around her .",0
"as fran's requests become more peculiar , chep is thrown into increasingly bizarre situations .",0
"funny , somber , absurd , and , finally , achingly sad , bartleby is a fine , understated piece of filmmaking .",1
this indie drama resonantly demonstrates how a person's worth is weighed in a town where you're only as good as your last game .,1
"but when she recruits a new lodger for the downstairs flat , daniel finds himself falling for robert , the hot southern boy who's moved to the big city .",0
this movie in a single breath goes to the very heart of the russian experience .,1
"depending upon your reaction to this movie , you may never again be able to look at a red felt sharpie pen without disgust , a thrill , or the giggles .",1
an enchanting spectacular for potter fans anxious to ride the hogwarts express toward a new year of magic and mischief .,1
"scared of death , winnie must choose between being immortal and being with jesse or following the circle of life and dying someday .",0
"a succinct , intelligent and scintillating slice of cultural history .",1
"if you like quirky , odd movies and/or the ironic , here's a fun one .",1
"later , otte distributes the donations he's collected throughout the year .",0
"writer/director walter hill is in his hypermasculine element here , once again able to inject some real vitality and even art into a pulpy concept that , in many other hands would be completely forgettable .",1
"perceiving his resignation as cowardice , his friends and fiancee give him four white feathers , the symbol of cowardice , but little do they know he's actually going undercover and plans to redeem his honor .",0
"overall , the film misses the brilliance of jelinek's novel by some way . it settles for being merely grim .",1
"nete is a tough woman of 35 who runs her job , husband , and teenage daughter with a firm and efficient hand .",0
they ought to be a whole lot scarier than they are in this tepid genre offering .,1
"occasionally funny and consistently odd , and it works reasonably well as a star vehicle for zhao .",1
". . . with the gifted pearce on hand to keep things on semi-stable ground dramatically , this retooled machine is ultimately effective enough at achieving the modest , crowd-pleasing goals it sets for itself .",1
"the movie's gloomy atmosphere is fascinating , though , even if the movie itself doesn't stand a ghost of a chance .",1
but he strongly believed testing was needed for all actors &#38 ; actresses in the porn industry .,0
renata is a young high-class girl and ulises is a poor guy .,0
"the film makes strong arguments regarding the social status of america's indigenous people , but really only exists to try to eke out an emotional tug of the heart , one which it fails to get .",1
"the new guy does have a heart . now , if it only had a brain .",1
"but before he is able to set out on his expedition , the professor , along with the tablet , are taken hostage by a group of mercenaries , led by the vicious philipe gallo .",0
"miller is playing so free with emotions , and the fact that children are hostages to fortune , that he makes the audience hostage to his swaggering affectation of seriousness .",1
"to complete the deal , he must bring a young american hustler boy ( who is taken to rio not knowing that he'll be killed in a snuff film ) .",0
their task is now cut out for them : plan a - get into the fashion extortion business plan b - stage india's biggest bank robbery to get the diamonds back plan c - decamp with the loot .,0
"anna must make a decision about honoring her father's wishes to go to italy and learn about her heritage , while her three friends each search for the perfect relationship . . .",0
"sands also convinces jorge ramirez ( retired-fbi , has old scores to settle with barrillo ) to come out of retirement and take out barrillo and dr . guevera ( personal dr . to barrillo , killed jorge's partner a long time ago ) , who brutally tortured and killed ramirez' fbi partner .",0
"not that it's been easy - every day ben juggles countless hours in the pool ( training for a critical swim meet ) , with a job at the local hospital , and finding quality time with his high school sweetheart , amy .",0
"if you're a crocodile hunter fan , you'll enjoy at least the "" real "" portions of the film . if you're looking for a story , don't bother .",1
"s1m0ne's satire is not subtle , but it is effective . it's a quirky , off-beat project . . . .",1
"too much of storytelling moves away from solondz's social critique , casting its audience as that of intellectual lector in contemplation of the auteur's professional injuries .",1
"when things don't quite go as planned , reverend teams up with la teen trouble-maker rose and down-on-his-luck has-been star j . w .",0
"she doesn't want christina to suffer as she has , so sam goes to the edge to try to save the life of this lost girl - whether she wants to be saved or not .",0
"rodney boland is a professional hit man who "" services "" politicians and their wealthy backers .",0
"spanning from post world war ii during the late 1950's through the irish mob wars of the 1970's and culminating in their adulthood in the 1990's , the story is set to the backdrop of backroom politics and the realities of the irish mob and it's gang wars .",0
"caso você sinta necessidade de sair da sala antes do término da projeção , não se preocupe : ninguém lhe enviará penas simbolizando covardia .",1
an action movie shot in real time that plays out like a shot-em-up video game .,0
"however tina disregards him and chooses not to respond to his first e-mail , in turn pooja decides to keep in touch with him but signs under tina's name .",0
too timid to bring a sense of closure to an ugly chapter of the twentieth century .,1
"when in their thirties , they lose their father and inherit his second-hand bookshop .",0
the girls have unwittingly botched up a diamond delivery to the middle east .,0
"after spending a year in a mental instituton , molly peters finally returns home to her mother .",0
"the desperate miauczynski personalizes our own fears and obsessions , which have become so visible recently .",0
"when his wayward sister , kassie ( kerry washington ) , goes missing eddie burns finds himself subjected to a fiendish and ingenious campaign of revenge by the mysterious charlie strom ( gary oldman ) .",0
"human nature talks the talk , but it fails to walk the silly walk that distinguishes the merely quirky from the surreal .",1
"thanks to scott's charismatic roger and eisenberg's sweet nephew , roger dodger is one of the most compelling variations on in the company of men .",1
"although estela bravo's documentary is cloyingly hagiographic in its portrait of cuban leader fidel castro , it's still a guilty pleasure to watch .",1
"rather than spreading good cheer , the duo's motive is to rob each establishment , a strategy that becomes complicated when they encounter an 8-year-old who teaches them the true meaning of christmas .",0
"an impossible romance , but we root for the patronized iranian lad .",1
the unluckiest man in vegas ( william h . macy ) - a guy whose bad luck is contagious - is used by the last of the old time mob run casinos to kill high rollers' action .,0
"follows the original film virtually scene for scene and yet manages to bleed it almost completely dry of humor , verve and fun .",1
"for all its alleged youthful fire , xxx is no less subservient to bond's tired formula of guns , girls and gadgets while brandishing a new action hero .",1
"the characters' connect in a maze of situations , underpinning the idea that 'geography is destiny' and that each of us has our own 'republic' , where lives intersect .",0
schütte's dramatic snapshot of the artist three days before his death offers an interesting bit of speculation as to the issues brecht faced as his life drew to a close .,1
. . . comes alive only when it switches gears to the sentimental .,1
raimi and his team couldn't have done any better in bringing the story of spider-man to the big screen .,1
"five hundred years before columbus ( 996 a . d . ) , a young norwegian viking with the heart of a lion and the soul of a poet discovers america while on a quest to bring his loved one to 'the top of the world' .",0
nete forces a doctor to tell her how much time he has left .,0
. . . an agreeable time-wasting device -- but george pal's low-tech 1960 version still rules the epochs .,1
"schaeffer has to find some hook on which to hang his persistently useless movies , and it might as well be the resuscitation of the middle-aged character .",1
a seasoned call girl is offered a way out of the business if she uncovers a blackmail ring in a house of prostitution .,0
"the final result makes for adequate entertainment , i suppose , but anyone who has seen chicago on stage will leave the theater feeling they've watched nothing but a pale imitation of the real deal .",1
"a virus has scaped in a secret facility called "" the hive "" turning all researchers into hungry zombies and releasing their mutated lab "" animals "" that they were studying .",0
"it's "" best in show "" meets "" strictly ballroom "" via "" kids in the hall "" .",0
this angst-ridden territory was covered earlier and much better in ordinary people .,1
rarely does such high-profile talent serve such literate material .,1
riveting when it focuses on the challenges of crossing a generational divide .,1
john quincy archibald's son michael collapses while playing baseball as a result of a heart failure .,0
"the quest now set before them ends in a love , a lie and a legend that has lasted a thousand years .",0
"parker probably thinks he's shaking up a classic the way kenneth branagh and baz luhrmann have , but this half-hearted messing-about just makes us miss wilde's still-contemporary play .",1
they intend to bring her back to tel-aviv in order to save her life .,0
"eight year old peter carlson tries to save his family from eviction by "" blackmailing santa "" .",0
"this tenth feature is a big deal , indeed -- at least the third-best , and maybe even a notch above the previous runner-up , nicholas meyer's star trek vi : the undiscovered country .",1
"keeping her mind diligently focused on dance proves harder than she expected as she finds herself falling in love with david schrader , a dark and mysterious new york musician .",0
"purely propaganda , a work of unabashed hero worship , it is nonetheless -- and likely inadvertently -- a timely and invaluable implicit reminder of the role that u . s . foreign policy has played in the rise of castro .",1
"a positively thrilling combination of ethnography and all the intrigue , betrayal , deceit and murder of a shakespearean tragedy or a juicy soap opera .",1
"claire soon learns that to navigate the military justice system , she'll need help from the somewhat unconventional charlie grimes ; meanwhile , claire's sister , jackie , is falling in love with wet-behind-the-ears lieutenant embry assigned as the official defense lawyer .",0
peckerhead try to brainwash all the gays into being heterosexuals . . .,0
"at times he seems to share nicholas's fascination , but then appears more interested in making inroads with the girls at school .",0
"this picture is murder by numbers , and as easy to be bored by as your abc's , despite a few whopping shootouts .",1
what could have been a neat little story about believing in yourself is swamped by heavy-handed melodrama .,1
"instead of being the happy father-in-law , shocked jack attempts to kill himself back in las vegas as he realizes patricia's rejection .",0
a young man chasing his dream is hunted by his solitude when he finds he just made the wrong decisions .,0
"the two towers between mordor and isengard , barad-d&#250 ; r and orthanc , have united in their lust for destruction .",0
"an eloquent , reflective and beautifully acted meditation on both the profoundly devastating events of one year ago and the slow , painful healing process that has followed in their wake .",1
dr . evil and mini-me have somehow escaped from a maximum security prison and the duo team up with goldmember .,0
"the zany search for the shoes begins , as she follows the footsteps through the lively streets of havana , running into the quirky , colorful characters that bring viva zapato and dolore's dream .",0
"facing her past , culturally and emotionally , eve finds herself caught up in the independent movement of armenia , and the crisis of commitment with the man whom she falls in love .",0
the project's filmmakers forgot to include anything even halfway scary as they poorly rejigger fatal attraction into a high school setting .,1
"diana , who secretly returns jose's affection , comes to his rescue , but is taken hostage .",0
"the deeper john digs , the clearer the mothman's purpose arises - only to leave his life in immediate danger , as it seems .",0
"a thoughtful , moving piece that faces difficult issues with honesty and beauty .",1
"a recess in a wall , as for holding a statue .",0
there follow three months of exhausting interrogation and isolation .,0
"takes one character we don't like and another we don't believe , and puts them into a battle of wills that is impossible to care about and isn't very funny .",1
"it's their familial ups and downs that shift this small , stubbornly poignant documentary . . . from the realm of special-interest audiences to the more universal theater of family psychodynamics .",1
"this compelling undercover documentary is not for the faint of heart , taking you deep into a world where very often pain and blood are the price of glory .",0
john j . is a seasoned hit man sent on a job to argentina .,0
miller comes at film with bracing intelligence and a vision both painterly and literary .,1
"the story starts with hakimi , a freelance scriptwriter who is on his way to send his 7-year-old daughter , imelda , to his ex-wife's house on one stormy night .",0
mr . soderbergh's direction and visual style struck me as unusually and unimpressively fussy and pretentious .,1
"all of the elements are in place for a great film noir , but director george hickenlooper's approach to the material is too upbeat .",1
an homage to the early 1960s sex comedies that starred rock hudson and doris day .,0
"in prospect bay , a remote outpost on the south australian coast , two communities , the goonyas ( whites ) and the nungas ( blacks ) , come together on the one field they have in common , the football field .",0
"fame hungry roxie hart dreams of a life on the vaudville stage , and spends her nights jazzing it up in the bright lights of chicago , continually hoping that she'll find her lucky break , and be shot into 1920's stardom , so able to flee her boring husband amos .",0
"instead of admitting his guilt , the detective is given an unexpected alibi , but this "" solution "" only multiplies the emotional complexity and guilt over his partner's death .",0
the movie fails to portray its literarily talented and notorious subject as anything much more than a dirty old man .,1
provides an intriguing look at how the new economy has redrawn class lines in contemporary china .,1
"while "" real women have curves "" suffers from an obvious and simplistic screenplay , it's a bright looking , well-acted charmer .",1
"amid the new populist comedies that underscore the importance of family tradition and familial community , one would be hard-pressed to find a movie with a bigger , fatter heart than barbershop .",1
edgar becomes intent on laying down some new rules and turning his coddled son into someone who can take on the family farm .,0
"uplifting as only a document of the worst possibilities of mankind can be , and among the best films of the year .",1
alex enlists the aid of his old comrade father thomas ( addy ) and of a troubled artist ( sossamon ) upon whom he once performed an exorcism .,0
"the answer involves an insane florist , an irate fruit cart vendor , and a slimy lawyer named uncle stan .",0
"as night falls , the terrified group of young athletes must fight their own fears and prejudices and come together in a seemingly hopeless struggle asainst a winged nightmare , hellbent on stockpiling as many victims as it can on the ultimate night of its grizzly , ritual feast .",0
"while on a ski trip , one of them finds passion with a beautiful girl after a random accident on the icy slopes .",0
"viewed on its own terms , treasure planet is better-than-average family entertainment , but true fans of the stevenson's novel will likely prefer disney's more faithful 1950 live-action swashbuckling classic .",1
he dies before he gets a chance to communicate with the spirit and his dead body with the ouija board is left to the devices to his strung out friends .,0
"he explains that her dream place can be everywhere , even within this rotten shack .",0
"triple x is a double agent , and he's one bad dude . when you've got the wildly popular vin diesel in the equation , it adds up to big box office bucks all but guaranteed .",1
"as now-senator padm&#233 ; amidala returns to coruscant to vote on an important senatorial matter , an assassination attempt on her life prompts the jedi council to send jedi knight obi-wan kenobi and his padawan anakin skywalker to protect her and find out who the assassin is .",0
"the son of zamindar narayan mukherjee , devdas ( shahrukh khan ) was born with a silver spoon in his mouth .",0
"he is to build the palace and be covered in gold , if not , his fate is to be eaten by crocodiles .",0
completely creatively stillborn and executed in a manner that i'm not sure could be a single iota worse . . . a soulless hunk of exploitative garbage .,1
behan himself knew how to spin a tale and one can't help but think he'd appreciate this attempt to turn his life into art .,1
"vesa , a 16-year old bulgarian girl , cannot speak .",0
"trapped won't score points for political correctness , but it may cause parents a few sleepless hours -- a sign of its effectiveness .",1
resident evil may be brain dead but it's great popcorn entertainment nonetheless .,1
"it's all entertaining enough , but don't look for any hefty anti-establishment message in what is essentially a whip-crack of a buddy movie that ends with a whimper .",1
"in the surroundings of the bookstore , a lot of criminal , but also funny activities take place .",0
it offers an important lesson about how a supposedly simple disagreement can get so far out of hand that lives are lost .,1
"this throws him in with the minister's daughter , you guessed it , the mousy seemingly awkward yet beautiful girl with an angelic heart , and she sings too .",0
"although attorney matt murdock is blind , his other four senses function with superhuman sharpness .",0
"the characters seem one-dimensional , and the film is superficial and will probably be of interest primarily to its target audience .",1
"as laughable is his vanity fair interview , incriminating of "" the gay mafia "" for his fall , "" my dinner with ovitz "" is even funnier as it rams the actual interview headlong into coppola's "" godfather . """,0
"with the exception of mccoist , the players don't have a clue on the park . the acting isn't much better .",1
"it's like every bad idea that's ever gone into an after-school special compiled in one place , minus those daytime programs' slickness and sophistication ( and who knew they even had any ? ) .",1
"it's her millionaire boss , george wade ( hugh grant ) .",0
"'in this poor remake of such a well loved classic , parker exposes the limitations of his skill and the basic flaws in his vision . '",1
"with one exception , every blighter in this particular south london housing project digs into dysfunction like it's a big , comforting jar of marmite , to be slathered on crackers and served as a feast of bleakness .",1
""" catch me "" feels capable of charming the masses with star power , a pop-induced score and sentimental moments that have become a spielberg trademark .",1
"it has a caffeinated , sloppy brilliance , sparkling with ideas you wish had been developed with more care , but animated by an energy that puts the dutiful efforts of more disciplined grade-grubbers to shame .",1
"it's like a "" big chill "" reunion of the baader-meinhof gang , only these guys are more harmless pranksters than political activists .",1
"much like its easily dismissive take on the upscale lifestyle , there isn't much there here .",1
one day alice enters the shop with her little daughter .,0
"despite a quieter middle section , involving aragorn's dreams of arwen , this is even better than the fellowship . there are scenes of cinematic perfection that steal your heart away .",1
"following in the reality-based tv trend , tv producer chase renzi played by renee russo , wants mitch to star in her new show about the day-to-day activities of a real cop ( think cops ) .",0
when rebecca went away to college john thought webcams would help them keep in touch .,0
"turin , italy : philippa paccard , deeply disappointed by the police's lax investigation following her husband's drug death , places a bomb in the dealer's cover office .",0
the girl he wanted to run away with and share the rest of his life .,0
"locations include niger , finland , micronesia , australia , china , siberia or greenland .",0
kat and shaun are both bandleaders struggling to make a name for themselves in the contemporary music industry .,0
"the course of their experiences ultimately involves with sammy boi , an aggressive rapper caught in a bad contract while on of his songs is a major radio hit ; joan vicks , a devious a&#38 ; r executive for viewpointe records , randy tigge , a drug addicted , cross-dressing rock star ; and michael dileo , the chairman of viewpointe record , who some simply call satan .",0
her paranoia seeps insidiously into her newfound fantasy life and overwhelms it - destroying everything in its wake .,0
the classic tale of 'peter pan' continues in disney's sequel 'return to never land' .,0
"regardless , he promises to watch over his little brother as their parents head off to a party for the night .",0
or does kip just want to destroy the planet ?,0
. . . a pretentious and ultimately empty examination of a sick and evil woman .,1
"that night , however , a ghost does escape , tailing the young girl in the city of prague .",0
will anyone who isn't a fangoria subscriber be excited that it hasn't gone straight to video ?,1
it is her destiny to sing in the movies a final wish before the afterlife .,0
he is locked up in a chinese prison where he is guilty until proven innocent .,0
"the colorful cast of characters includes the addlepated cafe owner , freddy , picasso's sexy young femme dujour , his pompous art dealer , and a mysterious visitor from the future .",0
a universally accessible family fantasy with a stronger sense of its time and place than most live-action films can claim .,1
the story of the couple is told to a woman in a nursing home ( rowlands ) by an old man who regularly visits to read her the story from a notebook .,0
"a sad , superior human comedy played out on the back roads of life .",1
this test does not measure a persons aptitude at reading writing or arithmetic .,0
"the only hope against it is a new upgraded t-800 unit , the t-850 , that is sent back by the human resistance .",0
"a first-class , thoroughly involving b movie that effectively combines two surefire , beloved genres -- the prison flick and the fight film .",1
"set in malaya during the japanese occupation in the 1940s , this film tells the story of a girl , embun , who's thrown into the forefront of the struggle against the japanese when her freedom-fighter brother , bayu , and father are detained by the japanese .",0
a film that begins with the everyday lives of naval personnel in san diego and ends with scenes so true and heartbreaking that tears welled up in my eyes both times i saw the film .,1
"ripped of her humanity , testud's christine becomes a working stiff of greek proportions .",1
"he holds her prisoner while awaiting the surgery , but she escapes and hides out until she raises enough money to flee to the u . s . when she arrives in new york , she is placed in a detention center .",0
"in its combination of religion , love story and exotic locales , "" heaven "" is a bit reminiscent of james michener's "" hawaii , "" although this is a somewhat simpler , more personal tale .",1
"after a number of failed attempts , they finally arrive by boat and stumble across a german radar station .",0
"this is the true story of molly craig , a young black australian girl who leads her younger sister and cousin in an escape from an official government camp , set up as part of an official government policy to train them as domestic workers and integrate them into white society .",0
is office work really as alienating as 'bartleby' so effectively makes it ?,1
"the actors don't inhabit their roles -- they're trapped by them , forced to change behavior in bizarre unjustified fashion and spout dialog that consists mostly of platitudes .",1
"the waterlogged script plumbs uncharted depths of stupidity , incoherence and sub-sophomoric sexual banter .",1
"just teetering south of puberty , young thomas harris has discovered that instead of looking at stars , he can use his new telescope to study the beautiful woman next door .",0
"new hampshire , 1972 : will murphy , fledgling restaurant mogul , amateur lounge singer and go-go bar owner is stumbling after his own version of the american dream .",0
"moore's complex and important film is also , believe it or not , immensely entertaining , a david and goliath story that's still very much playing itself out .",1
"despite slick production values and director roger michell's tick-tock pacing , the final effect is like having two guys yelling in your face for two hours .",1
"it is , by conventional standards , a fairly terrible movie . . . but it is also weirdly fascinating , a ready-made eurotrash cult object . it is also , at times , curiously moving .",1
"the story follows mirabelle , a disenchanted salesgirl and aspiring artist who sells gloves and accessories at neiman marcus .",0
a week or so later the lapd is tipped off about his whereabouts and they break down the door of the seedy motel room that he's hiding out in and throw him in la county's celebrity wing .,0
"however a school teacher warned the train , so the gang and all the others in the pub ended up in a shootout with scores of policemen .",0
a tale of three women who have reached a turning point in their lives .,0
so he starts to write an expose and disguises himself as a naive astronaut named zip martin .,0
"so , alexi starts to bribe members of the different teams to cause more trouble than necessary on the field , and the viewers love it .",0
"anna obtains a retraining order against her stalker but she still worries about him , huddled outside her home on a cold , windy night .",0
"it almost plays like solaris , but with guns and jokes .",1
"in capturing the understated comedic agony of an ever-ruminating , genteel yet decadent aristocracy that can no longer pay its bills , the film could just as well be addressing the turn of the 20th century into the 21st .",1
"a captivatingly quirky hybrid of character portrait , romantic comedy and beat-the-clock thriller .",1
a skillfully made example of your typical schwarzenegger action film .,1
"a washed-up 80's pop star ( ferguson ) suddenly has a new direction in life when he discovers that he has a teenage daughter , olivia , ( church ) , in cardiff , wales .",0
the chaotic lead characters are not the sorts one will usually see in a disney film and that makes for a certain amount of unpredictability before it all returns to business as usual .,1
"rachael is called to travel home by ex-boyfriend rafe , to a small bleak island in the north sea that she ran away from some 5 years ago to find her wayward mother .",0
i love the opening scenes of a wintry new york city in 1899 . cinematic poetry showcases the city's old-world charm before machines change nearly everything .,1
the boy gets a shock when he comes to know that the job involves spying sharad's wife .,0
"based very loosely on robert ludlum's novel , the bourne identity is the story of a man whose wounded body is discovered by fisherman who nurse him back to health .",0
"fresh and raw like a blown-out vein , narc takes a walking-dead , cop-flick subgenre and beats new life into it .",1
"harboring a secret , john guides angela to a shocking realization that will uncover the past .",0
"while felice eventially convinces sam that she's his long-lost and thought-to-be-dead sister , she doesn't succeed in convincing him that the fbi is after him for past crimes .",0
"searching for validity , recognition , and truth , he befriends a quirky computer genius and a kickboxing goddess , who all help one another realize what they have been missing from their lives .",0
"takes a clunky tv-movie approach to detailing a chapter in the life of the celebrated irish playwright , poet and drinker .",1
"fred , daphne , velma , shaggy and scooby soon realize that they cannot solve this mystery without help from each other .",0
payami is to be applauded for taking biting potshots at such volatile issues as iran's outmoded electoral process and women's status as second-class citizens .,1
"bigelow handles the nuclear crisis sequences evenly but milks drama when she should be building suspense , and drags out too many scenes toward the end that should move quickly .",1
"a story of faith , family relations , and finding yourself .",0
"max is surrounded by treachery and can trust no one , including natalie , the dangerously beautiful cia agent assigned to watch over him .",0
"emerging from the human psyche and showing characteristics of abstract expressionism , minimalism and russian constructivism , graffiti removal has secured its place in the history of modern art while being created by artists who are unconscious of their artistic achievements .",0
"johann christoph haizmann , who lived in the 1650s , was a painter and a deeply disturbed individual .",0
the sequel to spy kids ; the second film revisits the adventures of the previous film .,0
"as the end of times approaches , an angel and a demon must team up to sort out the whole mess . . .",0
"rises and falls on the strength of its individual episodes . mostly , it rises , though its extreme length ill suits its anecdotal structure ( or perhaps vice versa ) .",1
"niccol the filmmaker merges his collaborators' symbolic images with his words , insinuating , for example , that in hollywood , only god speaks to the press",1
an art whose medium is one of flesh and bone .,0
"they all try to cope with the situation - he has only three weeks left , and you don't argue with a dying man .",0
"julian , a young heroin addict tattoos a ouija board on his back to communicate with a spirit he has known .",0
"they literally bump heads one night , and become best friends .",0
"very well made , but doesn't generate a lot of tension .",1
no doubt the star and everyone else involved had their hearts in the right place . where their heads were is anyone's guess .,1
"but as each retreats into their private worlds of fantasy , a much more lively story unfolds - a story of confrontations that should have happened , of secrets that need to be revealed .",0
"while awaiting trial , zoe is confined to house arrest , where she alternates falling in love with her frequent visitor and parole officer , daly , and trying to prove her innocence to regain her life and freedom .",0
"scooby doo is surely everything its fans are hoping it will be , and in that sense is a movie that deserves recommendation .",1
graffiti removal : the act of removing tags and graffiti by painting over them .,0
"firefighter gordon brewer is plunged into the complex and dangerous world of international terrorism after he loses his wife and child in a bombing credited to claudio "" the wolf "" perrini .",0
depressingly thin and exhaustingly contrived . only masochistic moviegoers need apply .,1
paid in full is remarkably engaging despite being noticeably derivative of goodfellas and at least a half dozen other trouble-in-the-ghetto flicks .,1
what elevates the movie above the run-of-the-mill singles blender is its surreal sense of humor and technological finish .,1
"if the movie is finally stuck halfway been cinema and prose , miller proves that it's not an unfertile place to linger .",1
"in his sleepy home town on the english coast , nothing much inspires him . . . apart from bowls .",0
"steve's best friend , sean , on the other hand , hasn't been so lucky .",0
jimmy wayne garrick is bitten by a stray dog one night on his way home and becomes obsessed with the idea that he is becoming a werewolf .,0
"it all starts to smack of a hallmark hall of fame , with a few four letter words thrown in that are generally not heard on television .",1
"a profoundly stupid affair , populating its hackneyed and meanspirited storyline with cardboard characters and performers who value cash above credibility .",1
"an energizing , intoxicating documentary charting the rise of hip-hop culture in general and the art of scratching ( or turntablism ) in particular .",1
"thoughtless , random , superficial humour and a lot of very bad scouse accents",1
"people on the site work monotonously , in a fervor , then dazed , trance-like .",0
"from the creative mind of pulizter winner dave barry , comes a film following a chain of events inspired by the arrival of a mysterious suitcase in miami .",0
"renée zellweger , catherine zeta-jones , richard gere , queen latifah and even sad-faced ol' john c . reilly will have you singin' and dancin' in the aisles .",1
"he picks up solitary women , uses them briefly for a job , then kills them .",0
"josh is about to turn 30 ; he's mentally retarded , and likes to play at being a vampire .",0
the filmmaker's heart is in the right place . . .,1
"director and co-writer hilary birmingham's maiden feature is a strong , polished , professional indie effort that bodes well for bigger success .",1
just an average comedic dateflick but not a waste of time .,1
now the assassin and the cop must join forces - so sue can avenge her sister's death and hong can prove her innocence in a spectacular confrontation at chow nunn's headquarters . . .,0
"human resources was a good , straightforward tale , but time out is better . it's haunting . it's like a poem .",1
things never seem to be the way they really are .,0
as smoochy catapults to fame - scoring hit ratings and the affections of a jaded network executive randolph makes the unsuspecting rhino the target of his numerous outrageous attempts to exact revenge and reclaim his status as america's sweetheart .,0
"what we have is a character faced with the possibility that her life is meaningless , vapid and devoid of substance , in a movie that is definitely meaningless , vapid and devoid of substance .",1
blake falls in love with melinda but the master compels blake to marry ariel against his will to keep him away from melinda his kept woman .,0
a little more intensity and a little less charm would have saved this film a world of hurt .,1
"whenever the victim watches it , the phone rings , telling them they have only one week to live .",0
take care of my cat offers a refreshingly different slice of asian cinema .,1
"with its lackadaisical plotting and mindless action , all about the benjamins evokes the bottom tier of blaxploitation flicks from the 1970s .",1
director andrew niccol . . . demonstrates a wry understanding of the quirks of fame . his healthy sense of satire is light and fun . . . .,1
chabrol ratchets up such a level of suspense -- and huppert gives such a mesmerizingly deadpan performance -- that merci pour le chocolat turns out to be as irresistible as a piece of dark chocolate .,1
"when the fire burns out , we've only come face-to-face with a couple dragons and that's where the film ultimately fails .",1
"while seeing them in the act of love making , billy kills his wife and best friend .",0
"the work of an exhausted , desiccated talent who can't get out of his own way .",1
"harper and serkis are terrific , while caine carries the film with the authority of a man who has been here before .",1
""" some like it hot "" meets "" stir crazy "" describes the antics of the film .",0
sort of an existential version of a seinfeld episode .,1
"never giving up the fight to win the war , mcnamara is silently planning , waiting for his moment to strike back at the enemy .",0
the government sends in an elite military task force lead by alice ( jovovich ) and rain ( rodriguez ) to contain the virus in three hours before it escapes and infects the rest of the world .,0
"feels aimless for much of its running time , until late in the film when a tidal wave of plot arrives , leaving questions in its wake .",1
the rare movie that's as crisp and to the point as the novel on which it's based .,1
"the women clash as plans go awry , tragedy strikes , and hearts get broken .",0
they are known as masters of the runaway art .,0
and the little red light from a laser rifle sight is proof that the caller isn't kidding .,0
"with salvage crews ordered to clear the crash zone for the busy easter traffic , the locals undertook their own salvage operation , making it their best easter ever .",0
boasts enough funny dialogue and sharp characterizations to be mildly amusing .,1
"when an older woman , mutt , an eccentric hustler with a heart , and her dog fort pass by , janey "" s solitude is forever changed .",0
"the film engages with the divergent paths taken , linked by childhood friendship and a mewling kitten , but a third act event is presented so abruptly it confuses the viewer until it rebounds somewhat with a satisfying closure .",1
bernal's transformation from naive priest to tortured adulterer to hard-nosed careerist is riveting .,1
"the police investigation that followed - led by detectives sam nico ( ted levine ) , louis cruz ( frankie g . ) and mike peters ( m . c .",0
"this isn't a terrible film by any means , but it's also far from being a realized work .",1
"after ten years of being ignored by record producers , jacki and the band find hope in one producer who promises to see them play and consider them for a contract .",0
with this relation the characters will discover lot of things about their past .,0
poignant if familiar story of a young person suspended between two cultures .,1
"a broadly played , lowbrow comedy in which the cast delivers mildly amusing performances and no farm animals were injured by any of the gags .",1
"in the small town , local cop connie struggles with many sightings of a mothlike creature taller than a man being reported , while john believes that an explanation for his wife's fate can be found .",0
they are five cinderellas in search of prince charming and a new chance in life .,0
a forceful drama of an alienated executive who re-invents himself .,1
"the vitality of the actors keeps the intensity of the film high , even as the strafings blend together .",1
"breen's script has deadpan wit , though it becomes a little labored as it goes along .",1
"for decades we've marveled at disney's rendering of water , snow , flames and shadows in a hand-drawn animated world . prepare to marvel again .",1
"after a decade of hidden feelings , divorces and failed relationships , they both finally reveal their true feelings for one another - to find out they both are in love with the other .",0
"one of patricia's early followers is francis hiller ( edward albert jr . ) , jack's son and katherine's stepbrother , a successful local businessman .",0
"so in order for michael's quick and complete recovery , john takes the emergency room hostage until the doctors agree to get the transplant successful .",0
"it is in this great maritime empire , where opulence rhymes with tolerance , that isabel organizes secret passages for refugees fleeing the inquisition while clara falls in love with a venetian noble , paolo zane .",0
"as a hybrid teen thriller and murder mystery , murder by numbers fits the profile too closely .",1
if high crimes were any more generic it would have a universal product code instead of a title .,1
"a theme park owned by a man named , mondavarious .",0
"also , a conservative judge and the attorney general become suspicious of his early release and it's relation to the murdered prisoner .",0
'cq may one day be fondly remembered as roman coppola's brief pretentious period before going on to other films that actually tell a story worth caring about,1
"watching les destinées , whose pace may not be for everyone , is to be virtually part of the creative process .",1
"if you're willing to have fun with it , you won't feel cheated by the high infidelity of unfaithful .",1
a movie that will wear you out and make you misty even when you don't want to be .,1
an incoherent jumble of a film that's rarely as entertaining as it could have been .,1
my wife is an actress is an utterly charming french comedy that feels so american in sensibility and style it's virtually its own hollywood remake .,1
an original little film about one young woman's education .,1
"sam and ash become good friends as they fight to save celebi from the new team rocket villain , the iron-masked marauder and his darkball , which turns pok&#233 ; mon evil and augments their powers to the maximum .",0
"fbi agent will graham has been called out of early retirement to catch a serial killer , known by authorities as "" the tooth fairy "" .",0
"ram&#243 ; n salazar , spanish director defines his first feature stones in this way .",0
"after a wild session of lovemaking , dawn goes for a walk .",0
"[reno] may have a few grating gaps in logic and feels as if a good chunk of its story ended up on the cutting room floor , but there is just enough charm and humor peppered throughout to make it feel as if it wasn't a complete waste of time to sit through .",1
"jason x has cheesy effects and a hoary plot , but its macabre , self-deprecating sense of humor makes up for a lot .",1
"tony stilano and trev spackneys both own , live over and work in adjoining take-away fish shops in melbourne .",0
"instead of a hyperbolic beat-charged urban western , it's an unpretentious , sociologically pointed slice of life .",1
"strong filmmaking requires a clear sense of purpose , and in that oh-so-important category , the four feathers comes up short .",1
"a banker , husband , and father , mr . smith ( larry pine ) must leave it behind him .",0
the movie is the strangest experience : a matter-of-fact thing that swallows you whole .,1
"we're not talking a disney treasure here , but if treasure planet falls short of gem status , it should provide youngsters with a reasonable amount of diversion .",1
five screenwriters are credited with the cliché-laden screenplay ; it seems as if each watered down the version of the one before .,1
it uses the pain and violence of war as background material for color .,1
""" mudbloods "" ( people of muggle families ) are "" petrified "" by an evil monster lurking in the grounds .",0
"nemesis has a delightfully nasty villain and pumped-up action , albeit along familiar lines .",1
"every member of the pecking order sees the dupe as the new low man on the totem pole , and as a result , the perfect tool to boost themselves towards the top of this dysfunctional hierarchy .",0
"you may be captivated , as i was , by its moods , and by its subtly transformed star , and still wonder why paul thomas anderson ever had the inclination to make the most sincere and artful movie in which adam sandler will probably ever appear .",1
just isn't as weird as it ought to be .,1
"why sit through a crummy , wannabe-hip crime comedy that refers incessantly to old movies , when you could just rent those movies instead , let alone seek out a respectable new one ?",1
"pascale bailly's rom-com provides amélie's audrey tautou with another fabuleux destin -- i . e . , a banal spiritual quest .",1
"an intense relationship drama that takes the form of a mystery , the event centers around a series of unexplained deaths that occur among the gay community in new york's fashionable chelsea district .",0
"the cooler is bernie lootz ( william h . macy ) , and the cooler is a love story about the changing fortunes of this down-at-heels loser who has made a career out of spreading his virulent bad luck on the floor of las vegas' aging shangri-la casino .",0
warren schmidt ( nicholson ) is forced to deal with an ambiguous future as he enters retirement .,0
colt seeks the repair of a femininity damaged by an earlier incest .,0
it is so refreshing to see robin williams turn 180 degrees from the string of insultingly innocuous and sappy fiascoes he's been making for the last several years .,1
"eccentric enough to stave off doldrums , caruso's self-conscious debut is also eminently forgettable .",1
"some body is a shaky , uncertain film that nevertheless touches a few raw nerves .",1
"it's difficult to imagine that a more confused , less interesting and more sloppily made film could possibly come down the road in 2002 .",1
"documentary and drama carry spielrein's life into the cross-hairs of warring ideologies ( communism , national socialism ) .",0
"a movie that's full of deft , off-center observations about the world of filmmaking .",1
"by the end , only one thing is certain - justice is simply a toss of the coin .",0
"beary barrinson , a ten-year-old bear cub raised by humans , heads for tennessee to find his birth family .",0
"jackson , a cute , lanky , blue-haired poet who works in a record store , is at the center of everett lewis' twisted black la comedy .",0
succeeds very well in its primary aim of making us gasp .,1
"whether seen on a 10-inch television screen or at your local multiplex , the edge-of-your-seat , educational antics of steve irwin are priceless entertainment .",1
"what the film lacks in general focus it makes up for in compassion , as corcuera manages to find the seeds of hope in the form of collective action .",1
"in 1949 , laura brown , a pregnant housewife , is planning a party for her husband , but she can't stop reading the novel 'mrs .",0
an enjoyably half-wit remake of the venerable italian comedy big deal on madonna street .,1
"torn between his father's dream of making a hospital ( which he can realize by marrying sonia ) and his own personal emotions for dr . neha , akash has to choose either .",0
area k tells a story of arabs and jews who are struggling together to make a living from the sea in the midst of territorial bloodshed .,0
"the parts are better than the whole ( bizarre , funny , tragic - like love in new york ) .",1
combine the paranoid claustrophobia of a submarine movie with the unsettling spookiness of the supernatural -- why didn't hollywood think of this sooner ?,1
"little does he know , he is investigating some of the biggest events of the star wars saga , as he finds out that there is a connection between the assassination attempts and a separtists movement led by a former jedi ( christopher lee ) against the republic .",0
not just unlikable . disturbing . disgusting . without any redeeming value whatsoever .,1
it's hard to imagine that even very small children will be impressed by this tired retread .,1
"based on the classic sci-fi novel by h . g . wells , "" the time machine "" stars guy pearce in the role of scientist and inventor , alexander hartdegen , who is determined to prove that time travel is possible .",0
"paravasu's cousin and bitter rival yavakri ( nagarjuna ) has just returned triumphant after 10 years of practicing austerities in the jungle , with the gift of universal knowledge from the gods .",0
"the film , while not exactly assured in its execution , is notable for its sheer audacity and openness .",1
"among the drove is a pair of con men , on a decadent road trip as santa and his elf .",0
"the actors pull out all the stops in nearly every scene , but to diminishing effect . the characters never change .",1
"two multinational corporations opt for trial by combat , to swiftly and inexpensively settle their differences .",0
"reapers , a new breed of vampire that feed off humans and vampires , emerge with plans for world domination and blade must team with the bloodpack , an elite team of vampire warriors specifically trained to hunt him , in order to defeat this new menace .",0
"meanwhile , assistant chief holland , the only man in the department willing to stand up to the sis , threatens to end perry's brand of singlehanded "" justice "" on the los angeles streets .",0
"while gypsy's unprecedented disappearance perplexes the entire music industry , she retreats with her husband to the desolation of cape cod in winter . . .",0
"now i can see why people thought i was too hard on "" the mothman prophecies "" .",1
"a documentary examining the december 2nd , 1999 assassination of microsoft ceo bill gates in los angeles , and the group of key players seeking to unravel the mystery of his alleged assassin as well as the circumstances surrounding his death .",0
burns' fifth beer-soaked film feels in almost every possible way -- from the writing and direction to the soggy performances -- tossed off .,1
"is anyone else out there getting tired of the whole slo-mo , double-pistoled , ballistic-pyrotechnic hong kong action aesthetic ?",1
this temporary city is the 6th largest in nevada .,0
has just enough charm ( not to mention a sense of its own ridiculousness ) to stay afloat .,1
"her hatred of the world is only matched by her love of musicals the good , old fashioned american ones ( of course ) .",0
"in a fit of desperation he challenges god and vents that if only he had god's power , he could solve all his problems .",0
"a very bizarre blend of reservoir dogs , fight club , unbreakable and croupier .",1
she's not disappointed - oliver turns out to be a nightmare .,0
this becomes somewhat of a problem when all of the dead scientists come back to life in search of a snack .,0
"the film captures intense footage of several art events as well as interviews with burning man organizers larry harvey ( also co-founder ) , crimson rose and will roger who explain how , what started in 1986 as an impromptu summer solstice celebration , put on by a few friends at a beach in san francisco , has turned into a full-blown exercise in city planning and management with a hefty price-tag .",0
". . . flat-out amusing , sometimes endearing and often fabulous , with a solid cast , noteworthy characters , delicious dialogue and a wide supply of effective sight gags .",1
"unlike conventional movies , kill bill is told in chapter format making the narrative flow more like a book than a film .",0
"finally paula , who ran away from home and got pregnant , is now in a relationship she doesn't want .",0
"on the verge of judgement day , the most advanced terminator unit ever , the t-x , arrives from the future to ensure the rise of the machines .",0
"a nicely constructed film with an unusual , though not unheard-of theme for chinese cinema .",1
"paramount to her world is gene , a wealthy disturbed businessman who has slowly become her benefactor over the years .",0
"the regulus submarines were the forerunners of these weapons , and proved the concept that stabilized the cold war .",0
"it's the kind of movie you can't quite recommend because it is all windup and not much of a pitch , yet you can't bring yourself to dislike it .",1
"carlton "" niche "" james ( cory barlog ) is a man on a mission .",0
"narrative may be looser than baby teeth , but amy's orgasm is such a verbosely in-depth exploration of female sensuality and identity .",1
"with some encouragement from tom ( paul bettany ) , the self-appointed town spokesman , the little community agrees to hide her and in return , grace agrees to work for them .",0
an ironic speculation on democracy in a culture unaccustomed to it .,1
drank water from a spring that was actually a fountain of youth .,0
"if you think it's a riot to see rob schneider in a young woman's clothes , then you'll enjoy the hot chick .",1
nothing more than an amiable but unfocused bagatelle that plays like a loosely-connected string of acting-workshop exercises .,1
"divine secrets of the ya-ya sisterhood may not be exactly divine , but it's definitely -- defiantly -- ya ya , what with all of those terrific songs and spirited performances .",1
a collage of clichés and a dim echo of allusions to other films .,1
griffin & co . manage to be spectacularly outrageous .,1
chaos ensues as the patrons of the establishment band together to fight for their lives .,0
the decisions he makes when confronted with this new truth will affect him forever .,0
roxie hart is a married chorus girl with hopes of being a headliner in vaudeville .,0
but her husband always has prevented her realization of this fact .,0
a cruelly funny twist on teen comedy packed with inventive cinematic tricks and an ironically killer soundtrack,1
more dutiful than enchanting . . . terribly episodic and lacking the spark of imagination that might have made it an exhilarating treat .,1
"she may not be real , but the laughs are .",1
"mois&#233 ; s kaufman and members of new york's tectonic theater project went to laramie , wyoming after the murder of matthew shepard .",0
mark pellington's latest pop thriller is as kooky and overeager as it is spooky and subtly in love with myth .,1
"you wouldn't call the good girl a date movie ( an anti-date movie is more like it ) , but when it's good , it's good and horrid .",1
"however , the manner in which he decides to suicide is quite peculiar : he allows himself to be abducted by a cult , whose members treat him as their "" king "" for one year ( he is given a castle , concubines , gifts , etc . . . ) , and then murder him as an atonement for their yearly sins .",0
"the plot has a number of holes , and at times it's simply baffling .",1
visually exciting sci-fi film which suffers from a lackluster screenplay .,1
"as a technical exercise that redefines moviemaking , it is astonishing .",1
"whenever it threatens to get bogged down in earnest dramaturgy , a stirring visual sequence like a surge through swirling rapids or a leap from pinnacle to pinnacle rouses us . if horses could fly , this is surely what they'd look like .",1
"the principals in this cast are all fine , but bishop and stevenson are standouts .",1
it's as if de palma spent an hour setting a fancy table and then served up kraft macaroni and cheese .,1
"the kind of history lesson that you wouldn't mind seeing again and again , no matter the format .",1
"when he is told that he is being considered for the position of anchorman , he goes out to do a live feed but when it is announced that evan baxter was going to be the new anchorman , and he freaks out .",0
"everyone's favorite mad scientist herbert west is currently in jail after having state's evidence turned against him by his former assistant , dan cain .",0
"an authentically vague , but ultimately purposeless , study in total pandemonium .",1
"adrien , a former high-flying bank robber , recently released from prison and suffering from an incurable form of cancer . . .",0
it treats us to beautiful insights and tragic struggles that swell the heart and make us feel genuine empathy for two people embracing the truth amidst a pack of lies .,1
"new york serves as a backdrop for a cast of characters in search of love , lust or lucre including a woman who makes awkward moves on the man renovating her soho loft , an embezzler , a sleazy artist and a phone psychic .",0
"ice age is the first computer-generated feature cartoon to feel like other movies , and that makes for some glacial pacing early on .",1
this movie . . . doesn't deserve the energy it takes to describe how bad it is .,1
celebrities are talking about him on mtv and girls are fighting over him on jerry springer .,0
these four robbed a bank and hijacked an entire town for 3 days .,0
one of those films that started with a great premise and then just fell apart .,1
"the film is probably worth seeing for the sheer spectacle of it all , for the sake of obtaining valuable information , and for finding more closure on a story that has always been missing several pieces .",1
"while on vacation in italy , frances mayes ( lane ) buys a villa in the tuscan countryside and decides to begin anew .",0
"in venice , italy , a team of expert theives pulls a daring heist of 35 million dollars in bars of gold .",0
"thus , christina spends the rest of the movie searching for him with her best friend courtney .",0
the way coppola professes his love for movies -- both colorful pop junk and the classics that unequivocally qualify as art -- is giddily entertaining .,1
"although they have fallen into a habitual rivalry based on a cause long forgotten , the pair unite when the multinational fast-food outlet "" burgies "" unveils a new store directly opposite the twin fish &#38 ; chips shops .",0
"jack , a lonely driver on a desert highway , runs out of gas .",0
"alex rose , a 23-year-old filmmaker arrives in hollywood , to pursue his dream .",0
a sluggish pace and lack of genuine narrative hem the movie in every bit as much as life hems in the spirits of these young women .,1
"not having enough money , he angrily attempts to rape her .",0
"there are many things that solid acting can do for a movie , but crafting something promising from a mediocre screenplay is not one of them .",1
"and even if the answer is "" yes , "" what then ?",0
now all they have to do is pick the right guy .,0
brosnan's finest non-bondish performance yet fails to overcome the film's manipulative sentimentality and annoying stereotypes .,1
"this will cause tremendous natural disasters , wiping out life as we know it .",0
their relationship has seen better days and jessica acquiring a clapped-out 1984 skoda doesn't make things easier .,0
niko prefers to pen his berlin tales on the counter of a funky bar behind the shark tank .,0
"just when it seems martha's influence may be having a favorable effect on greg's attitude , his old ways win out .",0
"at least it's a fairly impressive debut from the director , charles stone iii .",1
"terminally bland , painfully slow and needlessly confusing . . . the movie , shot on digital videotape rather than film , is frequently indecipherable .",1
"his older brother dale , suspects that there is nothing wrong with brian and that this is just a ploy for more attention .",0
"an entertaining romp that stays true to the material's television roots , this film is a good starting point for viewers unfamiliar with the series .",1
having arrived at hole in the wall they meet a mysterious stranger and all hell breaks loose . . .,0
a movie in which two not very absorbing characters are engaged in a romance you can't wait to see end .,1
"a rollicking ride , with jaw-dropping action sequences , striking villains , a gorgeous color palette , astounding technology , stirring music and a boffo last hour that leads up to a strangely sinister happy ending .",1
"a man gets into a car and makes a farewell address to his young daughter , explaining why he will blow himself up as a protest against the dictatorship he lives in .",0
"jason loses an important story assignment entitled 'big fat liar' in movie producer marty wolf's ( paul giamatti ) limo , which wolf then turns into a film .",0
raja also manages to go to malaysia with them .,0
"a 19th century insane asylum is memorialized by a captivating montage of inventories , histories , and brain surgeries .",0
"so fiendishly cunning that even the most jaded cinema audiences will leave the auditorium feeling dizzy , confused , and totally disorientated . not to mention absolutely refreshed .",1
"as underwater ghost stories go , below casts its spooky net out into the atlantic ocean and spits it back , grizzled and charred , somewhere northwest of the bermuda triangle .",1
"nearly surreal , dabbling in french , this is no simple movie , and you'll be taking a risk if you choose to see it . i enjoyed the ride ( bumps and all ) , creamy depth , and ultimate theme .",1
"henry bean's thoughtful screenplay provides no easy answers , but offers a compelling investigation of faith versus intellect",1
"a dim-witted and lazy spin-off of the animal planet documentary series , crocodile hunter is entertainment opportunism at its most glaring .",1
could matty finish a porn movie before his legs get broken by tokyo tony ?,0
"[f]rom the performances and the cinematography to the outstanding soundtrack and unconventional narrative , the film is blazingly alive and admirable on many levels .",1
there he encounters dawn's family who tie him down and put him on trail for the murder of the girl years before .,0
"it is most remarkable not because of its epic scope , but because of the startling intimacy it achieves despite that breadth .",1
"both , ghisu and rupi are in a situation ; where on one side is their love for kanna and on the other side is the conviction to fight for justice .",0
"despite the authenticity of the trappings , the film is overblown in its plotting , hackneyed in its dialogue and anachronistic in its style .",1
"the main characters are simply named the husband , the wife and the kidnapper , emphasizing the disappointingly generic nature of the entire effort .",1
"branagh , in his most forceful non-shakespeare screen performance , grounds even the softest moments in the angry revolt of his wit .",1
the daughter is trying to get to know her unwilling mother .,0
"wise , cruelly observant of human nature and hysterically funny .",1
"too ordinary to restore [harmon] to prominence , despite some creepy scenes that evoke childish night terrors , and a praiseworthy attempt to generate suspense rather than gross out the audience .",1
"when [reno] lets her radical flag fly , taking angry potshots at george w . bush , henry kissinger , larry king , et al . , reno devolves into a laugh-free lecture .",1
this story is a heartbreaking look into the addiction of smoking and its consequences to the loved ones of the smoker .,0
"affectionately reminds us that , in any language , the huge stuff in life can usually be traced back to the little things .",1
in the end there is one word that best describes this film : honest .,1
"by applying definition to both sides of the man , the picture realizes a fullness that does not negate the subject .",1
"a beguiling , slow-moving parable about the collision of past and present on a remote seacoast in iran .",1
i suspect this is the kind of production that would have been funnier if the director had released the outtakes theatrically and used the film as a bonus feature on the dvd .,1
when it's over all that they got is a bag full of black gems which is what the man who hired them wanted .,0
"everybody , especially the police captain , refuses to believe nick's story , and soon the harbor will be filled with boats for the 4th of july celebrations . . .",0
"for too long the children have been abused , molested , neglected , exploited , and killed , and their tormentors have escaped through the cracks in the justice system .",0
"when the gammasphere goes wrong , bruce banner is afflicted with the ability to turn into a mammoth creature soon dubbed 'the hulk' , a manifestation of his own inner demons that he mutates into when it is emotionally triggered .",0
"well-acted , well-directed and , for all its moodiness , not too pretentious .",1
too clumsy in key moments . . . to make a big splash .,1
hank azaria and vincent d'onofrio also star as does screenwriter/comedienne heather morgan as the canine wife .,0
a fairly harmless but ultimately lifeless feature-length afterschool special .,1
"his unemployment and the fact that there is no woman in the house to care for the children , evelyn , noel and brendan , make it clear to the authorities that his is an untenable situation .",0
"a special kind of movie , this melancholic film noir reminded me a lot of memento . . .",1
"chomsky's voice may be unpopular , but his incisive arguments , based on decades of research and analysis , are heard and considered in this chronicle comprised of interview footage , and various talks he's given .",0
katie is a young girl who loves to climb .,0
now he is messing with forces from beyond the grave .,0
"finch must stop their wedding , but stifler refuses to tell him the date and locaction of the wedding .",0
"like a veteran head cutter , barbershop is tuned in to its community .",1
"during his tenure , he was responsible for such revolutionary films as the godfather , rosemary's baby , love story , the odd couple , harold and maude and chinatown .",0
billy is now ready to play the ultimate showman !,0
"until she leaves to the kitchen and he finds out that under the bed a male shoe that does not belong to him is carefully hidden by a male hand , under his own eyes .",0
"academy award winner angelina jolie stars as sarah jordan , an american living in london in 1984 .",0
it somehow managed to make its way past my crappola radar and find a small place in my heart,1
"as literary desecrations go , this makes for perfectly acceptable , occasionally very enjoyable children's entertainment . you'll forget about it by monday , though , and if they're old enough to have developed some taste , so will your kids .",1
"marked by past scars and quickly running out of time , graham finds himself tangled in a heap of madness , sacrificing his work , his family , and above all his own life , to put an end to pure evil .",0
"using only a phone , a polaroid camera and his wits , he reclaims control over his life , transforming himself from pawn to puppet master in a wicked tale of revenge .",0
"the fascination comes in the power of the huston performance , which seems so larger than life and yet so fragile , and in the way the ivan character accepts the news of his illness so quickly but still finds himself unable to react .",1
"sudden fame does not seem to solve everything , however .",0
"anna changes her mind : when some rich , ignorant american couple wondering about if they should buy the house asks for the swimming pool ( while the mediterranean is half a mile away ) , she simply doubles the charge , and finally puts the "" for sale "" plate into the garbage can .",0
"[city] reminds us how realistically nuanced a robert de niro performance can be when he is not more lucratively engaged in the shameless self-caricature of 'analyze this' ( 1999 ) and 'analyze that , ' promised ( or threatened ) for later this year .",1
the fact that the filmmakers family is integral to this slice of life takes us that much closer to it all .,0
"though tom shadyac's film kicks off spookily enough , around the halfway mark it takes an abrupt turn into glucose sentimentality and laughable contrivance .",1
"soon , against his own expectations and the scorn of his friends , landon finds himself falling in love with this outwardly plain girl who possesses a passion for life he never imagined possible .",0
remember when bond had more glamour than clamor ? no more .,1
those who love him today risk being heartbroken tomorrow . . .,0
"still suffering from her hangover , julie doesn't realize that ellen is missing when the school bus leaves the cemetery .",0
"city by the sea is the cinematic equivalent of defensive driving : it's careful , conscientious and makes no major mistakes . but what saves lives on the freeway does not necessarily make for persuasive viewing .",1
"part contemporary investigation and part historical inquiry , documentary follows the quest of one journalist in search of justice .",0
"the film hinges on its performances , and both leads are up to the task .",1
"even though frode is only 7 years old , he doesn't really believe in monsters .",0
"scotland looks wonderful , the fans are often funny fanatics , the showdown sure beats a bad day of golf .",1
this is an exercise not in biography but in hero worship .,1
"there's . . . tremendous energy from the cast , a sense of playfulness and excitement that seems appropriate .",1
will tom be able to persuade his naturally cautious and terminally confused fianc&#233 ; e to work through all the damage and chaos ?,0
"if you're like me , a sucker for a good old fashion romance and someone who shamelessly loves to eat , then mostly martha offers all the perfect ingredients to more than satisfy your appetite .",1
"there's a scientific law to be discerned here that producers would be well to heed : mediocre movies start to drag as soon as the action speeds up ; when the explosions start , they fall to pieces .",1
"the driver finds himself in a dangerous , yet highly political situation ; this time being pursued by a helicopter gunship while carrying a passenger with a suitcase . . .",0
rice is too pedestrian a filmmaker to bring any edge or personality to the rising place that would set it apart from other deep south stories .,1
the surprising skill and compassion that group's makers exhibit turns what could have been an uninvolving actor's exercise into a compelling and complicated emotional stew .,1
"in the hilarious comedy daddy day care , two fathers ( eddie murphy , jeff garlin ) lose their jobs in product development at a large food company and are forced to take their sons out of the exclusive chapman academy and become stay-at-home fathers .",0
they feel they are at the end of their rope and know they need a big stash of cash to make their musical dreams a reality .,0
"it sounds like another clever if pointless excursion into the abyss , and that's more or less how it plays out .",1
pero alargando la mano ya no consiguen dinero suficiente y salva decide aprovechar el ambiente general y hacerse pasar por un nuevo mes&#237 ; as .,0
"i certainly found its depiction of a family affected by grief far more believable and effective than the strident dish-breaking , breast-beating of in the bedroom .",1
"succumbs to the same kind of maudlin , sentimental mysticism that mars the touched by an angel school of non-god spiritual-uplift movies .",1
it takes us finally to the comedy clubs that for so many years we saw only at the beginning and end of seinfeld .,1
"jacquot's rendering of puccini's tale of devotion and double-cross is more than just a filmed opera . in his first stab at the form , jacquot takes a slightly anarchic approach that works only sporadically .",1
to help him complete his manuscript he hires stenographer emma .,0
""" issaquena "" chronicles the decay of a wealthy mississippi delta family in the 1930's .",0
"winnie is a free-spirited 15-year-old in a stuffy victorian household who stumbles on the tucks , a strange family hiding out on the family grounds .",0
"skins has a right to yawp , and we have a right to our grains of salt .",1
a well-crafted film that is all the more remarkable because it achieves its emotional power and moments of revelation with restraint and a delicate ambiguity .,1
"forced to think fast , the producer decides to digitally create an actress "" simone "" to sub for the star--the first totally believable synthetic actress .",0
"it might be 'easier' to watch on video at home , but that shouldn't stop die-hard french film connoisseurs from going out and enjoying the big-screen experience .",1
at this far away place he bares his inside .,0
noyce films it more as a shocking history lesson than as drama .,1
sam mendes has become valedictorian at the school for soft landings and easy ways out .,1
"then , he must take the money from the e sale to the industrial district where a drunken old gun runner makes him hide in the closet when he gets a visitor then he takes the gun to a modern day opium den where t-mon , a spaced out pimp , cannot get a card trick right .",0
"forced to exist between living and dead , and only revealing their skeleton forms in the moonlight , the pirates intend to use elizabeth's blood and necklace ( a part of their curse ) to return to their normal state .",0
"an engaging and specific portrait of a culture in transition , even as it evokes humanity's most universal and timeless values .",1
"when an international criminal ( dacascos ) kidnaps the daughter of a gang leader ( dmx ) as part of a diamond heist , it causes a city's police to engage in an intensive search ( led by a government agent played by li ) , aided by the father's gangsters .",0
"whip smart , alluring as hell , dynamic , and sexually predatory .",0
"story of annette kellerman , the international swimming vaudeville and silent screen star whose life story inspired the mgm classic million dollar mermaid starring esther williams , which featured lavish busby berkeley scenes .",0
"lovingly photographed in the manner of a golden book sprung to life , stuart little 2 manages sweetness largely without stickiness .",1
"soon , he finds that his fellow patients are being murdered one by one .",0
"during quinn's surveillance of tasha , planning for the perfect moment to make his kill , he becomes infatuated with her beauty and pure innocence .",0
"and to turn this dream into a reality he looks forward to his son , akash .",0
"preposterous and tedious , sonny is spiked with unintentional laughter that , unfortunately , occurs too infrequently to make the film even a guilty pleasure .",1
"crime can most certainly pay , if you "" know wot i mean ? """,0
"as before , the resistance was able to send another t-800 as a protector for john , and its still a question of which one will reach him first . . .",0
""" frida "" is a good film that has some brilliant moments of artistry throughout .",1
this could be lizzy's only chance to start a new life and recreate the family she tragically lost as a child .,0
seeing these old cars in recent films and photographs one wonders how they have maintained them after decades with no spare parts and an embargo by the united states .,0
"through intimate vignettes of the milliner family , tiz's close-knit crew , his pregnant girlfriend , his overzealous manager , and his mentor , the legendary kool g rap , tiz's hopes and the quiet despair of his "" book of life filled with pain "" gradually emerge .",0
imamura has said that warm water under a red bridge is a poem to the enduring strengths of women . it may also be the best sex comedy about environmental pollution ever made .,1
"fontaine indulges her signature style , creating a carefully measured film -- the kind whose impact slowly sneaks up on its audience and haunts them long after leaving the theatre .",1
"borstal boy represents the worst kind of filmmaking , the kind that pretends to be passionate and truthful but is really frustratingly timid and soggy .",1
"[davis] has a bright , chipper style that keeps things moving , while never quite managing to connect her wish-fulfilling characters to the human race .",1
"this is as respectful a film as byatt fans could hope for , though lovers of the book may wonder why it's necessary .",1
the war of the ring has now begun . . .,0
"as the empire strikes back was to star wars , so harry potter and the chamber of secrets is to last year's freshman introduction . in short , it's bigger and better .",1
"there is a fine psychological thriller about divided loyalties and ambiguous identities buried with all the rubble and the maimed bodies , and mr . han and ms . kim play their slightly absurd roles with brisk sincerity",1
"full of unforgiving irony and quiet realism , a song for martin stands as a powerful and moving achievement .",1
"this latest installment of the horror film franchise that is apparently as invulnerable as its trademark villain has arrived for an incongruous summer playoff , demonstrating yet again that the era of the intelligent , well-made b movie is long gone .",1
"when they fall in love for the first time , it's an impossible situation , because you can't just change your life overnight .",0
"a sexy , peculiar and always entertaining costume drama set in renaissance spain , and the fact that it's based on true events somehow makes it all the more compelling .",1
a grimly competent and stolid and earnest military courtroom drama .,1
all these developments and challenges facing santa weigh down the plot so heavily that they drain all the film of its energy and needlessly strain credibility .,1
clerick john preston ( bale ) is a top ranking government agent responsible for destroying those who resist the rules .,0
"more than simply a portrait of early extreme sports , this peek into the 1970s skateboard revolution is a skateboard film as social anthropology . . .",1
"one of the threads follows the brand new ( unmarried ) prime minister ( grant ) of the united kingdom , who on his first day in 10 downing street falls in love with the girl ( mccutcheon ) who brings him his tea ( thompson plays his sister ; rickman plays her husband ) .",0
"having had the good sense to cast actors who are , generally speaking , adored by the movie-going public , khouri then gets terrific performances from them all .",1
"at times funny and at other times candidly revealing , it's an intriguing look at two performers who put themselves out there because they love what they do .",1
the plan slowly unravels when sarah and her lover suspect that her husband has found out .,0
"[gosling's] combination of explosive physical energy and convincing intelligence helps create a complex , unpredictable character .",1
"jolie gives it that extra little something that makes it worth checking out at theaters , especially if you're in the mood for something more comfortable than challenging .",1
"'dragonfly' dwells on crossing-over mumbo jumbo , manipulative sentimentality , and sappy dialogue .",1
"there aren't enough jedi to defend the republic against the threat , so chancellor palpatine enlists the aid of jango fett , who promises that his army of clones will handle the situation .",0
the cast is uniformly excellent . . . but the film itself is merely mildly charming .,1
"in the 1870s , jacobina , daughter of german immigrants to southern brazil , starts to break with both the catholic and lutheran churches to preach body healing through soul cleansing .",0
his story explores the ramifications of leaving afghanistan and living as a refugee in america .,0
"the movie details the experiences of 'peter pan' author j . m . barrie , which lead him to write the children's classic .",0
"i'm not a fan of the phrase 'life affirming' because it usually means 'schmaltzy , ' but real women have curves truly is life affirming .",1
"nearly 75 years after the fact , the matter still hasn't given up all its secrets , but denis' film comes close to a definitive , deeply disturbing account .",1
salma goes native and she's never been better in this colorful bio-pic of a mexican icon .,1
"stitch is a bad mannered , ugly and destructive little * * * * . no cute factor here . not that i mind ugly ; the problem is he has no character , loveable or otherwise .",1
"here the love scenes all end in someone screaming . maybe there's a metaphor here , but figuring it out wouldn't make trouble every day any better .",1
second in a three-part anthology on relationships between humans and aliens .,0
"for a film about two mismatched buddies , crystal and de niro share little screen time and even less chemistry .",1
"tonight at hamilton high , the lesson is survival .",0
"it may sound like a mere disease-of- the-week tv movie , but a song for martin is made infinitely more wrenching by the performances of real-life spouses seldahl and wollter .",1
i like my christmas movies with more elves and snow and less pimps and ho's .,1
"tsai has a well-deserved reputation as one of the cinema world's great visual stylists , and in this film , every shot enhances the excellent performances .",1
"she comes from nothing and finally gets everything , but . . .",0
"despite its flaws , crazy as hell marks an encouraging new direction for la salle .",1
"his best film remains his shortest , the hole , which makes many of the points that this film does but feels less repetitive .",1
"a young man lingers in the family home of his fiancee , after her accidental death .",0
a waste of fearless purity in the acting craft .,1
"a hitchcockian thriller in the spirit of 'rope' and agatha christie's 'ten little indians' that begs the question can murder , if done well , be considered art ?",0
"in trying to be daring and original , it comes off as only occasionally satirical and never fresh .",1
tackles the difficult subject of grief and loss with such life-embracing spirit that the theme doesn't drag an audience down .,1
"they also talk about their professional and personal experiences , and describe the places they visit .",0
"long before it's over , you'll be thinking of 51 ways to leave this loser .",1
"after pulling off an amazing gold bullion heist from a heavily guarded palazzo in venice , italy , charlie and his gang -- inside man steve ( norton ) , computer genius lyle ( green ) , wheelman handsome rob ( statham ) , explosives expert left-ear ( mos def ) and veteran safecracker john bridger ( sutherland ) - can't believe when one of them turns out to be a double-crosser .",0
"belongs to daniel day-lewis as much as it belongs to martin scorsese ; it's a memorable performance in a big , brassy , disturbing , unusual and highly successful film .",1
"guilt leads him to try to cover it up in the week before the wedding , high jinks ensue .",0
the rich woman seeks the help of her lawyers to find her lost grandson cary and eventually finds him living in a deprived area with cass .,0
"in this emotionally compelling documentary , sister helen opens a private home for recovering addicts and alcoholics in the south bronx after the death of her husband and two sons .",0
japan's premier stylist of sex and blood hits audiences with what may be his most demented film to date .,1
"few films have captured the chaos of an urban conflagration with such fury , and audience members will leave feeling as shaken as nesbitt's cooper looks when the bullets stop flying .",1
"she faces exams , completion of her thesis , and a competitive interview process , all of which is compounded when a police detective , wade handler ( bratt ) , begins investigating the two year-old disappearance of her boyfriend , embry langan ( hunnam ) , a young man whose memory haunts and obsesses her .",0
"weighted down with slow , uninvolving storytelling and flat acting .",1
gibney and jarecki just want to string the bastard up .,1
"wimps out by going for that pg-13 rating , so the more graphic violence is mostly off-screen and the sexuality is muted .",1
"she's not yet an actress , not quite a singer . . .",1
klaus is an actor and lives a life between attack and escape from love and desperation .,0
"while the new film is much more eye-catching than its blood-drenched stephen norrington-directed predecessor , the new script by the returning david s . goyer is much sillier .",1
"so muddled , repetitive and ragged that it says far less about the horrifying historical reality than about the filmmaker's characteristic style .",1
"for all of the contemporary post-colonialist consciousness that kapur tries to bring to the four feathers , the oddest thing about the movie is how it winds up affirming the same damn moldy values the material has always held dear .",1
"when jason sees a movie preview of his story , he and best friend kaylee ( amanda bynes ) go to los angeles to make wolf confess to using jason's story as well as to clear jason's name and to get him out of having to attend summer school .",0
"scientific ambition turns deadly , however , when the creature escapes and begins savagely stalking its prey - the human race .",0
one of the very best movies ever made about the life of moviemaking .,1
chris initiates an affair with ellen ; katrin walks in on them while they are bathing together .,0
"after some time the son and daughter-in-law must depart , leaving the old man alone with his dreams and fading breath .",0
"he has never truly recovered , however , and as the story progresses we vicariously experience his increasingly fragile grip on reality .",0
"with just hours left , can the code be broken to save the world from total annihilation ?",0
"a perfect example of rancid , well-intentioned , but shamelessly manipulative movie making .",1
""" juwanna mann ? "" no thanks . wewannour money back , actually .",1
the film is a coming-of-age story and also a dark comedy .,0
"as anakin is left behind to protect padm&#233 ; , his feelings for her grow into something more than friendship .",0
"during the year 2000 geyrhalter and his teams travelled to a different destination each month , looking for places untouched by the millennium hysteria .",0
"a naturally funny film , home movie makes you crave chris smith's next movie .",1
simon ( keith carradine ) a mysterious man with a past returns to iceland with the intention to end his no good life .,0
"true to its animatronic roots : . . . as stiff , ponderous and charmless as a mechanical apparatus . . . 'the country bears' should never have been brought out of hibernation .",1
"a few zingers aside , the writing is indifferent , and jordan brady's direction is prosaic .",1
"but slowly , their teenage-son alan ( kristian horn ) got suspicious that henry isn't his father .",0
"a fairly optimistic representation of family abuse , sexual , psychological and physical violence .",0
a bittersweet drama about the limbo of grief and how truth-telling can open the door to liberation .,1
that we are not the target and still got ninety percent of it is a compliment to director charles stone iii and screenwriters matthew cirulnick and thulani davis who whipped the original story into coherent shape .,1
"now escaped from prison , mel begins his quest for vengeance .",0
his reins in the countryside around the happy forest surpassed the sporadic attacks by the evil knight .,0
"in order to arrive at a possible explanation , michael moore takes on a deeper examination of america's culture of fear , bigotry and violence in a nation with widespread gun ownership .",0
this gives the girls a fair chance of pulling the wool over their eyes using their sexiness to poach any last vestige of common sense the dons might have had .,0
"gosling creates a staggeringly compelling character , a young man whose sharp intellect is at the very root of his contradictory , self-hating , self-destructive ways .",1
sunshine state is a fine example of a carefully written film . but you shouldn't be too aware that a movie is well-written .,1
"secretary manages a neat trick , bundling the flowers of perversity , comedy and romance into a strangely tempting bouquet of a movie .",1
( e . t . ) stands as a perfect movie-going experience that i don't believe will ever show signs of age .,1
"eul-boon kim's soulful portrayal of the illiterate , deaf-mute grandmother illuminates the dignity of her demeanor and the sad resignation in her eyes .",1
"when the lover and child catch up to the angel and the girl , too much time has passed . . .",0
the group of best friends from their days back at east great falls high reunite for the next great sexual adventure in their lives . . .,0
this being the offering of sexual favours to older gay men in order to subsidize their respective giros .,0
"matsumoto and sawako were a happy couple , but meddling parents and chase for success push the boy to a tragic choice .",0
a bigger holiday downer than your end-of-year 401 ( k ) statement .,1
a british officer sees the drummer chasing his canteen and mistakes him as a deserter running away through the woods .,0
this story of unrequited love doesn't sustain interest beyond the first half-hour .,1
"kyle's decline into a "" living hell "" is part of a journey to that thing we all battle within our selves .",0
and some of these ghosts are down right unfriendly .,0
it is intensely personal and yet -- unlike quills -- deftly shows us the temper of the times .,1
what's infuriating about full frontal is that it's too close to real life to make sense . what's invigorating about it is that it doesn't give a damn .,1
"egoyan's work often elegantly considers various levels of reality and uses shifting points of view , but here he has constructed a film so labyrinthine that it defeats his larger purpose .",1
a film without surprise geared toward maximum comfort and familiarity .,1
"during janis' annual birthday outing , she and her friends board a tour bus to visit local clubs and bars .",0
"having never been a huge fan of dickens' 800-page novel , it surprised me how much pleasure i had watching mcgrath's version .",1
the sisters of st john of god have maintained a presence in the kimberley for nearly 100 years .,0
"tired of his constant fixation on drinking and television , herk's wife anna and daughter jenny decide to find new love interests in divorced dad eliot arnold and his son matt .",0
sayles . . . once again strands his superb performers in the same old story .,1
"sure to stir up some controversy , callous sentiment is a true depiction of how violence can affect ones psyche .",0
"the movie is too cute to take itself too seriously , but it still feels like it was made by some very stoned college students .",1
"transcends its agenda to deliver awe-inspiring , at times sublime , visuals and offer a fascinating glimpse into the subculture of extreme athletes whose derring-do puts the x into the games .",1
but he's found a way to allow him to escape .,0
"lots of effort and intelligence are on display but in execution it is all awkward , static , and lifeless rumblings .",1
"its story may be a thousand years old , but why did it have to seem like it took another thousand to tell it to us ?",1
the boy's obsessive compulsive parents are played by wendie malick and stephen root .,0
"brings back nick tellis , fired 18-months ago when a stray bullet hits a pregnant woman .",0
"a movie just for friday fans , critics be damned . if you already like this sort of thing , this is that sort of thing all over again .",1
"watching queen of the damned is like reading a research paper , with special effects tossed in .",1
"soon it's not just harry who is worried about survival , as dreadful things begin to happen at hogwarts .",0
the woods haven't been this creepy since the blair witch project .,1
beautifully filmed and well acted . . . but admittedly problematic in its narrative specifics .,1
"her in-laws , who are tired of eva interfering in their lives , decide to set her up with someone so she can leave them alone .",0
hollywood vampyr is an expose of los angeles' gothic subculture as seen through the eyes of a young female vampire .,0
the best of the pierce brosnan james bond films to date .,1
but the reverie was broken when his family sent devdas to london for education .,0
"a chick flick of the first order , disguised by just enough historical detail to elevate the proceedings somewhat .",1
"unwilling to pay such a price for material success , she runs away to calcutta .",0
"andy , a charming struggling actor , in his late 20's , an irish james bond that came to hollywood to live 'the life' to its fullest , and carrie , a heart stopping , alluring babe , in her early 20's , who slowly begins to abandon her dream to the lure of the la glamorous life .",0
"with no known family , he leave his california roots for middle america in search of what may be a distant cousin .",0
"during that time , evelyn and her brothers suffer the abuses of living in orphanages while desmond struggles to secure finances .",0
"as a director , mr . ratliff wisely rejects the temptation to make fun of his subjects .",1
". . . [the film] works , due mostly to the tongue-in-cheek attitude of the screenplay .",1
the cumulative effect of the movie is repulsive and depressing .,1
the script is smart and dark - hallelujah for small favors .,1
bullock's complete lack of focus and ability quickly derails the film,1
"seeing no help forthcoming from the sheriff , she turns to the only other person who can help her , jack barone , a grieving father whose daughter , lisa , was the victim of a similar slaying ten years prior .",0
"rhinoceros eyes "" is a darkly humorous coming-of-age tale about chep ( michael pitt ) a reclusive young man , who gets comfort from the movies and his vivid imagination .",0
"nete's husband seeks comfort outside of their home , her daughter begins to rebel , and as the relationship between nete and her father has not been too good for years , things are bound to explode .",0
arcangel gets a message from his brother telling that their father is very sick .,0
a flawed film but an admirable one that tries to immerse us in a world of artistic abandon and political madness and very nearly succeeds .,1
"two sisters aged six years , no sooner see their remaining parent buried when they are torn apart .",0
it has been 10 years since a 13 year old eve has left her homeland and emigrated in nyc with her parents .,0
"the best part about "" gangs "" was daniel day-lewis .",1
"undercover fbi agent and former marine frank castle ( jane ) is devastated when his wife and children are killed when they accidentally witness a mafia hit , and with nothing left to lose , decides to dedicate himself fully to the eradication of crime ( organized and otherwise ) from america , as an army , assassin , judge and jury all rolled up into one man ( and a whole lot of guns ) : the punisher .",0
"sad and alone , caroline wanders the exotic city in search of ansers , finality , and peace of mind .",0
genuine movie magic . . . it transports you to a place somewhere between eavesdropping voyeur and silent referee .,1
the story is set against a relationship that forms between a runaway american teenage boy and a brazilian teenage girl who meet in the drug and gang controlled slums of rio de janeiro .,0
"but as the roles get bigger , the competition gets stronger , the stakes get higher , and now with an undercover thespian cop on his trail , max must struggle with his ongoing road to success and the choices he's made .",0
"hawn and sarandon hit the ground running , and are so funny and goofy that they distract and delight us .",1
"writer/director david caesar ladles on the local flavour with a hugely enjoyable film about changing times , clashing cultures and the pleasures of a well-made pizza .",1
"they're just a couple of cops in copmovieland , these two , but in narc , they find new routes through a familiar neighborhood .",1
"her recent divorce has left her with terminal writer's block and extremely depressed , and her best friend , patti , is beginning to think she might never recover .",0
"a fish-out-of-water comedy about a talented street drummer from harlem who enrolls in a southern university , expecting to lead its marching band's drumline to victory .",0
shaun brumder is a local surfer kid from orange county who dreams of going to stanford to become a writer and to get away from his disfunctional family household .,0
meticulously uncovers a trail of outrageous force and craven concealment .,1
wishing to free himself more firmly he locks himself into d&#233 ; pendance and lack of power .,0
"american and european cinema has amassed a vast holocaust literature , but it is impossible to think of any film more challenging or depressing than the grey zone .",1
"it has the charm of the original american road movies , feasting on the gorgeous , ramshackle landscape of the filmmaker's motherland .",1
this includes punishment for delivering a baby in the prison cell while all of the prison staff has taken shelter during an iraqi bombing .,0
"he speaks villon's poet "" i fell in love with your red hair "" .",0
"arthur herk , a corrupt business owner , wants to get his hands on the case .",0
he throws a book and as soon as it lands it's back where he picked it up .,0
raimi crafted a complicated hero who is a welcome relief from the usual two-dimensional offerings .,1
this means that his superiors hold him in high regard for his unblemished reputation and excellent track record .,0
"his best friend , daria knows just what to do and invites sebastien to a dinner party to meet "" the boys . """,0
"in the mean time , budcasso invites his spirit-fighting ex-wife mrs . bud lung ( troublesome night regular lan law ) to the wedding .",0
"the film is old-fashioned , occasionally charming and as subtle as boldface .",1
"in its own remarkable and unshowy way , this movie is truly about how sept . 11 seemed to equalize and unite new yorkers across imaginary barriers of class and lifestyle .",1
"the words , 'frankly , my dear , i don't give a damn , ' have never been more appropriate .",1
they spend their afternoons discussing theater and lucy's role as antigone in a school loneliness of the city more bearable .,0
"following the gruesome murder of a young woman in her neighborhood , a self-determined woman living in new york city--as if to test the limits of her own safety--propels herself into an impossibly risky sexual liaison .",0
"oh yes , and there are no rules in the game .",0
"director roger kumble offers just enough sweet and traditional romantic comedy to counter the crudity . and there's the inimitable diaz , holding it all together .",1
the best way to describe it is as a cross between paul thomas anderson's magnolia and david lynch's mulholland dr .,1
"it's the end of the world as metaphor for how we scuttle relationships , and it's a remarkably apt one .",1
"shaken , shae goes to check on her young daughter , sophie .",0
"nicklas lives a pretty normal teenage life , until one day , not far from graduation , when a gangster from his school beats him up .",0
"betting xxx can succeed where other conventional spies have failed , gibbons sends xxx to enter this world of crime undetected , using his natural athletic prowess and a whole lot of attitude .",0
"the 57-minute , color documentary feature film , wedding advice : speak now or forever hold your peace , explores contemporary american ambivalence about weddings and marriage .",0
every sequel you skip will be two hours gained . consider this review life-affirming .,1
paul must try to prove to everyone that this time he is in love rather than in lust .,0
there are only three u . s . states left .,0
"largely , this is a movie that also does it by the numbers .",1
"imagine the cleanflicks version of 'love story , ' with ali macgraw's profanities replaced by romance-novel platitudes .",1
he wants to realize the dream nurtured for year by his father .,0
"[a] superbly controlled , passionate adaptation of graham greene's 1955 novel .",1
"you watch for that sense of openness , the little surprises .",1
"it's not life-affirming  its vulgar and mean , but i liked it .",1
"leela is a true reflection of how the south asian-american community is beginning to emerge , blend , and influence the mainstream american culture in its own exquisite ways .",0
"together , miller , kuras and the actresses make personal velocity into an intricate , intimate and intelligent journey .",1
"what one is left with , even after the most awful acts are committed , is an overwhelming sadness that feels as if it has made its way into your very bloodstream .",1
upon his arrival he hears talk about monroe hutchen ( snipes ) who is the top ranked prison boxing champ 10 years running .,0
"anything anyone tells her to do , she must obey .",0
"director dan verete uses his camera as the metaphoric needle , and his cast in each segment as his thread , to form a sweeping tapestry of mis-explanation and contention .",1
"a determined , ennui-hobbled slog that really doesn't have much to say beyond the news flash that loneliness can make people act weird .",1
"even a hardened voyeur would require the patience of job to get through this interminable , shapeless documentary about the swinging subculture .",1
"are the experiences of the main character profound , or simply routine ?",0
staggers between flaccid satire and what is supposed to be madcap farce .,1
"after several fruitless attempts to sell the car , shirley dumps johnny , who has hopelessly fallen in love with her .",0
"the murdered psychiatrist's former boyfriend quickly becomes the prime suspect , a fanatical character named choi .",0
there has to be a few advantages to never growing old . like being able to hit on a 15-year old when you're over 100 .,1
"one stormy night , they go to get the shoes when calvin and the shoes are struck by lightning .",0
"dr . akash sinha is a respected neuro surgeon , who too is no less devoted to his professional than his father .",0
a belgian gem on the twilight existence of four sisters of a certain age drawn together reluctantly by the need to care for one of their number .,1
"care deftly captures the wonder and menace of growing up , but he never really embraces the joy of fuhrman's destructive escapism or the grace-in-rebellion found by his characters .",1
"it's sobering , particularly if anyone still thinks this conflict can be resolved easily , or soon .",1
"although it's a bit smug and repetitive , this documentary engages your brain in a way few current films do .",1
high crimes works to keep us involved and make us care .,1
"yes , it's as good as you remember . in fact , even better .",1
"essentially "" fatal attraction "" remade for viewers who were in diapers when the original was released in 1987 . . . . this story gets sillier , not scarier , as it goes along . . .",1
"in its ragged , cheap and unassuming way , the movie works .",1
"a princess is kidnapped by a sorceress , her fate is to be sacrificed to the evil demon verik .",0
collapses after 30 minutes into a slap-happy series of adolescent violence .,1
"ranks with such films as in the bedroom , ordinary people , and terms of endearment in the sensitivity with which it observes the effect a child's death on the remaining members of the family .",1
"the volatile dynamics of female friendship is the subject of this unhurried , low-key film that is so off-hollywood that it seems positively french in its rhythms and resonance .",1
"even if it ultimately disappoints , the picture does have about a matinee admission's worth of funny to keep it afloat .",1
this director's cut -- which adds 51 minutes -- takes a great film and turns it into a mundane soap opera .,1
""" funny valentine "" is about learning what it takes to find true love .",0
"however , boey and wayne get closer and johnny ( who had broken up with samantha ) falls for his new secretart , the paranoid sabrina .",0
"armed with a game supporting cast , from the pitch-perfect forster to the always hilarious meara and levy , like mike shoots and scores , doing its namesake proud .",1
she must finally step out of her rarefied world and confront the assumptions on which she's built her whole life .,0
fancy a real downer ? [leigh] lays it on so thick this time that it feels like a suicide race .,1
. . . its stupidities wind up sticking in one's mind a lot more than the cool bits .,1
strong setup and ambitious goals fade as the film descends into unsophisticated scare tactics and b-film thuggery .,1
harry potter is in his second year of hogwarts school of witchcraft and wizardry .,0
"denied political-prisoner-of-war status , he initiates a hunger strike .",0
"when every one suspects that it is him , the trio then set out to find the culprit and find out more than they bargained for : the diary of tom riddle , why hagrid was expelled and what the chamber of secrets is and why is it so feared in hogwarts .",0
it'll keep you wide awake and . . . very tense .,1
[diaz] can blunder into the crudest situations with such sweet innocence as to inspire giggles rather than groans .,1
braceface brandi chronicles the rise and fall of an overnight celebrity in a world's dumbest criminals-when good appliances go bad-busted on the job 7 kind of world .,0
"the question hanging over the time machine is not , as the main character suggests , 'what if ? ' but rather , 'how can you charge money for this ? '",1
director roger michell does so many of the little things right that it's difficult not to cuss him out severely for bungling the big stuff .,1
"unfortunately things don't go as planned , and when the kids' van breaks down at an old slaughterhouse , they are hunted down one by one . . .",0
"if you haven't seen the film lately , you may be surprised at the variety of tones in spielberg's work . much of it is funny , but there are also some startling , surrealistic moments . . .",1
"once while beating up one of his foes , he sees komal ( aishwarya rai ) and is so smitten by her beauty that he starts visualizing her wherever he goes and in whatever he does .",0
"others , more attuned to the anarchist maxim that 'the urge to destroy is also a creative urge' , or more willing to see with their own eyes , will find morrison's iconoclastic uses of technology to be liberating .",1
"a waterlogged version of 'fatal attraction' for the teeny-bopper set . . . a sad , soggy potboiler that wastes the talents of its attractive young leads .",1
"in the throes of falling for one another , they are soon forced to deal with the bitter realities of their lives prior to that chance encounter .",0
"miller tells this very compelling tale with little fuss or noise , expertly plucking tension from quiet .",1
"a powerful , compelling and intelligent if imperfect work . . . a film of enormous ambition which realizes its aims more often than not .",1
now he's back in the park where he used to meet her . . .,0
"a group of hi-tech troops are sent in to destroy the red dimension where the tall man gets his power , reggie ( reggie bannister ) follows so he can find mike ( a .",0
"a "" popular yet mean-spirited "" teenage girl wakes up one day to find herself turned into a man in his 30's ( schneider ) .",0
"in the process , he comes to understand that if he is to make it as a comic artist , he must engage with the community he comes from , take that experience back out into the world , and put it in his work .",0
"despite its old-hat set-up and predictable plot , empire still has enough moments to keep it entertaining .",1
"if you really want to understand what this story is really all about , you're far better served by the source material .",1
"a tropical setting : a dying man , his life a disaster of decadence and mis-spent emotion .",0
solondz may well be the only one laughing at his own joke,1
"when raj arrives in india , he is struck by tina's beauty but equally as struck to pooja's personality .",0
"if much of me without you strikes a familiar chord , it also intelligently captures the difficulties that can disrupt even a close friendship .",1
nolan bravely treads where few american films dare to delve -- into the world of ambivalence and ambiguity . . .,1
was it too much to ask to have one tank blow up one dragon ? what the hell ? !,1
"they have a son , jai , who is loved by everyone and who keeps the house alive .",0
"as they used to say in the 1950s sci-fi movies , signs is a tribute to shyamalan's gifts , which are such that we'll keep watching the skies for his next project .",1
with the machine they travel across the country ( uruguay ) traing to escape to brazil .,0
"to cure their boredom , they decide to ( inspired after watching the movie , "" the sure thing "" ) go on various road trips looking for love .",0
boasts eye-catching art direction but has a forcefully quirky tone that quickly wears out its limited welcome .,1
"his family decides to go back on a holiday to india for 2 weeks , when tina discovers the truth about pooja's e-mails , they decide together that tina will play along with the charade .",0
"the wonderfully lush morvern callar is pure punk existentialism , and ms . ramsay and her co-writer , liana dognini , have dramatized the alan warner novel , which itself felt like an answer to irvine welsh's book trainspotting .",1
. . . a poignant and powerful narrative that reveals that reading writing and arithmetic are not the only subjects to learn in life .,1
"adam sandler invites you to share some holiday cheer in the new , no-holds-barred musical comedy adam sandler's 8 crazy nights .",0
"it's sex and the city meets the wedding banquet for young san franciscan daniel chang , living at home with his clueless , traditional mother .",0
"although a number of these laws have been overturned by legislatures or the courts , in the state of texas freedom fighters are still working to eliminate these absurd and unnecessary laws .",0
now a chinese guy throws a monkey wrench into their plans .,0
"august has become a real problem for some of the bosses around town , and ronnie will soon find out just what his frankenstein's monster will cost him .",0
less a study in madness or love than a study in schoolgirl obsession .,1
"there are cheesy backdrops , ridiculous action sequences , and many tired jokes about men in heels .",1
one thing you have to give them credit for : the message of the movie is consistent with the messages espoused in the company's previous video work .,1
"unbeknownst to the contestants , the game's host has struck a deal with the soldiers hired to guard the money , and does not really have the player's best interests , or even basic safety , at heart .",0
"for all its violence , the movie is remarkably dull with only caine making much of an impression .",1
"the storytelling may be ordinary , but the cast is one of those all-star reunions that fans of gosford park have come to assume is just another day of brit cinema .",1
the skills of a calculus major at m . i . t . are required to balance all the formulaic equations in the long-winded heist comedy who is cletis tout ?,1
"at the age of 34 , with no producing credits to his name , he landed a job as chief of production at paramount pictures .",0
"first good , then bothersome . excellent acting and direction .",1
he lives in a motor garage with his six friends .,0
simon is an angel who shows jordan a clear oath .,0
"a different and emotionally reserved type of survival story -- a film less about refracting all of world war ii through the specific conditions of one man , and more about that man lost in its midst .",1
"a photographic marvel of sorts , and it's certainly an invaluable record of that special fishy community .",1
"franco agonizaba y el pr&#237 ; ncipe , jefe de estado en funciones , se encontraba en una posici&#243 ; n dif&#237 ; cil para afrontar un problema fundamental .",0
the cumulative effect of the relentless horror on parade numbs the movie's power as a work of drama .,1
ice age posits a heretofore unfathomable question : is it possible for computer-generated characters to go through the motions ?,1
this lively klasky csupo production is a convincing amplification of the popular nickelodeon series .,1
". . . a vast adventure that bristles with romance , action and heroism .",1
"on this morning , johnny wakes to his mother's accusations that he has botched a simple scam , leaving them without enough money to payoff their inside man .",0
"it's a hoot watching the rock chomp on jumbo ants , pull an arrow out of his back , and leap unscathed through raging fire !",1
"the film also features the hawaii-born superstars of professional sumo : konishiki , jesse "" takamiyama "" kuhaulua , and akebono ( the first non-japanese to reach the exalted rank of yokozuna , or grand champion ) .",0
"she is a very sweet girl , and they get along quite well with her .",0
"after taking a look at the people around her and examining her life's choices , lucy decides that it would be unfair to give up this baby just because she didn't do what she wanted to with her own life .",0
"in 1931 , in chicago , michael sullivan ( tom hanks ) , a hit man working for john rooney ( paul newman ) , and irish mob boss , faces a dilemma when what he does his witnessed by his twelve-year-old son .",0
the worst pain for him is the next 5 minutes of living .,0
"with billy badly wounded , hotly pursued by a determined sheriff , the gang makes an unexpected and unwelcome visit .",0
"and while ingrid's gift is to give astrid the power to survive , astrid's gift is to teach her mother about love .",0
this is peter's story ; an 18 year old boy who takes a journey through a conservative southern all-male university in order to discover himself .,0
a young boy is devastated when the planned vacation with his father is cancelled due to an emergency salvage mission at a remote canadian lake .,0
the husband meets a man who knows what to do with his sexuality .,0
"belleza , magia , poder , amor , misterio , y gran gran música y visuales . . . ¿qué más se puede pedir ? . . .",1
"discarded and forgotten , pete williams is living out his days in an old soldiers home in galveston , texas .",0
"after loosing his wife and kids , his life encounters another pitfall when mitch's accounting client , donny diamond ( john capadice ) , a former pro-football player , accuses mitch of embezzelment and hires a couple of thugs to murder him .",0
craig and day day have finally moved out of their parents houses and into their own crib .,0
"writer/director burr steers knows how to show irony , the trouble with kids , and new yorkers taking casual sex for granted .",1
"depressive , slow , darkly funny , unyielding in its formal rigor , and unsettlingly beautiful .",1
this harrowing journey into combat hell vividly captures the chaotic insanity and personal tragedies that are all too abundant when human hatred spews forth unchecked .,1
"amerika , zed and kyle are good friends until the excitingly undermedicated bitch goddess trasha enters the frame , cutting kyle off from his friends and their vacuous and unencumbered world of beer and porn .",0
"after a dream of a horrific car crash , kimberly helps save several people and causes another rift in death's design , but this time its different , since alex walked off the plane death's design did not only affect the survivors of flight 180 , but every single person they've come in contact with , now how will they stop it ?",0
"like being invited to a classy dinner soiree and not knowing anyone . you leave the same way you came -- a few tasty morsels under your belt , but no new friends .",1
"whe he misses a dose of prozium , a mind-altering drug that hinders emotion , preston , who has been trained to enforce the strict laws of the new regime , suddenly becomes the only person capable of overthrowing it .",0
a visual spectacle full of stunning images and effects .,1
"no ten&#237 ; a que enfrentarse con la estrategia y potencia de un ej&#233 ; rcito enemigo , sino con el jolgorio de grandes masas que invadir&#237 ; an el territorio con panderetas , risotadas e histeria .",0
"as he struggles to achieve social success , he discovers his darker side .",0
"a perfectly respectable , perfectly inoffensive , easily forgettable film .",1
evokes a little of the fear that parents have for the possible futures of their children--and the sometimes bad choices mothers and fathers make in the interests of doing them good .,1
if you open yourself up to mr . reggio's theory of this imagery as the movie's set . . . it can impart an almost visceral sense of dislocation and change .,1
"if not , then catch an episode of the new reality series the jedi hunter , as the now australian boba fett crosses the galaxy capturing and eliminating jedi , along with his companion terri fett .",0
"desperate to help his son , scott heads back home , leaving a substitute claus to watch over things at the pole .",0
"in the pianist , polanski is saying what he has long wanted to say , confronting the roots of his own preoccupations and obsessions , and he allows nothing to get in the way .",1
"what the movie lacks in action it more than makes up for in drama , suspense , revenge , and romance .",1
they embark upon a strange and enlightening journey through war torn bosnia .,0
"challenges of love , aptitude , and character are presented and won with fun and intensity while our rambunctious housemates grow emotionally , spiritually , and perhaps a bit more tipsy .",0
"he has all the kit but none of the skill , and he's a laughing stock at school .",0
"at once subtle and visceral , the film never succumbs to the trap of the maudlin or tearful , offering instead with its unflinching gaze a measure of faith in the future .",1
"after steve's job opportunity in san francisco falls through , he comes up with a plan .",0
"will only satisfy those who can't tell the difference between the good , the bad and the ugly .",1
"the fictional film "" the dragon "" tells the story of how a young boy , who's master is killed by a group of thugs , grows up to avenge his teacher's murder .",0
this isn't a good movie ; this isn't a bad movie . this is a movie that dispenses with the whole good/bad paradigm and exists on its own plane of reality .,1
a whale of a good time for both children and parents seeking christian-themed fun .,1
his intelligence and unconventional attitude attract the attention of veteran walter burke ( al pacino ) who squires him through the agency's difficult training courses and helps him to quickly rise through the ranks .,0
"has the kitsch appeal of a farm implement on a restaurant wall , or an andy warhol mao poster : interesting , but not for its original purpose .",1
this is a story about the warm relationship between a little girl and her father despite the difficult conditions they have to live in .,0
"the orchestra player gets known to his neighbour , a gay man having also relationship troubles , and together they are trying hard to find a way how to go on with their lifes .",0
he retires from his dangerous job after his best pal kamandag was killed by a mysterious kidnapping syndicate leader .,0
"if you can push on through the slow spots , you'll be rewarded with some fine acting .",1
"when she decides to cancel her only holiday with tor and go on a self-development course with per instead , the passive bystander tor realises he's going to have to stand up and be a man .",0
labute's careful handling makes the material seem genuine rather than pandering .,1
"when he dumps her , the whole building turns on him .",0
"initially reluctant to help , daniel's conscience eventually gets the better of him .",0
"the film is to be produced by jules , melina's husband .",0
"it has the ability to offend and put off everyone , but it holds you with its outrageousness .",1
"nearly manages to be what "" blow "" couldn't - a perpetual night party that generates a sick fascination to the bitter end .",1
"an overblown clunker full of bad jokes , howling cliches and by-the-numbers action sequences .",1
"the story is set in a place called attic town , where the great syndicate robs and kills anyone who stands in their way .",0
"it is zuckerman who stumbles upon silk's secret and sets out to reconstruct the unknown biography of this eminent , upright man , esteemed as an educator for nearly all his life , and to understand how this ingeniously contrived life came unraveled .",0
an effective portrait of a life in stasis -- of the power of inertia to arrest development in a dead-end existence .,1
things get a little awkward when harry suffers a heart attack at the home of marin's mother erica ( keaton ) .,0
"to the degree that ivans xtc . works , it's thanks to huston's revelatory performance .",1
"in the partnership , israeli settlers arrange permits from the israeli military , allowing palestinians to work from the area k beach .",0
that the e-graveyard holds as many good ideas as bad is the cold comfort that chin's film serves up with style and empathy .,1
a surprisingly good-natured throwback to the '80s heyday of the body-switching genre .,1
"but though his tortillas are scrumptious , his enchiladas devine , isidor has never made a dime .",0
the corpse count ultimately overrides what little we learn along the way about vicarious redemption .,1
"angel presents events partly from the perspective of aurelie and christelle , and infuses the film with the sensibility of a particularly nightmarish fairytale .",1
"mitch is left for dead in the desert--or so they think--rescued and nursed back to health by a gorgeous women named , angela rose ( nicole austin ) .",0
will raja be able to convince the doctor and munnabhai about his love ?,0
"so we got ten little indians meets friday the 13th by way of clean and sober , filmed on the set of carpenter's the thing and loaded with actors you're most likely to find on the next inevitable incarnation of the love boat .",1
"just like the deli sandwich : lots of ham , lots of cheese , with a sickly sweet coating to disguise its excrescence until just after ( or during ) consumption of its second half .",1
"muccino , who directed from his own screenplay , is a canny crowd pleaser , and the last kiss . . . provides more than enough sentimental catharsis for a satisfying evening at the multiplex .",1
the 50-something lovebirds are too immature and unappealing to care about .,1
"rupi is typical aggressive trible girl , wildcat like manners and irrespective of free trible culture where sex before marriage is treated as part of education , nobody proposes to her knowing her love and devotion to kanna .",0
you might not buy the ideas . but you'll definitely want the t-shirt .,1
"sparkling , often hilarious romantic jealousy comedy . . . attal looks so much like a young robert deniro that it seems the film should instead be called 'my husband is travis bickle' .",1
"chris , an angry drug dealer , steps in and saves mitchell .",0
"what he doesn't know , however , is that syd has a tragic secret .",0
"despite the opulent lushness of every scene , the characters never seem to match the power of their surroundings .",1
he checks into a rehab clinic that specializes in treating law enforcement officials .,0
"both the film and nachtwey's photos hammer home the grim reality of the world's gutters and battlefields , and will make you question what 'news' really is .",1
anyone who can count to five ( the film's target market ? ) can see where this dumbed-down concoction is going .,1
"soon after , christin returns as a fierce ghost , and begins to kill all in her path at the hotel as a means for revenge .",0
"graças às interações entre seus personagens , o filme torna-se não apenas uma história divertida sobre uma curiosa perseguição , mas também um belo estudo de personagens .",1
"the film does a solid job of slowly , steadily building up to the climactic burst of violence .",1
the tone shifts abruptly from tense to celebratory to soppy .,1
"the killer's clues are a perversion of biblical punishments for sins : stoning , burning , decapitation .",0
anmol's greedy wife mona ( amrita arora ) forces him to meet vikrant in india and inform him about guru gulab and collect the prize money .,0
"chris columbus , the director , does a real wonderful job of being faithful to the story but also taking it into a cinematic era .",1
"this is , not to put too fine a point on it , a swashbuckler , a costume drama . if you love that old story form , you will be in old-fogy heaven , as it is nearly a perfect example of a genre that died out years ago .",1
"rayne johnson is a shrewd investment company assistant who turns a mob slaying into a golden opportunity for a new improved lifestyle , managing to outsmart the crooked cops who are very eager to see her disappear .",0
"the film is an homage to power , strength and individualism .",0
"his biggest customers are the yorkin family , and they seem to have everything in the world .",0
it's hard to know whether or not to recommend this film because for every thing it does right there's at least one and occasionally two things it gets ever so wrong .,1
you know you're in for a good ol' popcorn-munching time when the movie's tagline is a bad pun on the title of a piece of fine literature .,1
"when a shoulder injury ended his minor league pitching career twelve years ago , jim morris resorted to the next best thing : coaching .",0
kilo decides to learn how to prosper in the drug world and his new life as a dealer begins .,0
together they travel to england and meet up with chon lin to kill rathbone and get the imperial seal back .,0
captures a more realistic depiction of the effects of death on a family .,1
"she quickly makes friends with paul taylor , a witty mormon student filmmaker who finds jenny's ambitious dream to be the subject for his next film project .",0
at the last minute a cyber-friend arrives to join the battle .,0
"moved in his heart with the urgency to reach out for christ , he gets an idea to try and reach the masses in his city for jesus .",0
it's lazy for a movie to avoid solving one problem by trying to distract us with the solution to another .,1
"how does it play a significant role in japanese culture , and why does it fascinate american youth ?",0
"we never truly come to care about the main characters and whether or not they'll wind up together , and michele's spiritual quest is neither amusing nor dramatic enough to sustain interest .",1
roger swanson is a hopelessly cynical advertising copywriter with a razor-sharp wit who believes he has mastered the art of manipulating women .,0
"based on the philip k . dick short story of the same name , it follows the lead character spencer olham's quest to regain his identity after being suspected as an alien android , in an future earth at war with aliens that use the androids as bombs to destroy their enemies homeworlds .",0
"with the help of his two brothers &#193 ; kos , a successful manager and sex maniac , and andr&#225 ; s , a poet and complete loser , he tries to make a good impression on the american and persuade him to finance the film project .",0
"this definitely delivers a remarkable mixture of explosive drama with wickedly ironical humor as you follow this eclectic story surrounding this tide-dyed , free spirited couple's showdown with a mysterious faberge' egg and a seedy , well-woven cast of criminals that will both trill and amuse .",0
"soon discovering that they're in a strange fourth dimension where our laws of physics don't apply , they have to unravel the secrets of the "" hypercube "" in order to survive . . .",0
"it may be an easy swipe to take , but this barbershop just doesn't make the cut .",1
"based on a true story about ryan dunn's ex girlfriend , and how she cheated on him all the time , with him and his friends always having to spy on her .",0
"the second trip took place in february 2002 in the city of herat now freed from the taliban and in the hunger stricken camp of maslakh , one of the largest in the world .",0
"as the years pass by , the aged patricia gets a visit by . . . francis .",0
"she finds out that the truth about both her parents is very revealing , shocking at times , but comes to terms with her past .",0
"good performances and a realistic , non-exploitive approach make paid in full worth seeing .",1
"with a romantic comedy plotline straight from the ages , this cinderella story doesn't have a single surprise up its sleeve . but it does somehow manage to get you under its spell .",1
the gang quickly grab the publics' allegiance by targeting members of our community we'd all like to see 'get nailed' .,0
overall very good for what it's trying to do .,1
"the "" easiest "" ( and most dangerous ) way to get it is working for some drug-dealers .",0
"there's really only one good idea in this movie , but the director runs with it and presents it with an unforgettable visual panache .",1
there are moments it can be heart-rending in an honest and unaffected ( and gentle ) way .,1
"dr . tess coleman ( jamie lee curtis ) and her fifteen-year-old daughter , anna ( lindsay lohan ) , are not getting along .",0
"a story of love and enchantment set in the coldest of winters , it explores the issues , dilemmas and barriers facing the lucky and unlucky in love in the 21st century , based on the novel of the same name by pullitzer prize-winning author carol shields .",0
"while hollywood ending has its share of belly laughs ( including a knockout of a closing line ) , the movie winds up feeling like a great missed opportunity .",1
"this causes duncan's father ( jenkins ) further grief , who doesn't understand his son's unusual mourning rituals .",0
"like coming into a long-running , well-written television series where you've missed the first half-dozen episodes and probably won't see the next six .",1
yet it was his little-known artistic pursuits before the war that honed his discerning eye .,0
"the script is a disaster , with cloying messages and irksome characters .",1
"turns out lonnie earl has a thing for candy , and when evidence of this starts to surface , things really start to heat up .",0
"while most films these days are about nothing , this film seems to be about everything that's plaguing the human spirit in a relentlessly globalizing world .",1
a haunting film about one of the great escapes of all time .,1
"there's an uneasy balance between the comedy and the drama that doesn't really fire on all levels , but it works on a few of them .",1
"this humbling little film , fueled by the light comedic work of zhao benshan and the delicate ways of dong jie , is just the sort for those moviegoers who complain that 'they don't make movies like they used to anymore . '",1
"77 minutes of pokemon may not last 4ever , it just seems like it does . my only wish is that celebi could take me back to a time before i saw this movie and i could just skip it .",1
"behind the glitz , hollywood is sordid and disgusting . quelle surprise !",1
"throughout this time , their lives have been entwined with the fate of aboriginal people during times of war , disease and controversial government removalist policies .",0
"does paint some memorable images . . . , but makhmalbaf keeps her distance from the characters",1
"majandra delfino plays iris , the sheriff's little sister , and much to his dismay , david's love interest .",0
"a coming of age dramatic comedy dealing with the effect that two "" summers "" have on the lives of several teenagers .",0
"before his very eyes on the store tv monitor , he sees his pick come up as the winning numbers for $50-million !",0
moves in such odd plot directions and descends into such message-mongering moralism that its good qualities are obscured .,1
"while conquering the drug world , kilo falls in love with a local latina girl who quickly becomes pregnant .",0
"but coney island's finest its hot dog lady , rollercoaster operator , cotton candy vendor and performing freak have their own way of doing things .",0
"frustrated with the official investigation and haunted by the thought that the man responsible for murdering his family might never be brought to justice , brewer takes matters into his own hands and tracks his quarry ultimately to colombia .",0
"mnemosyne bears witness to the forces of destruction as well as of creation , revealing through art , the multi-dimensionality of women .",0
"the task of stopping them falls to young detective danny berdan , a man not afraid of bending rules to apprehend his prey .",0
"when she hears about her plan going awry , she collapses .",0
a master at being everybody but himself he reveals to his friend and confidant saiid ( isa totah ) the truth behind his struggles .,0
"in a final game , johnathan and his team have to fight for mere survival against their real opponent - their boss alexi petrovich .",0
the movie is virtually without context -- journalistic or historical . what's worse is that pelosi knows it .,1
"now finding the town run by the man behind the terrible act , slaughter teams up with the mysterious gunslinger savannah starr to try and rid the west of one of it's great evils .",0
. . . this isn't even a movie we can enjoy as mild escapism ; it is one in which fear and frustration are provoked to intolerable levels .,1
"as charming , humorous and heimisch as its nomadic subjects .",1
"jim , stifler and finch return in the last american pie movie .",0
"danica mckellar plays a cheerleader named lacy who lives across the street from the boy , who is obsessed with her .",0
"an abusive and often intoxicated man , john rules the household , and though his attacks on steve result in emergency hospital visits , cheryl's loyalty is to her boyfriend .",0
"almost as offensive as "" freddy got fingered . """,1
"there's a disreputable air about the whole thing , and that's what makes it irresistible .",1
"this is unusual , food-for-thought cinema that's as entertaining as it is instructive .",1
""" confessions of a dangerous mind "" is the story of a legendary showman's double life - television producer by day , cia assassin by night .",0
the symbols float like butterflies and the spinning styx sting like bees . i wanted more .,1
"when the predatory couple manipulates a "" legal "" real estate transaction that turns into a hostile possession of the manor house , he temporarily loses his mind , leaving his family but not the farm .",0
"sandra bullock , despite downplaying her good looks , carries a little too much ain't- she-cute baggage into her lead role as a troubled and determined homicide cop to quite pull off the heavy stuff .",1
"when her girlfriend decides to move away and lucy can't find the courage to go with her , she winds up in bed with her best friend from high school , dante .",0
"but seemingly coming to her rescue is isabelle ( tina krause ) , a mysterious and voluptuous woman who offers her food and shelter .",0
"albert is goaded by the other prisoners in the cells around him into telling the story ( in flashbacks ) of what happened when he encountered prisoner mark david chapman , the man who killed john lennon .",0
"the gang breaks their leader out of jail , killing the policemen in the process .",0
"enigma is anything but enigmatic about affairs of the heart , and is well worth seeing for its elective affinities alone .",1
stone seems to have a knack for wrapping the theater in a cold blanket of urban desperation .,1
"this spawn of william shakespeare and ray kroc has more fun with [the] thin premise than you might expect , mostly because of maura tierney .",1
"after collateral damage , you might imagine that most every aggrieved father cliché has been unturned . but no .",1
it's a terrific american sports movie and dennis quaid is its athletic heart .,1
"there's a bit of thematic meat on the bones of queen of the damned , as its origins in an anne rice novel dictate , but generally , it's a movie that emphasizes style over character and substance .",1
"if you're the kind of parent who enjoys intentionally introducing your kids to films which will cause loads of irreparable damage that years and years of costly analysis could never fix , i have just one word for you - decasia",1
"fearful of the repercussions on his already messed up life , greg flees the scene and manages to hide his clunky damaged truck on the nearby overgrown farm of martha thompson , an aging grouchy widow who lives by the scriptures , ideas of traditional family and her trusty shotgun .",0
"oliveira trusts the intelligence of his audience . . . in the life of the city he suggests the ongoing life of humanity , the context in which individual mortality must be contemplated .",1
"hatosy establishes himself here not only as the bona fide star of this little ensemble film , but also as a talent to be watched .",1
"the company offered "" ice in an hour "" delivery and ice-related accessories , like tongs , buckets and gourmet ice .",0
this is a true documentry of art versus money-driven media conglomerates .,0
the only thing i laughed at were the people who paid to see it .,1
"rarely do films come along that are as intelligent , exuberant , and moving as monsoon wedding .",1
"this documentary follows a business partnership between a clan of palestinian fisherman from refugee camps in gaza and israelis from the settlement of dugit , gaza strip .",0
"red and the boys embark on a road trip across the country , en route to a duct tape festival in the usa , where they intend to win first prize by creating a sculpture made of at least 50% duct tape .",0
"this is one of the most visually stunning and thematically moving epics in recent memory , and in spite of numerous minor flaws , scorsese's best in more than a decade .",1
"try as he might , the roguishly handsome cliff starkey , just can't keep out of trouble .",0
"what jones needs , however , is not to be cured - but to be accepted for what and who he is .",0
"john , and world-famous ice skating star , elena , are about to sign divorce papers when they realise that , in spite of everything happening around them , their love is worth fighting for .",0
"though the dutchman is white , he has been found to be a reincarnated king in the west african nation of ghana - his wife's homeland .",0
it all drags on so interminably it's like watching a miserable relationship unfold in real time .,1
the trials of henry kissinger is a remarkable piece of filmmaking  because you get it .,1
"welcome to peoplemovin . com , a leader in america's transient workforce , more commonly known as temporary employment .",0
"femme fatale is not the director's best work ever , but it is as good as we've seen him be in much too long a time .",1
"every joke is repeated at least four times . every joke is repeated at least four times . every joke is repeated at least--annoying , isn't it ?",1
the action sequences are fun and reminiscent of combat scenes from the star wars series .,1
"a civil war veteran , turned winchester guns spokeman , the captain woodrow algren , arrives japan in the late 1870s to train the troops of the emperor meiji , as a part of break away from the long-held tradition of relying on employed samurai warriors to protect territories , as meiji&#180 ; s new army prepares to wipe out the remaining samurais .",0
"the phantom , feeling betrayed , kidnaps christine and brings her to his lair where he plans to make her his eternal bride .",0
"set in san francisco , this is the story of a mysterious immortal tibetan kung fu master ( yun-fat ) , who has spent the last 60 years traveling around the world protecting an ancient scroll , who is now mentoring a street kid ( scott ) in the wonders of his ancient ways . . .",0
"' . . . young , savvy cinematic sensibility framed by the limitations of a conservative , unrelenting culture . '",1
"insomnia does not become one of those rare remakes to eclipse the original , but it doesn't disgrace it , either .",1
"it's a talking head documentary , but a great one .",1
"having given permission to male nurse greg focker to marry his daughter , ex-cia man jack byrnes and his wife travel to detroit to greg's parents , who this time around are mr . and mrs . focker , who are as different from them as can be .",0
"essentially , noyce just wants to tell a good story , which he does .",1
"the movie addresses a hungry need for pg-rated , nonthreatening family movies , but it doesn't go too much further .",1
"as elegantly crafted as it often is , anderson's movie is essentially a one-trick pony that , hampered by an undeveloped script , ultimately pulls up lame .",1
"watching e . t now , in an era dominated by cold , loud special-effects-laden extravaganzas , one is struck less by its lavish grandeur than by its intimacy and precision .",1
calendar girls is about the women of the rylstone women's institute in north yorkshire .,0
"'bloody magic' is the story of zack , an eleven year old school boy , who's family is visited by three debt collectors .",0
"leading his army of women into the surrounding mountain glens , dionysus casts a spell on the city's females , who abandon their husbands and fathers in order to engage in forbidden revels .",0
what a pity . . . that the material is so second-rate .,1
"eva is an accidental witness of the death of a young girl , even more : she's got it all on tape .",0
"he finds a level of comfort in his old skin , and is able to finally get some sleep .",0
"if you're looking for a smart , nuanced look at de sade and what might have happened at picpus , sade is your film .",1
"approaching his 18th birthday , david drops out of school and runs away from home and from a conflicting relationship with his mother elena .",0
"a solid , psychological action film from hong kong .",1
"returning aggressively to his formula of dimwitted comedy and even dimmer characters , sandler , who also executive produces , has made a film that makes previous vehicles look smart and sassy .",1
"'i capture the castle' is based on the dodie smith novel which was published in 1948 , before she wrote 101 dalmatians .",0
"hoffman spends a good deal of screen time alone and without much dialogue , using only his considerable physical skill and screen presence to pull off the role .",1
"set in the rural landscape of iceland , she faces serious obstacles over the course of the summer that challenge her to find her own resourcefulness , and ultimately her independence .",0
august -- a pupil of ingmar bergman's -- manages to tell a tragic tale while avoiding the heavy-laden angst of a bergman film .,1
"outside a storm rages and when the power goes out , darkness envelops the house .",0
"nothing works until jonathan falls for cammie giles , the ward activities director .",0
"the you-are-there style ultimately enhances abc africa's ability to get inside the soul of uganda , and of the viewer .",1
"not only is it hokey , manipulative and as bland as wonder bread dipped in milk , but it also does the absolute last thing we need hollywood doing to us : it preaches .",1
"the story may not be new , but australian director john polson , making his american feature debut , jazzes it up adroitly .",1
"after he's dumped on valentine's day by mallory , his girlfriend of three years , charlie finds himself obsessed and unable to live a normal life without her .",0
"in these modern times where phrases like "" two income families "" are the norm , is it wrong for a woman to want to stay home and raise a family ?",0
"what makes the film special is the refreshingly unhibited enthusiasm that the people , in spite of clearly evident poverty and hardship , bring to their music .",1
. . . the movie just seemed to be trying too hard to be something different . .,1
"professionally speaking , it's tempting to jump ship in january to avoid ridiculous schlock like this shoddy suspense thriller .",1
"for those with the stomach and stamina for its heartbeat-quickening intensity and body-slamming action , rollerball delivers exactly what it promises : a people's hero you can really get behind .",1
"tadpole may be small , but it's something special -- a cheeky comedy knockout .",1
"this extremely unfunny film clocks in at 80 minutes , but feels twice as long .",1
"martin and barbara are complex characters -- sometimes tender , sometimes angry -- and the delicate performances by sven wollter and viveka seldahl make their hopes and frustrations vivid .",1
murderous maids pulls no punches in its depiction of the lives of the papin sister and the events that led to their notorious rise to infamy . . .,1
during the course of a single day all three will be faced with the difficult choice of choosing which path they will go down in life .,0
proof that a newcomer indie filmmaker can infuse some new life into the downtrodden loser character study .,1
"i walked away not really know who "" they "" were , what "" they "" looked like . why "" they "" were here and what "" they "" wanted and quite honestly , i didn't care .",1
"a sweet , tender sermon about a 12-year-old welsh boy more curious about god than girls , who learns that believing in something does matter .",1
"scherfig , who has had a successful career in tv , tackles more than she can handle .",1
"a distant , even sterile , yet compulsively watchable look at the sordid life of hogan's heroes star bob crane .",1
"a lowly thug , gigli ( ben affleck ) , is assigned to kidnap the psychologically challenged younger brother of a powerful federal prosecutor to save his mobster boss from incarceration .",0
"his good looks , charm and overwhelming confidence captured the eye of screen legend norma shearer , who offered him a film role .",0
"nair's attention to detail creates an impeccable sense of place , while thurman and lewis give what can easily be considered career-best performances .",1
"while grieving along with her parents and drawn into legal issues presented by a district attorney seeking justice for the family , he finds himself falling in love with another woman , against his own best intentions .",0
"seeking refuge in his past , the murderer contacts his estranged brother and falls in love with his brother's wife , gypsy . . .",0
"boromir ( sean bean ) is dead , frodo baggins ( elijah wood ) and samwise gamgee ( sean astin ) have gone to mordor alone to destroy the one ring , merry ( dominic monaghan ) and pippin ( billy boyd ) have been captured by the uruk-hai , and aragorn ( viggo mortensen ) , legolas ( orlando bloom ) , and gimli ( john rhys-davies ) have made friends of the rohan , a race of humans that are in the path of the upcoming war , led by its aging king , th&#233 ; oden ( bernard hill ) .",0
the dialogue is very choppy and monosyllabic despite the fact that it is being dubbed .,1
william baldwin and jodi lyn o'keefe of 'halloween : h20' fame are both set to star in a new movie playing as brother and sister who travel to their family's ancestral mansion after their father's death .,0
he works as an illustrator at a news paper and his life is pretty okay .,0
"a laboratory accident exposes bruce to both the radiation and the nanomeds , these combine with his unique genetics to unleash the hulk .",0
rewarding for its brash originality and daring in etching a portrait of a man who refuses to take life's disappointments lying down .,1
the chateau cleverly probes the cross-cultural differences between gauls and yanks .,1
'the count of monte cristo' is a remake of the alexander dumas tale by the same name .,0
makes the sweet case that sincerity strikes the biggest romantic sparks .,1
"the following morning , cadmus discovers the terrible aftermath : the still-raving agave dancing through the woods , her dead son's head clutched in her hands .",0
"while enders is initially frustrated with his assignment , his respect grows as the codetalkers prove their worth in the brutal battle to take saipan .",0
"problem is , 18-year-old christina lombardo doesn't want her help .",0
"[javier bardem is] one of the few reasons to watch the film , which director gerardo vera has drenched in swoony music and fever-pitched melodrama .",1
"witty , charming , ultimately empathetic portrait of a once-upon-a-time industry titan .",1
and then the teenage kim arrives out of the blue looking for shelter and work - but what is she trying to hide ?,0
"resident evil is what comes from taking john carpenter's ghosts of mars and eliminating the beheadings . in other words , about as bad a film you're likely to see all year .",1
. . . watching this film nearly provoked me to take my own life . and if the hours wins 'best picture' i just might .,1
"she has to work in an other run down bar , with no chance to perform her songs .",0
there ain't a lot more painful than an unfunny movie that thinks it's hilarious .,1
"one of those rare films that seems as though it was written for no one , but somehow manages to convince almost everyone that it was put on the screen , just for them .",1
"through simon , patricia strengthens her self-confidence to finally quit chicago .",0
"although disney follows its standard formula in this animated adventure , it feels more forced than usual .",1
"the screenplay comes across , rather unintentionally , as hip-hop scooby-doo .",1
his mother demands that he quickly make up for the lost money by committing an ill conceived and dangerous robbery .,0
the others quickly conclude that the extreme circumstances of the accident were what caused love to bloom .,0
four friends journey down life's paths to find out whether god or society has the right to decide the good or the evil .,0
the problem is he's trying to be everything he's not .,0
"the hunt is on as the killers ruthlessly stalk the teacher and students through the school's halls and classrooms , while lamb tracks them on the surveillance cameras , turning the school's security system against his prey .",0
"tavernier shows us , in more ways than one , that le ciné ma de qualité lives on .",1
"maggie's daughter is kidnapped , forcing father and estranged daughter to work together to get her back .",0
"during world war ii and the era of staunch racial segregation , a black carpenter's son named vivien thomas , who had a talent for surgery , along with a white surgeon named dr . alfred blalock , who defied the medical establishment created a partnership that changed the course of cardiac surgery .",0
"with only a high school diploma , thomas became a leading cardiac pioneer and educator of two generations of the united states' premiere heart surgeons .",0
he is haunted by the ghost of his deceased brother paul who guides him toward his salvation .,0
this is one of the outstanding thrillers of recent years .,1
"when the baby comes back in 1991 as a 17 year old delinquent , sepideh , the warden respects mitra enough to protect the girl .",0
"well as a hero in the guise of prince charmont , whom ella falls in love with .",0
"all are endeavoring to remove the stones that insistently appear in their path or , worst , that are in their shoes .",0
"ahas , son from a poor family , in his inner struggles , joins the troop of his classmates and heads for the front .",0
". . . although this idea is "" new "" the results are tired .",1
"you can see where big bad love is trying to go , but it never quite gets there .",1
"immediately they are further sent to romulus , where a new praetor , shinzon , a half-reman cloned from captain picard , appears to want peace with the federation .",0
"bogs down badly as we absorb jia's moody , bad-boy behavior which he portrays himself in a one-note performance .",1
goes some way towards explaining how the tragedy occurred and its enduring legacy today .,1
"when the singing veggies encounter some car trouble , they're stranded at old , rundown seafood joint where nothing is quite as it seems .",0
uneven but ultimately appealing satire of the dreck we call white man's rap music . some good performances and an often goofy script make for a generally good time .,1
"amidst the la-freaks , hollywood wannabes , and outrageous gym culture of los angeles , the now determined bodybuilder struggles to preserve an integrity of the mind , body , and spirit that is so apparently void in this strange new land .",0
"rather than spreading good cheer , the duo's motive is to rob each establishment , a strategy that becomes complicated when they encounter a precocious 8-year old that teaches them the true meaning of christmas .",0
"blade then tenuously enters into an alliance with the bloodpack , an elite team of vampires trained in all modes of combat to defeat the reaper threat .",0
"this documentary by stacy peralta makes a convincing case on behalf of skateboarding , of all things , as a catalyst for this change , and for some delinquent youths in a derelict los angeles neighborhood as its agents .",1
"a satisfying charmer that tells a compelling story , and then tops that by offering up a saucy sextet of britain's best veteran actors .",1
"throwing caution to the wind with an invitation to the hedonist in us all , nair has constructed this motion picture in such a way that even the most cynical curmudgeon with find himself or herself smiling at one time or another .",1
"with the police chasing him , pqd decides to go to s&#227 ; o paulo to see cac&#225 ; and prove his innocence .",0
living with the fosters is a darkly funny and dangerously subtle comedy about one family's paranoid preparation for the year 2000 crisis and beyond .,0
"this is a delightful comedy with countless celebrity cameos by dave foley , jeff goldblum , and jack black just to name a few .",0
""" in that sleep of death what dreams may come . . """,0
characterisation has been sacrificed for the sake of spectacle .,1
two brothers along with an ensemble of fresh talent made all this possible and were brought into the light .,0
. . . the kind of entertainment that parents love to have their kids see .,1
he'll do anything to make her love him again .,0
"like the best 60 minutes exposé , the film ( at 80 minutes ) is actually quite entertaining .",1
one of the film's strongest achievements is the way it manages to get so much mileage out of such a simple concept as spirals .,1
"but when he inadvertently saves the bulletproof monk from capture , the two become partners in a scheme to save the world from the scroll's most avid pursuer .",0
a canny franchise escapade ; it gets the job done .,1
"with we were soldiers , hollywood makes a valiant attempt to tell a story about the vietnam war before the pathology set in .",1
"finally , the purity of arvasu and nittilai's love brings salvation to the land .",0
"my little eye is the best little "" horror "" movie i've seen in years .",1
"in addition , the detective has to deal with a serial killer who had already killed and mutilated many women .",0
"and then , did you ever let fear get in your way and keep you from having the person you've always wanted to be with ?",0
"an earnest , heartrending look at the divide between religious fundamentalists and their gay relatives . it's also heavy-handed and devotes too much time to bigoted views .",1
"when not obscured by the booming bass-heavy soundtrack , the conversation presents the kind of linguistic fumbling not heard since macy gray's game of chinese whispers with mr bean .",1
martin is going on a blinddate and in his internal government the ministers are preparing for a routine state visit .,0
"the result is solemn and horrifying , yet strangely detached .",1
"aside from being the funniest movie of the year , simone , andrew niccol's brilliant anti-hollywood satire , has a wickedly eccentric enchantment to it .",1
"when your subject is illusion versus reality , shouldn't the reality seem at least passably real ?",1
"thought visible and seemingly accessible , every attempt to enter this island has resulted in disaster .",0
"in a fantasy life she lives through her sketchbook , laura's world is exotic , bright and enchanting .",0
"ex-special forces operator frank martin ( jason statham ) lives what seems to be a quiet life along the french mediterranean , hiring himself out as a mercenary "" transporter "" who moves goods - human or otherwise - from one place to another .",0
"who knows what exactly godard is on about in this film , but his words and images don't have to add up to mesmerize you .",1
"vince's flood of memories about sara's disappearance is brought on when he happens upon 10-year-old ellen , one of julie's students .",0
just too silly and sophomoric to ensnare its target audience .,1
the paid-off local police and school security guards were supposed to make sure the school was empty after hours .,0
"but for the shell-shocked crew , trapped together in the sub's narrow corridors and constricted spaces , this is about to become a journey into the sensory delusions , mental deceptions and runaway fear that lurk just below the surface of the ocean and deep inside the human psyche .",0
"it's a square , sentimental drama that satisfies , as comfort food often can .",1
it becomes a harder choice than one might think .,0
"as he navigates this decadent new world , he meets a host of characters , including david , an older gay man who desires him , and benjamin , a young hustler from texas who has also managed to find a place among the aristocracy .",0
mocking kung fu pictures when they were a staple of exploitation theater programming was witty . mocking them now is an exercise in pointlessness .,1
"later on , when frode is safely tucked in bed , something is stirring in the closet , because that little monster puppet is no ordinary puppet .",0
"when you think you've figured out bielinsky's great game , that's when you're in the most trouble : he's the con , and you're just the mark .",1
upper west sidey exercise in narcissism and self-congratulation disguised as a tribute .,1
"she gives frode a small monster puppet , which frode throws in the closet in his bedroom .",0
the sheer dumbness of the plot ( other than its one good idea ) and the movie's inescapable air of sleaziness get you down .,1
"kirshner and monroe seem to be in a contest to see who can out-bad-act the other . ( kirshner wins , but it's close . )",1
"the cast , collectively a successful example of the lovable-loser protagonist , shows deft comic timing .",1
mib ii is a movie that makes it possible for the viewer to doze off for a few minutes or make several runs to the concession stand and/or restroom and not feel as if he or she has missed anything . that's because relatively nothing happens .,1
"but when sy begins spying on the yorkins , he begins to feel that he wants to be in the yorkin's life .",0
"as his clients become more frantic and demanding , ray begins to unravel , questioning the morality of his profession .",0
"light the candles , bring out the cake and don't fret about the calories because there's precious little substance in birthday girl -- it's simply , and surprisingly , a nice , light treat .",1
"thekids will probably stay amused at the kaleidoscope of big , colorful characters . mom and dad can catch some quality naptime along the way .",1
the ringwraiths return in an even more frightening form .,0
"as carolyn's "" perfect life "" falls apart , pumpkin teaches her that perfect isn't always perfect after all .",0
together they set off from minneapolis to duluth on what they think will be a redemptive and romantic road trip to the north shore .,0
"when detective ben simm's wife is killed , he has to learn to be both father and mother to his little girl while searching for a vigilante that has his own sense of justice .",0
a well-made and often lovely depiction of the mysteries of friendship .,1
"while the ensemble player who gained notice in guy ritchie's lock , stock and two smoking barrels and snatch has the bod , he's unlikely to become a household name on the basis of his first starring vehicle .",1
"eric , of course , deep down , wants to do it .",0
"her father invented the world panorama for use by the authorities , but was turned down .",0
"the movie doesn't think much of its characters , its protagonist , or of us .",1
"a distinctly mixed bag , the occasional bursts of sharp writing alternating with lots of sloppiness and the obligatory moments of sentimental ooze .",1
"however , instead of bringing the prime minister down , ali is embraced by the nation as the voice of youth and 'realness' , making the prime minister and his government more popular than ever .",0
"the chateau belongs to rudd , whose portrait of a therapy-dependent flakeball spouting french malapropisms . . . is a nonstop hoot .",1
"the all night quirky journey and encounters with memorable characters , ultimately provides them with the key to the lives they've been meaning to live come daybreak .",0
i can't remember the last time i saw worse stunt editing or cheaper action movie production values than in extreme ops .,1
meyjes' provocative film might be called an example of the haphazardness of evil .,1
"the following things are not at all entertaining : the bad sound , the lack of climax and , worst of all , watching seinfeld ( who is also one of the film's producers ) do everything he can to look like a good guy .",1
"comes off like a rejected abc afterschool special , freshened up by the dunce of a screenwriting 101 class . . . . designed to provide a mix of smiles and tears , "" crossroads "" instead provokes a handful of unintentional howlers and numerous yawns .",1
"overwhelmed and excited about the big studio adventure ahead of him , alex moves into an apartment with two other up-n'-comings .",0
"the story follows a university of texas professor , dr . david gale , an advocate for the abolishment of capital punishment , who is falsly convicted of rape and murder of another activist .",0
"when a storm leaves the two shipwrecked on a deserted island , however , the tables suddenly turn . . .",0
"a 94-minute travesty of unparalleled proportions , writer-director parker seems to go out of his way to turn the legendary wit's classic mistaken identity farce into brutally labored and unfunny hokum .",1
sayles has an eye for the ways people of different ethnicities talk to and about others outside the group .,1
haynes has so fanatically fetishized every bizarre old-movie idiosyncrasy with such monastic devotion you're not sure if you should applaud or look into having him committed .,1
"this fascinating look at israel in ferment feels as immediate as the latest news footage from gaza and , because of its heightened , well-shaped dramas , twice as powerful .",1
"to honestly address the flaws inherent in how medical aid is made available to american workers , a more balanced or fair portrayal of both sides will be needed .",1
"failing cartoon writer , millard mudd , has sunk deep into one .",0
"despite its dry wit and compassion , the film suffers from a philosophical emptiness and maddeningly sedate pacing .",1
"he resorts to whiskey-smuggling , a traditional family occupation .",0
"the story , bearing some resemblance to the fight club , is about an organized underground fight ring run by four bosses .",0
"like "" this is spinal tap "" , only with more pathetic protagonists- and funnier !",1
"his first challenge is from the chinese workers , technicians , and officers , who have been trained to work under the old system and unable to function sufficiently in the new era of international competition .",0
nights feels more like a quickie tv special than a feature film . . . it's not even a tv special you'd bother watching past the second commercial break .,1
"when they goes to the fence to get them , they discover that someone stole them .",0
"this is historical filmmaking without the balm of right-thinking ideology , either liberal or conservative . mr . scorsese's bravery and integrity in advancing this vision can hardly be underestimated .",1
it's a shame that pokemon 4ever's dialogue is so trite and flatly delivered because the tale itself presents serious ideas worthy of more poetic language .,1
"britney spears' phoniness is nothing compared to the movie's contrived , lame screenplay and listless direction .",1
a teenager rides the same bus to school everyday .,0
the day takes some twists and turns as elder jones and elder smith ride their bikes to pick up a birthday package for elder smith .,0
"when the ultra-strict sister assumpta seizes their artwork one day , the boys embark upon an obsessed trail of revenge that ultimately changes their lives .",0
it seems lawrence has reflected deeply upon his down periods . they've left him wiser without dulling the sharp edges of his humor .,1
"real escape , however , may be a goal beyond possibility .",0
the most ill-conceived animated comedy since the 1991 dog rover dangerfield .,1
"the adventure doesn't contain half the excitement of balto , or quarter the fun of toy story 2 .",1
"though mama takes a bit too long to find its rhythm and a third-act plot development is somewhat melodramatic , its ribald humor and touching nostalgia are sure to please anyone in search of a jules and jim for the new millennium .",1
one key problem with these ardently christian storylines is that there is never any question of how things will turn out .,1
"when they get there , strange happenings invade the school .",0
the pied piper production penned by christian otjen concerns a 36-year-old man ( brad hunt ) who returns to his hometown to confront the harsh reality of his father's suicide .,0
we do get the distinct impression that this franchise is drawing to a close .,1
"now , akshay must battle those that he has to overcome to get what he needs to help his mother and survive the wilderness .",0
"with all the sympathy , empathy and pity fogging up the screen . . . his secret life enters the land of unintentional melodrama and tiresome love triangles .",1
"philip k . dick must be turning in his grave , along with my stomach .",1
"muccino seems to be exploring the idea of why human beings long for what they don't have , and how this gets us in trouble . but even while his characters are acting horribly , he is always sympathetic .",1
"can those memories be strong enough to make them find their own ways , back in each others arms again ?",0
"could use a little more humanity , but it never lacks in eye-popping visuals .",1
"jack ( samuel l . jackson ) finds himself being held hostage while the criminals decide what to do with him , and the leader's beautiful girlfriend , erin ( milla jovovich ) , is left alone to watch jack .",0
sam decker ( dolph lundgren ) is giving up .,0
"a gripping little b-movie of more mood than substance , below nonetheless delivers on its modest promises .",1
"what's the most positive thing that can be said about the new rob schneider vehicle ? well , it's not as pathetic as the animal .",1
"in cinemania , hollywood's biggest fans become the true stars .",0
"[dong] makes a valiant effort to understand everyone's point of view , and he does such a good job of it that family fundamentals gets you riled up .",1
"then from 1983 to 1984 , the "" stander gang "" ( stander , alan heyl &#38 ; patrick mccall ) rob as many as four banks a day .",0
there are moments of real pleasure to be found in sara sugarman's whimsical comedy very annie-mary but not enough to sustain the film .,1
"poignant and moving , a walk to remember is an inspirational love story , capturing the innocence and idealism of that first encounter .",1
"what might have been readily dismissed as the tiresome rant of an aging filmmaker still thumbing his nose at convention takes a surprising , subtle turn at the midway point .",1
"one day , his own name arrives in the "" perpetrator "" chute , and the precogs predict that he will kill a man he never knew in less than 36 hours .",0
"doug liman , the director of bourne , directs the traffic well , gets a nice wintry look from his locations , absorbs us with the movie's spycraft and uses damon's ability to be focused and sincere .",1
"even if you feel like you've seen this movie a thousand times before , it is kind of enjoyable thanks mainly to belushi's easy-going likableness .",1
j-lo strikes back in a tense and thrilling revenge flick with the best fight scene so far this year . but i couldn't help feeling guilty over my delight at the brutal way 'enough' ended .,1
james clayton ( colin farrell ) is one of the top prospects in the new crop of cia recruits .,0
"the stripped-down dramatic constructs , austere imagery and abstract characters are equal parts poetry and politics , obvious at times but evocative and heartfelt .",1
"just a string of stale gags , with no good inside dope , and no particular bite .",1
"halloween : resurrection is surprisingly effective , especially the opening sequence featuring the showdown between laurie and michael .",1
"but when the cockettes flew to new york city to appear off broadway^&#197 ; well , you'll just have to see what happened when new yorkers took a look at them .",0
but even greater dangers lie ahead when jim discovers that his trusted friend silver is actually a scheming pirate with mutiny on his mind .,0
the good girl is a film in which the talent is undeniable but the results are underwhelming .,1
". . . feels as if ( there's ) a choke leash around your neck so director nick cassavetes can give it a good , hard yank whenever he wants you to feel something .",1
"meanwhile , frodo and sam force gollum to guide them through mordor , trusting him with their lives .",0
"how has the "" excitement "" of the 70's turned into the "" blandness "" of today ?",0
"money's tight , relationships are tough and all around us , media and advertising constantly bombard us with competing messages .",0
the ingenuity that parker displays in freshening the play is almost in a class with that of wilde himself .,1
secret ballot is too contemplative to be really funny .,1
"then one night when he's up in his mom's loft , a dead famous comedian appears who tells pauly to kill himself cause he'll go down as a comedic genius who died before his time .",0
a zany comedy where as pop is dying he is pushing his remaining son to fulfill his last request ; to marry and carry on the family name .,0
"according to eric and ami's passive-aggressive mother who refuses to accept that her daughter is an adult ( jessica walters ) , that answer is "" yes "" .",0
"in the 1880's , chon wang ( jackie chan ) 's father and keeper of the imperial seal has been murdered by parliament and royal family member rathbone ( aidan gillen ) , ( who steals the imperial seal ) with chon wang's sister , chon lin ( fann wong ) witnessing the murder .",0
"samira makhmalbaf's new film blackboards is much like the ethos of a stream of consciousness , although , it's unfortunate for the viewer that the thoughts and reflections coming through are torpid and banal",1
"but when he discovers an odd wristwatch amidst his father's various inventions and slips it on , something very strange happens .",0
"most fish stories are a little peculiar , but this is one that should be thrown back in the river .",1
polish jewish woman arrives in brazil dreaming of marrying but has to become a prostitute to survive .,0
"born and raised in the city , sang-woo quickly comes into conflict with his old-fashioned grandmother and his new rural surroundings .",0
"it's sweet , funny , charming , and completely delightful .",1
"it is said that when the devil wishes to take a mortal soul , he'll walk the earth in the guise of a child for they are pure of heart .",0
"while the topic has grown heavier here , [moretti's] touch has not , and that disparity is precisely what gives the film its sustained poignancy .",1
"may not be a breakthrough in filmmaking , but it is unwavering and arresting .",1
"in a generation of individuals , they struggle to choose love .",0
"unfortunately , the bomb goes off unplanned and kills four innocent people .",0
"writer-director steven soderbergh follows up ocean's 11 with the low-budget 'full frontal' , his first digitally shot film .",0
"together , they plan to build their definite house over land that belonged to gregorio's grandfather , but little does the rest of the family suspect that beneath the terrain there is a huge number of weapons buried by gregorio during his youth .",0
"john roper , ( bruce mathews ) a disillusioned vietnam vet and ex-drug dealer travels through the orient to get spiritual .",0
"in its treatment of the dehumanizing and ego-destroying process of unemployment , time out offers an exploration that is more accurate than anything i have seen in an american film .",1
"steve quickly discovers that burt cannot even provide temporary lodging , but an administrator at his new high school directs him to a shelter for runaway kids where he soon learns to navigate his way .",0
"in steps reese , a sweet , charming co-worker smitten with kali .",0
saruman's army of uruk hai is ready to launch an assault against aragorn and the people of rohan .,0
"and with the birth of tiz's son , it becomes unavoidably evident that tiz's fate and his hopes for success involve far more than just his own happiness .",0
city by the sea is a gritty police thriller with all the dysfunctional family dynamics one could wish for . but how it washed out despite all of that is the project's prime mystery .,1
"scotland , pa . is a strangely drab romp . some studio pizazz might have helped .",1
evokes the 19th century with a subtlety that is an object lesson in period filmmaking .,1
lucy is a wannabe writer who hides behind a dead end job in her hometown .,0
"when anti-death-penalty activist david gale is convicted and condemned to death for the murder of a colleague , reporter bitsey bloom sets out to learn the story behind gale's crime .",0
we weave in and out of eight defective lives and go for a turbulent mental ride where lilli's reality spirals out of control and we're lead to an unforgettable climax where some fall apart and some piece themselves together .,0
"that is , until he falls in love with a cocktail waitress ( maria bello ) and gets "" lady luck , "" which throws the situation into reverse .",0
some motion pictures portray ultimate passion ; others create ultimate thrills . men in black ii achieves ultimate insignificance -- it's the sci-fi comedy spectacle as whiffle-ball epic .,1
"it so happens that benigno is looking after another woman in a coma , alicia , a young ballet student .",0
tempest productions journeys to the heart of the anime subculture in search of answers .,0
the hulk is an anger fueled monster with incredible strength and resistance to damage .,0
"kitchen scenes playing as obvious and light-hearted metaphors for states of mind and relationships , mostly martha leaves a few elements hanging that it probably should have tidied .",1
standard story of a biker gang taking over a town is not saved by the presence of lou diamond phillips as the head biker or sean patrcik flanery as the avenging townsperson who takes on the gangs with the help of an old codger ( robert forster ) .,0
"he is at a loss to describe what he may have seen to the police , to ellen's mother , to himself .",0
henk otte lives on disability with his wife and son outside of amsterdam .,0
the movie is a satire of behind the music rock &#38 ; roll bands .,0
"he , his brother dan , and two other men , steve hart and joe byrne , formed a gang .",0
"the girls want to do a girly pop song , and the entire jury panel consist of muslim boys !",0
"aliens appear at the un and invite earth to join the galactic federation , there is a catch though , earth has one year to send a team of it's best fighters to represent the palnet in an unarmed combat tournament .",0
jackson and co have brought back the value and respect for the term epic cinema .,1
birot's directorial debut ( she co-wrote the script with christophe honoré ) isn't so much bad as it is bland .,1
"meanwhile , obi-wan kenobi continues to train the young jedi anakin skywalker , who fears that the jedi code will forbid his growing romance with amidala . . .",0
josh ( anthony michael hall ) is one of those guys who can't navigate the shallow ny singles scene .,0
those who aren't put off by the film's austerity will find it more than capable of rewarding them .,1
"nair doesn't use [monsoon wedding] to lament the loss of culture . instead , she sees it as a chance to revitalize what is and always has been remarkable about clung-to traditions .",1
"on their way back , they drive through death valley .",0
"in this darkly comic short film , a daughter and her elderly dying mother are arguing over a dress .",0
"all the actors are good in pauline & paulette but van der groen , described as 'belgium's national treasure , ' is especially terrific as pauline .",1
"fresh from a series of emotional traumas , allison is distrustful and not so easily rescued , though over a period of two days she comes to regard her idealization of dylan as a last opportunity for security and happiness .",0
only one person can eventually solve the crisis : stefan balsiger himself .,0
"shaky close-ups of turkey-on-rolls , stubbly chins , liver spots , red noses and the filmmakers new bobbed do draw easy chuckles but lead nowhere .",1
"his old friends and family members have changed , almost beyond recognition .",0
"numerobis calls upon an old friend to help him out : the fabulous druid panoramix ( miraculix in other language versions ) from gallia , who brews a fantastic potion that gives supernatural strength .",0
"urban ground squirrels is the hilarious tale of love , friendship , and experiences set against the battlefield of a modern college campus .",0
"five men and women race against time ( and sometimes their own knack for self-sabotage ) to save the consummate southern , rowdy group house from the academic upper crust and a vindictive sorority .",0
"by turns touching , raucously amusing , uncomfortable , and , yes , even sexy , never again is a welcome and heartwarming addition to the romantic comedy genre .",1
a retired hitman fighting insomnia gets brought back into the fold of his old life when he encounters some shady characters from his past .,0
"siddalee , a famous new york playwright , is quoted in time magazine and infuriates her dramatic , southern mother .",0
"in the second half of the film , frei's control loosens in direct proportion to the amount of screen time he gives nachtwey for self-analysis .",1
"henrik meets the mysterious bag lady , who gives him a pair of magic shoes that make him dance like a dream .",0
. . . has a bit more going for it than just bikini babes and bitchin' waves . but the plot is ankle deep at best .,1
"when tom goes away for a few days , lori , with the help of best friend , monica , investigates the disappearance of helen .",0
"to the outside , he is a faithful servant and a fierce protector of the organization , but inside he is full of doubt .",0
". it's a testament to the film's considerable charm that it succeeds in entertaining , despite playing out like a feature-length sitcom replete with stereotypical familial quandaries . there's a sheer unbridled delight in the way the story unfurls . . .",1
women craved him and men wanted to be him .,0
"halpern and rolov follow three young men : 23-year old straight-laced circuit virgin , brandon ; 21-year old party boy with a drug problem , tone ; and sensitive but strong-willed 19-year old , jon .",0
"in the end , alex unveils her secret , an act of truth , which forces this crazed cast of characters to re-examine their own lives .",0
"this film is not a love letter for the slain rappers , it's a taunt -a call for justice for two crimes from which many of us have not yet recovered .",1
"oliver , an emotional gigolo who doesn't belive he deserves to love , arrives in copenhagen to surprise a summer flirt but ends up meeting lulu .",0
"[cho's face is] an amazing slapstick instrument , creating a scrapbook of living mug shots .",1
"holy mad maniac in a mask , splat-man ! good old-fashioned slash-and-hack is back !",1
a little weak -- and it isn't that funny .,1
"directing with a sure and measured hand , [haneke] steers clear of the sensational and offers instead an unflinching and objective look at a decidedly perverse pathology .",1
"but unfortunately , karl lubeck has seen better days .",0
one day a mysterious young man enters her world .,0
"in this sense it is merely a travelogue , yet there is so much more , spanning from the traditional to the avant-garde , from the sublime to the ridiculous , very different , highly original and with a unique zeitgeist narrative structure .",0
"no one else , that is , until an extra-ordinary group of six outlaws lands on their front porch .",0
"but too late or otherwise , love at first sight is exactly what happens .",0
"anyone who welcomes a dash of the avant-garde fused with their humor should take pleasure in this crazed , joyous romp of a film .",1
transforms one of [shakespeare's] deepest tragedies into a smart new comedy .,1
"joe hickley thinks he's got a great scheme : kidnap the child of rich parents , hold it for 24 hours , keeping the mother under his control while an accomplice gets the ransom from the father , who is on a trip .",0
"this epic film , eschewing dialogue and conventional narrative logic , tells a gripping tale of biological drama through a highly improbable series of evocative images , superb acting and editing , and haunting music .",1
"the story goes that she can't go in the light , and if you wake up and see her , she'll kill you .",0
"without shakespeare's eloquent language , the update is dreary and sluggish .",1
"young police officer filipo ( giovanni ribisi ) descends into philippa's life , changing her bleak outlook on existence into one in search of tranquility among corruption , as they become unlikely soul mates and lovers .",0
"while it doesn't expose any new truths about the problems posed by reaching middle age , it reflects wisely on the truths that already exist .",1
"by the time it ends in a rush of sequins , flashbulbs , blaring brass and back-stabbing babes , it has said plenty about how show business has infiltrated every corner of society -- and not always for the better .",1
bears about as much resemblance to the experiences of most battered women as spider-man does to the experiences of most teenagers .,1
"nakata's technique is to imply terror by suggestion , rather than the overuse of special effects .",1
"the sweetest thing , a romantic comedy with outrageous tendencies , may be a mess in a lot of ways . but it does have one saving grace . a lot of its gags and observations reflect a woman's point-of-view .",1
"the film has an infectious enthusiasm and we're touched by the film's conviction that all life centered on that place , that time and that sport .",1
"the hard-to-predict and absolutely essential chemistry between the down-to-earth bullock and the nonchalant grant proves to be sensational , and everything meshes in this elegant entertainment .",1
chalk it up as the worst kind of hubristic folly .,1
"the secrets of time travel will have been discovered , indulged in and rejected as boring before i see this piece of crap again .",1
"the plot goes on with a lot of action scenes and many revelations , following the comic books .",0
"the only thing that can help him is a very expensive operation , an operation their family can in no way afford .",0
a delightful entree in the tradition of food movies .,1
lynn tells sue she wants to stop their criminal life and get married ^&#214 ; she won't accept chow nunn's order for the second killing .,0
"what steve doesn't know is that the crocodile has innocently swallowed a top secret us satellite beacon , and the poachers are actually american special agents sent to retrieve it .",0
a renowned plastic surgeon with a serious gambling problem owes a huge sum of money to the mafia .,0
"dizzy harrison is an unpopular , high school geek going through a hellish senior year .",0
the documentary also describes the deployment era of the regulus submarines ( 1958-1964 ) .,0
"many people believed max had a gift , but he was so upset by his mother dieing , that he purposely ignores his "" gift "" , until one day he has a disturbing dream about a girl being raped and kidnapped .",0
"because the intelligence level of the characters must be low , very low , very very low , for the masquerade to work , the movie contains no wit , only labored gags .",1
now even that joy will be stripped away as his son prepares to place him in a nursing home .,0
"if she can come to terms with it , rachel might just have a chance at love .",0
"the problem with the mayhem in formula 51 is not that it's offensive , but that it's boring .",1
"soul is what's lacking in every character in this movie and , subsequently , the movie itself .",1
"because the flag is dirty , the teacher asks them to take it home and to wash it .",0
"the dons have their own hierarchal manipulations - chotte baba ( jackie shroff ) , medium baba ( gulshan grover ) and bade baba ( amitabh bachchan ) .",0
35-year old magnus edkvist hates class reunions as much as anyone and usually skip them .,0
"penny's love for her partner , taxi-driver phil , has run dry .",0
"he falls for hunky diner owner matt , who falls just as hard back .",0
he wanted to make a difference - but nothing does at downview high .,0
this dramatically shaky contest of wills only reiterates the old hollywood saw : evil is interesting and good is boring .,1
"his surrounding is a peaceful dreamplace called "" shangri-la "" .",0
"just as the recent argentine film son of the bride reminded us that a feel-good movie can still show real heart , time of favor presents us with an action movie that actually has a brain .",1
a plodding look at the french revolution through the eyes of aristocrats .,1
"often demented in a good way , but it is an uneven film for the most part .",1
. . . manages to deliver a fair bit of vampire fun .,1
"loonies is a film with light-hearted and cheeky humour that , in a moving way , takes us into the pleasantly disturbed world of five somewhat romanticised psychiatric patients .",0
the bay of love and sorrows is a haunting modern tragedy set on the rural shores of new brunswick's bay of miramichi .,0
""" an entire film about researchers quietly reading dusty old letters . """,1
"together , ethan and rachel navigate the course of a relationship that is as infuriating as it is inspired , as tender as it is passionate .",0
"told from the point of view from archie ( qualls ) , a comic book collector , this is the story of a rivalry between two comic book shop owners .",0
"an entertaining and topical adventure drama which responds to our society's fascination with doomsday cults , survivalist sects and their messianic leaders .",0
"it ain't art , by a long shot , but unlike last year's lame musketeer , this dumas adaptation entertains .",1
"kill , threaten , kidnap , maim , murder , steal . . .",0
"like edward norton in american history x , ryan gosling ( murder by numbers ) delivers a magnetic performance .",1
"ace homicide detective matt , ( christian de la fuente ) , leads the state in murder convictions , but his job has a big downside - he spends every day with dead victims and that's pushed him to question his belief in god , family , love .",0
it's filthy . it's sexist . and it's hilarious for adult audiences who appreciate lawrence's raunchy approach and perfect timing .,1
"improv comedy masters the upright citizens brigade star in this absurdist comedy about an evil chinese food company and their plan to turn little girls into "" saucy "" spare ribs .",0
four friends sruggling with life meet in the maine woods for their annual hunting trip .,0
the piece plays as well as it does thanks in large measure to anspaugh's three lead actresses .,1
this loud and thoroughly obnoxious comedy about a pair of squabbling working-class spouses is a deeply unpleasant experience .,1
t&#252 ; rlich accidentally stumbles across some information about his origin and decides to go to klein ischgl in austria .,0
"spider-man is in the same category as x-men - occasionally brilliant but mostly average , showing signs of potential for the sequels , but not giving us much this time around .",1
"the game's mastermind has stolen his identity , put him on the fbi's most wanted list , and is blackmailing him to take a part in a real twisted plan of world destruction .",0
"[haynes'] homage to such films as "" all that heaven allows "" and "" imitation of life "" transcends them . simply put , "" far from heaven "" is a masterpiece .",1
this is just lazy writing . even kids deserve better .,1
"his attention settles on alicia browning ( busy philipps ) , a darkly troubled outsider who , as the only person present throughout the entire incident , is both the key witness and a possible suspect .",0
they all died 48 hours after logging on to a site named feardotcom . com .,0
"what we have here is an examination of fathers , sons and sibling rivalry - squared and sideways",1
shade is set in the world of poker hustlers working the clubs and martini bars of los angeles .,0
"based on gail carson levine's award winning novel , this is the story of ella , a young woman who was given a "" gift "" of obedience by a fairy named lucinda .",0
"miyazaki has provided another triumph , and , in the midst of the quality fall-off of disney's in-house animated projects , a reason for animation-lovers to rejoice .",1
kapur's contradictory feelings about his material result in a movie that works against itself .,1
"disregarding the fbi's warning , rachel probes into her sisters disappearance .",0
"refusing at first to open up , the young man eventually breaks down and reveals a horrific childhood .",0
vin diesel reunites with the director ( rob cohen ) and the producer ( neal h . moritz ) of the blockbuster the fast and the furious .,0
"the trouble is , something is already waiting for them inside - something that doesn't want them to leave .",0
"in 1650 , capt . jameson macaulay has decided to remarry and returns to his castle to take down his deceased wife's portrait .",0
". . . just a big mess of a movie , full of images and events , but no tension or surprise .",1
"in the end , the weight of water comes to resemble the kind of soft-core twaddle you'd expect to see on showtime's 'red shoe diaries . '",1
"against improbable odds , they race towards a thrilling , climactic confrontation on the mysterious isla de muerta .",0
the din of advertising offering happiness through consumption is deafaning and sense and reason are quickly being discarded as relics of the 'old economy' .,0
it's a great american adventure and a wonderful film to bring to imax .,1
"while general audiences might not come away with a greater knowledge of the facts of cuban music , they'll be treated to an impressive and highly entertaining celebration of its sounds .",1
"however , there just might be more to him than meets the eye .",0
"for the past seven years mel bishop , a cold-blooded old west outlaw , had rotted away in a filthy mexican prison .",0
her family doctor is baffled ; his examination reveals her story to be true !,0
"well , he wakes up on the night when the tooth fairy is supposed to come and get his last tooth and sees her .",0
the assasins force walter to drive their escape car .,0
"west coast "" bodybuilding competition and use his own body as the perfect reflection of his mind's work .",0
the film runs on a little longer than it needs to -- muccino either doesn't notice when his story ends or just can't tear himself away from the characters -- but it's smooth and professional .,1
a mobster's wife is forced to confront her dark side when her young child is kidnapped and held for ransom .,0
"apparent heir to the philadelphia paradiso mafia family , frank paradiso , finds himself confronted with tough choices after an assassination attempt on his father , don antonio paradiso ( played by robert costanzo ) .",0
"meet the razor eaters : five motivated , pissed-off young men who've launched an anarchistic crime spree against melbourne , capturing all their deeds on home video .",0
"shanghai ghetto , much stranger than any fiction , brings this unknown slice of history affectingly to life .",1
"only the android attendants are still capable of action , mindlessly maintaining and administering the 'drip' .",0
"when joe , a us navy seal , and katsuragi , a japanese detective , join forces to stop the circulation of blood heat , they are taken to an underground martial arts tournament in the muscle dome held by the yakuza and triads , where the fighters are blood heat users .",0
"on a concert tour in india , they marry at a secret and romantic ceremony without any press attention .",0
"detective kuroda tries to find the answer , which isn't as simple as one could hope .",0
he forgets most things after only a few minutes .,0
"the film focuses on fatal ( nora zimmett ) , a former heroin addict who , having embraced this dark lifestyle , decides to leave her "" family "" and break free from the goth world with the help of her college tutor tom ( jeff marchelletta ) .",0
"unfortunately this film will not satisfy if you are looking to discover the missing link , but if you are simply interested in humor and some 'interesting' footage , to say the least , you will not be disappointed .",1
"it doesn't make for great cinema , but it is interesting to see where one's imagination will lead when given the opportunity .",1
"who is this movie for ? not kids , who don't need the lesson in repugnance . it's also not smart or barbed enough for older viewers -- not everyone thinks poo-poo jokes are 'edgy . '",1
"skin of man gets a few cheap shocks from its kids-in-peril theatrics , but it also taps into the primal fears of young people trying to cope with the mysterious and brutal nature of adults .",1
told just proficiently enough to trounce its overly comfortable trappings .,1
he is always in search of a rich girl with a view to live a luxurious life with her money .,0
"he pays the price for his sleepless night , however , the next morning when his father awakens him into a whole nude world .",0
"as the days count down , francis comes face to face with his own fear of failure and the spectre of selling out his dreams .",0
they say sooner or later all love stories will end ; now &#38 ; forever is the exception . . .,0
"kung pow : enter the fist is a movie within a movie , created to spoof the martial arts genre .",0
"an inventive , absorbing movie that's as hard to classify as it is hard to resist .",1
they quickly realize that the answer to their problems and the key to their happiness do not lie in achieving a perfect score .,0
"the next morning , their friday gets freaky when tess and anna find themselves inside the wrong bodies .",0
"the bourne identity shouldn't be half as entertaining as it is , but director doug liman and his colleagues have managed to pack it with enough action to satisfy the boom-bam crowd without a huge sacrifice of character and mood .",1
the pianist is the film roman polanski may have been born to make .,1
"when a powerful developer named mr . scheck wants to knock down all the stores and houses in arnold's neighborhood to build a huge "" mall-plex "" , it looks likes the neighborhood is doomed to disappear .",0
it is just too bad the film's story does not live up to its style .,1
perhaps the most remarkable aspect of murderous maids is how restrained and sensitive french director jean-pierre denis keeps his film .,1
samantha noble ( elizabeth berkley ) is a high-profile magazine editor .,0
none of the characters or plot-lines are fleshed-out enough to build any interest .,1
"this was also a time , in the midst of a chaotic , decaying environment , when a man tried to cope with the loss of his former lover .",0
a film that perfectly distills the relationship between pop music and teens searching for identity .,1
now pistachio must make the most of his inherited power in an attempt to track down devilin and save his parents .,0
for his drug is not dope or crack or smack . . .,0
one of the most splendid entertainments to emerge from the french film industry in years .,1
looks more like a travel-agency video targeted at people who like to ride bikes topless and roll in the mud than a worthwhile glimpse of independent-community guiding lights .,1
"area k is an israeli controlled marine zone isolating the gaza strip and preventing palestinian fishermen from entering israel , egypt and international waters .",0
"beautifully crafted and brutally honest , promises offers an unexpected window into the complexities of prejudice .",1
feels as if the inmates have actually taken over the asylum .,1
"as for joe , he is bent on revenge for the beating he took , and soon he has a new prot&#233 ; g&#233 ; brad ( rick schroder ) who is just as good if not better then johnny .",0
"tranquilino , the grand grand father looked at the eyes of the coyote , since then the horror of a crime and the hell of being unable to sleep will chase them .",0
they grow hesitantly closer than their previous adversarial relationship as old bonds are tested and new awarenesses are inspired .,0
a greek film maker ( the narrator ) has his film banned by the military government in his own country .,0
"the way home is an ode to unconditional love and compassion garnered from years of seeing it all , a condition only the old are privy to , and . . . often misconstrued as weakness .",1
"it desperately wants to be a wacky , screwball comedy , but the most screwy thing here is how so many talented people were convinced to waste their time .",1
"now faced with the discovery of a bloodied body , a flaming liquor store just off native land that sells millions of cans of beer a year to the native population , and his brother's ongoing self-destruction , rudy goes on a quest to avenge himself , his family , and his culture and to seek justice .",0
"boll uses a lot of quick cutting and blurry step-printing to goose things up , but dopey dialogue and sometimes inadequate performances kill the effect .",1
"the far future may be awesome to consider , but from period detail to matters of the heart , this film is most transporting when it stays put in the past .",1
a thoughtful look at a painful incident that made headlines in 1995 .,1
"slim , the thinking head hatched a plan for their final retirement : five consecutive burglars , in five days , involving 20 million dollars .",0
. . . captures the pain and desperation of adolescent powerlessness and humiliation with powerful intimacy . . .,1
what he doesn't know yet is that these traits are part of the disguisey family secret legacy .,0
"naturally , he returns to his analyst dr . ben sobel ( crystal ) for help and finds that sobel needs some serious help himself as he has inherited the family practice , as well as an excess stock of stress .",0
a thoroughly entertaining comedy that uses grant's own twist of acidity to prevent itself from succumbing to its own bathos .,1
"nicholas , his sister and mother venture to london to seek help from their uncle ralph , but ralph's only intentions are to separate the family and exploit them .",0
"there's a delightfully quirky movie to be made from curling , but brooms isn't it .",1
tuck everlasting achieves a delicate balance of romantic innocence and philosophical depth .,1
"woo has as much right to make a huge action sequence as any director , but how long will filmmakers copy the "" saving private ryan "" battle scenes before realizing steven spielberg got it right the first time ?",1
"provided with a blurry picture of william the media turns his ministry into a human interest story that spans the country in a massive media hunt for this "" miracle man "" .",0
"in imax in short , it's just as wonderful on the big screen .",1
one regards reign of fire with awe . what a vast enterprise has been marshaled in the service of such a minute idea .,1
"short and sweet , but also more than anything else slight tadpole pulls back from the consequences of its own actions and revelations .",1
"so stupid , so ill-conceived , so badly drawn , it created whole new levels of ugly .",1
guru gulab leaves india for america and comes to stay in the neighbourhood of dr . anmol acharya ( aftab shivdasani ) .,0
"the project honors [dickens'] passionate voice , and the strong ensemble cast sees us through a few tonal shifts .",1
a librarian begins a passionate affair with a mysterious woman who walks into his library .,0
"enroute , eagle reluctantly comes to the aid of romy , a sassy moll who has just stolen 600 her life .",0
"far from heaven is a dazzling conceptual feat , but more than that , it's a work of enthralling drama .",1
"when the precise nature of matthew's predicament finally comes into sharp focus , the revelation fails to justify the build-up .",1
a young professional discovers the difficulty of leaving the corporate nest .,0
"movies like this are selling the old european candor , the old wink of 'bold' revelation . but in 2002 , such revelations wilt .",1
"the problem , amazingly enough , is the screenplay .",1
the filmmakers skillfully evoke the sense of menace that nature holds for many urban dwellers .,1
"but now , hogwarts students are strangely being turned into stone .",0
"son of the bride is slight fare , but it does have it poignancies , and it is well-acted and sweet without being cloying .",1
"the script , like the character danny , is complex and needs your attention . . .",1
not even steven spielberg has dreamed up such blatant and sickening product placement in a movie .,1
"uncompromising in his work , sullivan is just as devoted to his private life as an upstanding husband and father of two young boys .",0
the minor figures surrounding [bobby] . . . form a gritty urban mosaic .,1
"martha is rich in contradictions , her tightly wound personality running counter to the sensual pleasure she offers others through her art .",1
one of those movies that make us pause and think of what we have given up to acquire the fast-paced contemporary society .,1
"it's incredible the number of stories the holocaust has generated . just when you think that every possible angle has been exhausted by documentarians , another new film emerges with yet another remarkable yet shockingly little-known perspective .",1
the movie is undone by a filmmaking methodology that's just experimental enough to alienate the mainstream audience while ringing cliched to hardened indie-heads .,1
. . . could easily be called the best korean film of 2002 .,1
"besides a few survivors , the only two who know about freddy's plans are teenagers lori ( monica keena ) and will ( jason ritter ) .",0
14-year-old meredith attempts to maintain a religious vow of silence during a thanksgiving dinner with her agnostic family .,0
'grasp' is a darkly humorous mystery peppered with some truly surreal visuals .,0
a fast paced and suspenseful argentinian thriller about the shadow side of play .,1
like mike isn't interested in recycling old cliches . it wants to tweak them with a taste of tangy new humor .,1
"when a regular fashion show goes horribly wrong , they are sucked into the nasty but irresistible underworld of bombay .",0
"mr . stiles has an ulterior motive however , and has enlisted possum lake's sheriff ( darren frost ) and deputy ( melissa dimarco ) to help prevent the lodge from coming up with money to pay the fine .",0
on an out of control train holding hostages and high-tech bio-weapons agent kristoff ( van damme ) becomes a one man army to derail the terrorists and save the lives of everyone on board !,0
the two are catapulted into the chase of their lifetimes in pursuit of the kidnapped professor and the lost temple .,0
"he lives his life in solitude , keeping his girlfriend at arm's length ; the closest relationship he maintains is with his partner , reg--and vincent makes sure that stops at the precinct door .",0
detective kang goes about his new job buoyantly and enthusiastically .,0
kissinger's story raises profound questions about american foreign policy and highlights a new era of human rights .,0
"such a good-looking picture deserved to have more depth and unpredictability in its story . but it does stand out as a personal and unique entry in a time-worn genre , and that may be good enough .",1
"the brass want to close out the case , nick and henry stay on it , and bits of evidence point them to an auto body shop .",0
even accepting this in the right frame of mind can only provide it with so much leniency .,1
"after a confrontation with a house elf named dobby , harry escapes to the weasley house with ron weasley ( rupert grint ) in a flying car .",0
"an awful lot like one of [spears'] music videos in content -- except that it goes on for at least 90 more minutes and , worse , that you have to pay if you want to see it .",1
"in the vein of raiders of the lost ark , this action packed thriller takes us on a roller coaster ride from the bone chilling cold of moscow to the mystical beauty of india .",0
". . . has its moments , but ultimately , its curmudgeon doesn't quite make the cut of being placed on any list of favorites .",1
a dream cast of solid female talent who build a seamless ensemble . there isn't a weak or careless performance amongst them .,1
the leads we are given here are simply too bland to be interesting .,1
"all kinds of animals begin immigrating to the south , seeking more warm climates .",0
"months on , marie finds herself alone , life having taken a dramatic turn .",0
"he's in the southwest , headed toward mexico , when he picks up bennie , a woman leaving an abusive marriage , going to paradise , arizona .",0
"isabel ( rica ) and clara ( maui ) , two childhood friends separated by fate .",0
"the venezuelans say things like "" si , pretty much "" and "" por favor , go home "" when talking to americans . that's muy loco , but no more ridiculous than most of the rest of "" dragonfly . """,1
"with terry in the corner office , you'll never be late for the morning meeting again .",0
"helmut busch ( now bruno ) will fall in love with adela , one of the activists , and that faces him into a dilema because he has orders to kill the head of the group where the young woman serves as a militant .",0
the sad thing about knockaround guys is its lame aspiration for grasping the coolness vibes when in fact the film isn't as flippant or slick as it thinks it is .,1
"shortly hereafter she encounters dieter , a charming young man .",0
"on her last day alive , she develops an unusual relationship with kevin , a bisexual hustler specializing in "" freaks . """,0
however after his son is witness to a killing he has done mike sullivan finds him self on the run trying to save the life of his son and at the same time looking for revenge on those who wronged him .,0
"i liked it because it was so endlessly , grotesquely , inventive .",1
"everyone connected to this movie seems to be part of an insider clique , which tends to breed formulaic films rather than fresh ones .",1
strangely comes off as a kingdom more mild than wild .,1
a near perfect fusion of computer and cel animation .,1
"mirabelle falls in love with the glamorous ray , and her life takes a magical turn , but eventually she realizes that she must empower herself and make a choice between them .",0
"how would you feel if when you woke , the nightmare had just begun ?",0
a chaotic panorama that's too busy flying a lot of metaphoric flags .,1
his destiny lies in the shadows of a black rose - the symbol of decayed innocence .,0
"both an admirable reconstruction of terrible events , and a fitting memorial to the dead of that day , and of the thousands thereafter .",1
"exonerated of lying , king and cuthbertson are nevertheless reprimanded by the court for their behaviour , but receive an invitation to tea with the prime minister should they ever be in whitehall .",0
"unless you come in to the film with a skateboard under your arm , you're going to feel like you weren't invited to the party .",1
these three girls are part of what is referred to today as the 'stolen generations . ',0
she further finds out her sister was working as a dominatrix at an unusual underground adult establishment in detroit called the playground .,0
the first half bursts with a goofy energy previous disney films only used for a few minutes here and there .,1
"the life story of the late graham chapman , legendary founding member of monty python .",0
"decent-but-dull dek loves shirley , so much so that he humiliates her by proposing without warning on national television .",0
"a witty and suspenseful tone poem with a magnetic isabelle huppert as a perverse , central character .",1
"this is almodovar's stab at serious drama , and the result is bizarre and affecting but also unsettling in ways that the filmmaker may not have intended .",1
"as the suspense builds toward a gripping climax , it soon becomes clear that the cia's old maxims are true : "" trust no one "" and "" nothing is what it seems . """,0
the backyard battles you staged with your green plastic army men were more exciting and almost certainly made more sense .,1
the film starts out as competent but unremarkable . . . and gradually grows into something of considerable power .,1
"a baffling subplot involving smuggling drugs inside danish cows falls flat , and if you're going to alter the bard's ending , you'd better have a good alternative .",1
"lydia , marco's girlfriend and a bullfighter by profession , has been gored and is in a coma .",0
"when the young and highly repressive king pentheus discovers that his own mother agave has given herself over to this upstart god of wine and erotic joy , he declares a state of war , despite the very stern warnings of cadmus , the former king and the famed prophet teiresias .",0
""" ox "" anderson , much greener , is also getting the same new task : protect the navajo codetalkers ( ben yahzee and charles whitehorse , respectively ) .",0
"with the fbi and press in hot pursuit , she must make the hardest decision in her life .",0
the girls are treated like outcasts because they have inadvertently wrecked townsville in a superpowered game of tag .,0
"yet , the fellowship is broken and boromir is dead .",0
"in event of death of any of the inheritors' death , a death certificate has to be produced to the bank .",0
"when her husband's younger brother turns twenty-one and is released from juvenile prison , where he served five years for murder , renee's cozy life begins to change .",0
chris takes mitchell to an abandoned rooftop and threatens him and his mother .,0
"winnie falls inlove with one of the tucks , jesse , a "" 17 "" year old boy who shares the same feelings for her .",0
"paco , a rapper and performer , indifferent to all except her career , dreams of hitting the top ten chart .",0
"on this tricky topic , tadpole is very much a step in the right direction , with its blend of frankness , civility and compassion .",1
"the early and middle passages are surprising in how much they engage and even touch us . this is not a classical dramatic animated feature , nor a hip , contemporary , in-jokey one . it's sort of in-between , and it works .",1
has a shambling charm . . . a cheerfully inconsequential diversion .,1
jose is a street performer having an extended dry spell with women .,0
"the mothman prophecies , which is mostly a bore , seems to exist only for its climactic setpiece .",1
"fate brings emma and bret together and they discover shared disdain for clients who collect art to impress others , follow the current trend or think only in terms of investment value .",0
they are abruptly sidetracked when dara accidentally runs over someone on a lonely country road and wrongly takes the blame .,0
it's a feel-good movie about which you can actually feel good .,1
provides a satisfactory overview of the bizarre world of extreme athletes as several daredevils express their own views .,1
"however , price discovers a life lesson he never thought possible in the mistaken identity comedy from raw dawg films .",0
"leggy zeta-jones is so hot in the 'all that jazz' number , she's flammable . and zellweger defines delicious .",1
the film provides the viewer with a close-up biographical look at the lives of the enforcers of this penalty and of their personal fates .,0
"as with so many merchandised-to-the-max movies of this type , more time appears to have gone into recruiting the right bands for the playlist and the costuming of the stars than into the script , which has a handful of smart jokes and not much else .",1
"when mr . hundert tells us in his narration that 'this is a story without surprises , ' we nod in agreement .",1
"although initially repelled by simon , rose is determined to make him fall in love with her and succeeds .",0
"staked-out in his one-bedroom apartment with his kidnap victim , brian ( justin bartha ) , gigli soon realizes that what he thought would be a routine assignment soon becomes a tumultuous task .",0
anna is followed everywhere she goes by a creepy pale assailant with a knife .,0
"it gets onto the screen just about as much of the novella as one could reasonably expect , and is engrossing and moving in its own right .",1
nick farrow is a young mid-twenties trust fund baby .,0
"the story is so light and sugary that were it a macy's thanksgiving day parade balloon , extra heavy-duty ropes would be needed to keep it from floating away .",1
ain't no mountain high enough to keep the funk brothers from getting to you .,1
"one thursday evening , their disagreements reach a fever pitch - anna is incensed that her mother doesn't support her musical aspirations and tess , a widow about to remarry , can't see why anna won't give her fiance ( mark harmon ) a break .",0
"all these games of chasing , rejecting and seducing are played out in an economically and spiritually depressed hong kong , without much gusto .",0
the marquis de sade couldn't have been as dull a person as this film makes him out to be .,1
"set 10 years after the events in "" the phantom menace "" .",0
"the biggest problem i have ( other than the very sluggish pace ) is we never really see her esther blossom as an actress , even though her talent is supposed to be growing .",1
"unable to let her go quite yet , duncan mimics his dead mother .",0
fate deals young orphan matt murdock a strange hand when he is doused with hazardous waste .,0
its inescapable absurdities are tantamount to insulting the intelligence of anyone who hasn't been living under a rock ( since sept . 11 ) .,1
"a fast-moving , fluidly told tale , eugene jarecki's documentary certainly will likely inflame kissinger's ardent cronies . and yet , as one-sided as its story is , the movie also manages a measured disposition .",1
"in the outback and through the bush with his wife terri's ever-present commentary ringing out over the countryside ( "" that was a close one , steve ! "" ) , the crocodile hunter is out to save the gorgeous croc and relocate him .",0
"the urban landscapes are detailed down to the signs on the kiosks , and the color palette , with lots of somber blues and pinks , is dreamy and evocative .",1
scientists discover that the earth's core is about to stop spinning .,0
dr . singh ( amitabh bachchan ) a senior doctor raise funds to fulfil his dream of having a state-of-the-art hospital .,0
"it's mildly sentimental , unabashedly consumerist . . . studiously inoffensive and completely disposable .",1
kudos to this first-time feature director for braiding his insider experience into something quite singular .,1
"a pleasant and engaging enough sit , but in trying to have the best of both worlds it ends up falling short as a whole .",1
"watching trouble every day , at least if you don't know what's coming , is like biting into what looks like a juicy , delicious plum on a hot summer day and coming away with your mouth full of rotten pulp and living worms .",1
a witty screen adaptation of this classic comedy of manners with its generous supply of snappy one-liners .,1
"jirí hubac's script is a gem . his characters are engaging , intimate and the dialogue is realistic and greatly moving . the scope of the silberstein family is large and we grow attached to their lives , full of strength , warmth and vitality . .",1
"dr . david banner , while working on a military project to create a super-soldier of sorts , purposefully modifies his own dna .",0
"payne constructs a hilarious ode to middle america and middle age with this unlikely odyssey , featuring a pathetic , endearing hero who is all too human .",1
"in the end , egoyan's enormous talent and mychael danna's intense score keep ararat interesting and emotional .",1
"his comedy premises are often hackneyed or just plain crude , calculated to provoke shocked laughter , without following up on a deeper level .",1
"the faithful will enjoy this sometimes wry adaptation of v . s . naipaul's novel , but newcomers may find themselves stifling a yawn or two during the first hour .",1
"a tense , capably-made film that's exciting and realistic enough to satisfy filmgoers who've had their fill of hollywood's usual ultra-unrealistic blockbuster fare .",1
"naipaul fans may be disappointed . those who are not acquainted with the author's work , on the other hand , may fall fast asleep .",1
"missing since 1962 and floating adrift , the antonia graza is not uninhabited .",0
"a fantastically vital movie that manages to invest real humor , sensuality , and sympathy into a story about two adolescent boys .",1
a biopic about crane's life in the classic tradition but evolves into what has become of us all in the era of video .,1
one of those decades-spanning historical epics that strives to be intimate and socially encompassing but fails to do justice to either effort in three hours of screen time .,1
"ron launius ( josh lucas ) , billy deverell ( tim blake nelson ) , barbara richardson ( natasha gregson wagner ) and joy miller ( janeane garofalo ) were brutally murdered , and ron's wife susan ( christina applegate ) was left in critical condition .",0
"charlotte sometimes is a brilliant movie . it is about irrational , unexplainable life and it seems so real because it does not attempt to filter out the complexity .",1
"this is the final straw for roxie , and her constant anger at rejection explodes .",0
a savage john waters-like humor that dances on the edge of tastelessness without ever quite falling over .,1
""" bums in the mist "" will expose you to a world where alcohol is king and sloth is a virtue ; buddy george will discover , bums who are able to find love and professional success all while maintaining their "" mondern frontiersman "" lifestyle ; bums who's natural gifts enable them to move down the ladder of success at an astronomical rate ( or whatever the opposite of astronomical is ) and who's penchant for violence impact every aspect of their lives .",0
"a retired american emerald smuggler must go to rio to find and save his daughter , unknown to him from an affair 15 years earlier , and finish off a smuggling deal with a ruthless child-torturing drug lord .",0
""" 13 conversations "" holds its goodwill close , but is relatively slow to come to the point .",1
max finally decides to help the fbi by describing his constant dreams about the kidnapping .,0
"for his first attempt at film noir , spielberg presents a fascinating but flawed look at the near future .",1
the film lapses too often into sugary sentiment and withholds delivery on the pell-mell pyrotechnics its punchy style promises .,1
"there's a solid woman- finding-herself story somewhere in here , but you'd have to dig pretty deep to uncover it .",1
spielrein was a young russian-jewish woman of 18 when she arrived in august 1904 at the burgh&#246 ; lzli clinic in zurich where carl gustav jung had set up shop .,0
"it's unnerving , stimulating , likely to provoke anger and sorrow on both political sides -- and , above all , it's extremely funny .",1
"the tuxedo wasn't just bad ; it was , as my friend david cross would call it , 'hungry-man portions of bad' .",1
"it is not until the story reaches its conclusion , does the old man discover the surprising truth about his son and himself .",0
"borrows a bit from the classics "" wait until dark "" and "" extremities "" . . . but in terms of its style , the movie is in a class by itself .",1
how inept is serving sara ? it makes even elizabeth hurley seem graceless and ugly .,1
"an ambitious , guilt-suffused melodrama crippled by poor casting .",1
"the case gets more complicated , when even the police themselves appear to become suspects in the murders .",0
but fate and their youthful dreams still have tricks to play . . .,0
"'lovely and amazing , ' unhappily , is neither . . . excessively strained and contrived .",1
"during the tuxedo's 90 minutes of screen time , there isn't one true 'chan moment' .",1
"when the professor turns up missing , one of his students , jake whitcomb , finds the professor's journal , inside of which is a copy of the map .",0
a cathartic work that honestly tries to make sense of the unimaginable .,1
"at charlotte's insistence , pally's half-brother ray pays pally a visit and suggests he buy a race horse to cheer up .",0
"missy crider , angela featherstone , and sally struthers round out the cast .",0
"the funny thing is , i didn't mind all this contrived nonsense a bit .",1
"frustrated and angered by a system that doesn't seem to work , sam hands in his resignation .",0
"ultimately eve struggles with destiny in light of her new found love , rediscovery of homeland , and her sense of life's purpose .",0
"with all this going on , gerry's estranged wife margaret is worried for her daughter's safety and finds herself another target in the race to find the code .",0
showing this beautiful city as seen through the eyes of it's favorite son in his most frantic moments .,0
"chalk it up to my adoration for both de niro and murphy , but i had a pretty good time with this movie - despite its myriad flaws .",1
daniel soon gets his chance to find out when the basement floods and his mother insists daniel share his bedroom with robert while the plumbers fix the mess downstairs . . .,0
"skin deep is a psychological thriller about love , sex , race , and betrayal involving an interracial couple , a black couple , and a mistress .",0
"finds a way to tell a simple story , perhaps the simplest story of all , in a way that seems compelling and even original .",1
"such a wildly uneven hit-and-miss enterprise , you can't help suspecting that it was improvised on a day-to-day basis during production .",1
"as austin chases dr . evil , mini-me and goldmember through time , he stops in 1975 to "" connect "" with an old girlfriend , detective foxy cleopatra , and requests her help to track the villains and save his father .",0
the path becomes blurred and treacherous and peter learns that only by relying on the strength of strangers will he be able to heal himself .,0
best enjoyed as a work of fiction inspired by real-life events . those seeking a definitive account of eisenstein's life would do better elsewhere .,1
"at sciltre , nothing that is served up is what it seems and sometimes what you get isn't what you really want .",0
but micke suggests one thing that is a definite babe-magnet : taking a dog out for walks .,0
"you see what he sees , you feel what he feels , you experience the horrible delusions and the verge of insanity as he struggles to find the thinning line between reality and the subconscious .",0
"hot on the trail of the principle villains , bond travels to iceland where he experiences at first hand the power of an amazing new weapon before a dramatic confrontation with his main adversary back in korea where it all started . . .",0
brian knows that tonight the evil has finally come to claim him .,0
"believing that he is the "" world's greatest swordsman , "" juan antonio merrily accepts the challenge until he learns that the duel will be fought with pistols , not swords .",0
"not only an exuberant portrayal of hip-hop's self-healing , it's a compelling meditation on the future of making music in america .",1
does the new all-girl group desert have anything to do with it ?,0
"the fatal accident was actually choreographed by henrietta , a kervorkian wannabe , and dara and noble become henrietta's unwitting pawns .",0
"the acting , costumes , music , cinematography and sound are all astounding given the production's austere locales .",1
"anyone who suffers through this film deserves , at the very least , a big box of consolation candy .",1
it has the requisite faux-urban vibe and hotter-two-years-ago rap and r&b names and references .,1
it is a journey that will take both carol and charlie to the edge of reality .,0
about as big a crowdpleaser as they possibly come .,1
daughter from danang sticks with its subjects a little longer and tells a deeper story,1
but her selfish actions soon catch up with her . . .,0
"she's desperately on the prowl for a man , but since she's more mouse than cat , she get's herself into scrape after scrape in her screwball pursuit of love .",0
"where janice beard falters in its recycled aspects , implausibility , and sags in pace , it rises in its courageousness , and comedic employment .",1
"jaunty fun , with its celeb-strewn backdrop well used .",1
"burning clean follows johnny , a young man caught between the grinding poverty of the urban ghetto and a con artist mother who depends on him for survival , on the day he must forsake her to save himself .",0
"windtalkers is shapelessly gratifying , the kind of movie that invites you to pick apart its faults even as you have to admit that somehow it hit you where you live .",1
"when petty thief cosimo ( luis guzman ) is given the plan for the perfect heist from a lifer in prison - the kind of job you dream about - he has to get out of jail , fast .",0
"maggie is a young cuban-american freelance writer who takes an eye opening trip back to her roots and meets a young enchanting native , mateo .",0
"obstacles pop up left and right , as the adventure gets wilder and wilder .",0
"a dull , inconsistent , dishonest female bonding picture .",1
"[reynolds] takes a classic story , casts attractive and talented actors and uses a magnificent landscape to create a feature film that is wickedly fun to watch .",1
a poignant and gently humorous parable that loves its characters and communicates something rather beautiful about human nature .,1
as each wait for a bus to new york city it is soon clear they are both hiding dark secrets while running from the past .,0
"blessed with immense physical prowess he may well be , but ahola is simply not an actor . and in truth , cruel as it may sound , he makes arnold schwarzenegger look like spencer tracy .",1
"he has had no formal education , but on his own , he systematically studies western theories of industrial management and such classical chinese philosophies as confucianism , taoism , and suntzu .",0
"if the film had been in less-capable hands , the subject matter could have easily lent itself to eye-rolling ridicule , but huppert and haneke manage to keep the credibility intact , at least up to a point .",1
"deep in the northwest , there is a lone ranch tucked away so purposefully , the only way to find it is by not looking .",0
"all of a sudden , simon vanishes and francis appears , charmingly succeeds to reverse all her plans .",0
"a vile , incoherent mess . . . a scummy ripoff of david cronenberg's brilliant 'videodrome . '",1
harry is watching over his dying wife and waiting for the gun to arrive .,0
"time literally stops on a dime in the tries-so-hard-to-be-cool "" clockstoppers , "" but that doesn't mean it still won't feel like the longest 90 minutes of your movie-going life .",1
the ensuing battle was one of the most savage in u . s . history .,0
"in order to help and protect , asterix and obelix accompany the old druid on his journey to egypt .",0
"so the hunt begins as ted delivers a first round of come-ons and invitations for his object of desire to become entangled , but nothing works .",0
"a subtle , poignant picture of goodness that is flawed , compromised and sad .",1
"the stars may be college kids , but the subject matter is as adult as you can get : the temptations of the flesh are unleashed by a slightly crazed , overtly determined young woman and a one-night swim turns into an ocean of trouble .",1
"faced with a $10 million lawsuit , the department agrees to let producer chase renzi film mitch's investigation for a new reality tv show , and constantly tries to make everything more "" viewer friendly "" by changing everything about mitch's life to fit the stereotypical view of police officers--and partners him with trey .",0
"looking for a good story she also meets a welfare official , thomas , who also thinks that the foundation should be looked into .",0
it's mired in a shabby script that piles layer upon layer of action man cliché atop wooden dialogue and a shifting tone that falls far short of the peculiarly moral amorality of [woo's] best work .,1
"armed with a bag of money and mysterious martial arts skills , with marie by his side , bourne scours paris for clues about his identity and past life . . .",0
"the film , staged among some of the western art tradition's greatest masterpieces , climaxes in a pageant of color , motion , and music .",0
. . . a good film that must have baffled the folks in the marketing department .,1
"in a season of strenuously ambitious art , the laid-back modesty and accessible charm of evelyn is a welcome relief .",1
"a young man shares his mantra and imagines innocent beauty as he reflects upon his lonely , mundane existence .",0
"the maori take on shakespeare's 'pound of flesh' drama is a story of deep seated social and religious prejudice , that has its revenge in a money lending deal that is bonded in a pound of the christian merchant's flesh on forfeit .",0
even the hastily and amateurishly drawn animation cannot engage .,1
. . . a mostly boring affair with a confusing sudden finale that's likely to irk viewers .,1
an uneven film dealing with too many problems to be taken seriously .,1
"worth a look by those on both sides of the issues , if only for the perspective it offers , one the public rarely sees .",1
"an operatic , sprawling picture that's entertainingly acted , magnificently shot and gripping enough to sustain most of its 170-minute length .",1
"jerry and nick are two best buddies whose love lives have hit rock bottom , jerry's especially , having just vomited all over his fiance on a hot air balloon trip prior to proposing to her .",0
"nine good teeth reveals many of the common truths hidden away in all our families , as well as the unexpected - late night visits from jack kerouac , illicit love affairs and the occasional murder .",0
"he's also still got a murder to solve , in addition to the blackmail and framing of an innocent bystander being orchestrated by the man they were chasing .",0
"it irritates and saddens me that martin lawrence's latest vehicle can explode obnoxiously into 2 , 500 screens while something of bubba ho-tep's clearly evident quality may end up languishing on a shelf somewhere .",1
"bound by a long red cord , a young couple wanders in search of something they have forgotten .",0
"however , as ancanar grew into manhood , he became restless .",0
adam fields is a rage-filled u . s . border patrol agent who often crosses the line in his job .,0
"told in five parts to represent each of the five senses , the sheltered 25-year-old learns to understand his own senses and those around him .",0
"along the way , they discover a sinister conspiracy that reaches to the police department and even the highest level of government .",0
"in order to preserve her art and also herself , beyond death , for all posterity , she has herself cloned .",0
"as is most commonly case with projects such noble and lofty ambitions , the film is less poetic than simply pretentious .",1
"christians sensitive to a reductionist view of their lord as a luv-spreading dr . feelgood or omnipotent slacker will feel vastly more affronted than secularists , who might even praise god for delivering such an instant camp classic .",1
"faced with cold , hunger and death , afghan children still try to learn , play and enjoy whatever life offers them .",0
"a compassionate , moving portrait of an american ( and an america ) always reaching for something just outside his grasp .",1
"in a place soon to be known as the valley of death , in a small clearing called landing zone x-ray , lt . colonel hal moore ( mel gibson ) and 400 young fathers , husbands , brothers , and sons , all troopers from an elite american combat division , were surrounded by 2 , 000 north vietnamese soldiers .",0
a pathetically inane and unimaginative cross between xxx and vertical limit .,1
"handsome , charming and undeniably self-absorbed , he treats her more like a nanny than a harvard law grad and can barely choose a tie without her help .",0
the movie is essentially a series of fleetingly interesting actors' moments .,1
"but when charlie sees mallory with her new boyfriend , curtis , charlie realizes he's been replaced .",0
"a woozy , roisterous , exhausting mess , and the off-beat casting of its two leads turns out to be as ill-starred as you might expect .",1
the only fun part of the movie is playing the obvious game . you try to guess the order in which the kids in the house will be gored .,1
less funny than it should be and less funny than it thinks it is .,1
"she takes a fancy to chan kwok chan , whom she stalks .",0
"an often watchable , though goofy and lurid , blast of a costume drama set in the late 15th century .",1
"in singapore , that means that at the age of 12 , the government has decided that they are not as academically inclined as their peers .",0
"kung pow is oedekerk's realization of his childhood dream to be in a martial-arts flick , and proves that sometimes the dreams of youth should remain just that .",1
starving artist gus bishop can't even give away his paintings .,0
"90 punitive minutes of eardrum-dicing gunplay , screeching-metal smashups , and flaccid odd-couple sniping .",1
"meanwhile , a sith lord orchestrates events between the forces of good and evil , all the while waiting to play the final move that will ensure him control of the galaxy .",0
"while they think they are driving out the rojas , a local gang that runs the meth trade for bosses in cabo san lucas , rikki is running an elaborate double-cross on his own family .",0
i am more offended by his lack of faith in his audience than by anything on display here .,1
"when eliza discovers that poachers in africa's serengeti desert plan to kill an elephant herd with an electrified fence , she and her chimpanzee friend darwin must somehow find a way to stop them .",0
the story begins in the demilitarised zone between north and south korea with a spectacular high-speed hovercraft chase and continues via hong kong to cuba and london where bond meets up with the two ladies who are to play such important and differing roles in his quest to unmask a traitor and to prevent a war of catastrophic consequence .,0
there's something to be said for a studio-produced film that never bothers to hand viewers a suitcase full of easy answers .,1
a fascinating literary mystery story with multiple strands about the controversy of who really wrote shakespeare's plays .,1
"with no other leads , claire warily sets out with miles towards tiburon , a secret community outside the city that may be the last hold-out against the drug . . .",0
"fine acting but there is no sense of connecting the dots , just dots .",1
viewing this underdramatized but overstated film is like watching a transcript of a therapy session brought to humdrum life by some freudian puppet .,1
the baby that is the anti-christ is switched at birth .,0
"it's a pleasurable revelation to see foster feel out a role , both emotively and physically , with the well-marshaled gusto that she does here .",1
"the film has too many spots where it's on slippery footing , but is acceptable entertainment for the entire family and one that's especially fit for the kiddies .",1
"too restrained to be a freak show , too mercenary and obvious to be cerebral , too dull and pretentious to be engaging . . . the isle defies an easy categorization .",1
"she's aided by her sister sue ( zhao wei ) , who operates the pair's world panorama surveillance system , which allows them to tap into any video security system in the world .",0
"what makes how i killed my father compelling , besides its terrific performances , is fontaine's willingness to wander into the dark areas of parent-child relationships without flinching .",1
"while mitchell is there , his mother shows up to get the gun .",0
"tellis teams with henry oak , a friend of the dead narc and an aggressive cop constantly under the scrutiny of internal affairs .",0
it's a subtle mood piece in which a man's collapse is examined so rigorously that one almost hopes for a murder to come along and break the tension .,1
"schmitz takes off for new orleans with stephens , promising him a chance to meet his teen idol , all the while taking film of stephens' cross-country exploits and pawning them off as footage of the real deal .",0
"they discover a little bit about love , dating and each other as the search through the thousands of hopefuls .",0
"'estupendamente actuada , sumamente emotiva y profundamente humana , es una experiencia fílmica imposible de olvidar'",1
"because he is in debt , dewey poses as his roommate , a substitute teacher , and gets a job teaching a 4th grade class .",0
he gathers a following and becomes a rock star only to find that his music awakens the ancient queen akasha and she wants him to become her king . . .,0
"after school on saturday afternoon , a teacher asks her 6th grade students , budi and rosi , to take charge of raising the flag for next monday's ceremony .",0
"but things take a turn for the worst when sheldon finds out that some of the people that he works with , and some he doesn't know he's working for , are all in it for the money .",0
"throughout all the tumult , a question comes to mind : so why is this so boring ?",1
"desta vez , columbus capturou o pomo de ouro .",1
"contains the humor , characterization , poignancy , and intelligence of a bad sitcom .",1
"a handsome and talented college student , david morales , is devastated when a bum knee causes him to lose his scholarship to the university of san diego .",0
there's plenty of style in guillermo del toro's sequel to the 1998 hit but why do we need 117 minutes to tell a tale that simply can't sustain more than 90 minutes .,1
"his appetite after the gorgeous girl wetted , he helps her out in introducing patricia to his stepdaughter katherine hiller ( carolyne ambrose ) , an artist-agent .",0
"es divertida , visualmente espectacular y muy entretenida . simple y sencillamente te sorprenderá .",1
it's pretentious in a way that verges on the amateurish .,1
plummer steals the show without resorting to camp as nicholas' wounded and wounding uncle ralph . it's a great performance and a reminder of dickens' grandeur .,1
"he has the wrong blood type to be able to donate one of his kidneys , so he arranges a trade with a group of organ dealers : one of his kidneys , and 10 million won , in return for their finding a kidney for his sister .",0
"naturally , our boys band together and go for the bronze !",0
a comedic short about a man flying through mexico who despite not speaking the language meets a pretty girl only to juggle his attention between her and the world's worst case of 'montezuma's revenge' .,0
"it's all gratuitous before long , as if schwentke were fulfilling a gross-out quota for an anticipated audience demographic instead of shaping the material to fit the story .",1
"a very slow , uneventful ride around a pretty tattered old carousel .",1
"upon one of his famous , hand-made tortillas appears the face of jesus christ .",0
"aussie adventurer steve irwin aka the crocodile hunter has avoided the death-roll and nabbed another feisty croc , hoping to save it from poachers .",0
"defies logic , the laws of physics and almost anyone's willingness to believe in it . but darned if it doesn't also keep us riveted to our seats .",1
"september of 1944 , a few days before finland went out of the second world war .",0
renee zellweger is amazing and richard gere brings a life to the screen that he hasn't in several years .,1
a lyrical if sluggish excursion set in war-torn iranian kurdistan .,1
"the two black men ( anthony and michael ) are successful in the high tech world of silicon valley , and have known each other since childhood .",0
"flashy gadgets and whirling fight sequences may look cool , but they can't distract from the flawed support structure holding equilibrium up .",1
"with an unflappable air of decadent urbanity , everett remains a perfect wildean actor , and a relaxed firth displays impeccable comic skill .",1
one of the film's most effective aspects is its tchaikovsky soundtrack of neurasthenic regret .,1
"with a single clue to their whereabouts and nothing to lose , he leaves to find 'his people' .",0
"their parents , miffed by this , decide to go and kidnap st . nick , unaware that their plan will soon backfire upon them in fun and happy ways .",0
the quirky and recessive charms of co-stars martin donovan and mary-louise parker help overcome the problematic script .,1
"blade , whistler ( yes , he's back ) and an armory expert named scud are curiously summoned by the shadow council .",0
"starry-eyed forest ranger , jackie , rescues the hunk of her dreams from a cliff side motorcycle accident .",0
"when investigative reporter , chase somete and her team are on a trail of uncovering this organized fight ring , suk is torn between protecting the only family he knows , and defending the person who can bring him down .",0
"but paul's dream job turns into a nightmare of sex for hire , drugs and violence .",0
painfully bleak and disheartening . . . brilliantly made and uncompromising,1
"her cathexis was rapid and she formed an intense attachment to her young doctor , who seems to have reciprocated .",0
"matt lee whitlock ( washington ) , respected chief of police in small banyan key , florida , must solve a vicious double homicide before he himself falls under suspicion .",0
"aftermath asks the question , "" what would happen if the man on the street really did try to stop a bank robber ? """,0
the movie understands like few others how the depth and breadth of emotional intimacy give the physical act all of its meaning and most of its pleasure .,1
"thank goodness writer-director michael kalesniko found someone as verbally nimble as kenneth branagh to keep the whole enterprise afloat . he manages , but just barely .",1
"but someone has been watching , and they've had enough . . .",0
"when he does this , he finds out that freddy is killing th kids of crystal lake in they're dreams !",0
"in converging with angels , a world-weary sex worker ( dylan thomas ) impulsively takes in a drunk , fragile young woman who is in distress ( allison campbell ) , hoping to force some measure of redemption in a life that is financially comfortable , but morally and spiritually bankrupt .",0
"guaranteed to move anyone who ever shook , rattled , or rolled .",1
"in a surrealistic approach typical of the director , a clumsy cat and an intelligent monkey are also present in the film .",0
"eventually , he builds a successful career as a us attorney .",0
the pied piper production penned by christian otjen concerns a 36-year-old man ( brian wimmer ) who returns to his hometown to confront the harsh reality of his father's supposed suicide .,0
"entwined with maggie's search for hope , the film explores her interaction with her family and friends .",0
"after months in the holy land he returns home in hope of forgiveness , some poontang and perhaps , if he finds the time , finding the mysterious wizard . . .",0
five young people apply to live in an isolated house together for six months whilst their every move is filmed by numerous cameras .,0
"as directed by dani kouyate of burkina faso , sia lacks visual flair . but kouyate elicits strong performances from his cast , and he delivers a powerful commentary on how governments lie , no matter who runs them .",1
"from its nauseating spinning credits sequence to a very talented but underutilized supporting cast , bartleby squanders as much as it gives out .",1
"in addition , he finds a baffling pile of different passports , all with his picture , and a huge pile of cash .",0
"bettien decided to cooperate with the police and because of her testimonies , many precious arrests were made .",0
the judge gives him until the end of the day to present the papers and thus begins a cat and mouse game between the proponents .,0
"the animated subplot keenly depicts the inner struggles of our adolescent heroes - insecure , uncontrolled , and intense .",1
"but , things go frightfully wrong and the game turns into a struggle to make it out of the house alive .",0
"a chronicle , which goes behind the scenes on a stormy collaboration between the iconoclastic dance company , pilobolus , and legendary author-illustrator maurice sendak .",0
a sailor ( derek luke ) prone to violent outbursts is sent to a naval psychiatrist ( washington ) for help .,0
"as well as many appearances by characters for the hit television series "" mr .",0
"despite their many differences , they form a loving , long term relationship .",0
between new york and california is the wasteland known as the plague zone .,0
"the film's trailer also looked like crap , so crap is what i was expecting .",1
"now , along with other surviors , jill valentine , claire redfield and carlos oliviera , they must fight to survive , to escape the nightmare that has plauged raccoon city .",0
"the kind of women that own every room they walk into , and who think of all men as 'boys' .",0
now he must battle the courts to get his children back .,0
"her maid of honor says she's got to call off the wedding , but that proves much more difficult than expected .",0
reign of fire just might go down as one of the all-time great apocalypse movies .,1
"as violent , profane and exploitative as the most offensive action flick you've ever seen .",1
"performances all around are tops , with the two leads delivering oscar-caliber performances .",1
"self-congratulatory , misguided , and ill-informed , if nonetheless compulsively watchable .",1
the people want to lynch him and blueberry can only just prevent that .,0
"for the first two-thirds of this sparklingly inventive and artful , always fast and furious tale , kids will go happily along for the ride .",1
"nothing , and no one , is as it seems , in this adaptation of graham greene's classic and prophetic story of love , betrayal , murder and the origin of the american war in southeast asia .",0
the raw footage gives us an alternate insight to chaplin's classic film which started production years before adolph hitler was seen as a major threat in the western world .,0
"[the film] tackles the topic of relationships in such a straightforward , emotionally honest manner that by the end , it's impossible to ascertain whether the film is , at its core , deeply pessimistic or quietly hopeful .",1
"in the middle of world war i , nine british soldiers caught behind enemy lines seek refuge in a complex network of german trenches .",0
"supreme chancellor palpatine moves for a vote for a republic army to protect the republic , as there has not been a full-scale war since the formation of the republic .",0
"melds derivative elements into something that is often quite rich and exciting , and always a beauty to behold .",1
"the movie overcomes its lack or originality in the setup by making good use of its central idea , that a pair of sneakers could make a kid into an nba star .",1
"then , grace lets us in on the secret of their marriage , and how she is able to keep communication front and center in their relationship .",0
"the low-key direction is pleasingly emphatic in this properly intense , claustrophobic tale of obsessive love .",1
writer-director stephen gaghan has made the near-fatal mistake of being what the english call 'too clever by half . ',1
don't wait to see this terrific film with your kids -- if you don't have kids borrow some .,1
"perky , perfect carolyn and her alpha omega pi sisters plan to win sorority of the year by impressing the greek council with a killer charity : coaching mentally challenged athletes for the regional challenged games .",0
donde cae el sol tells a little story between a 65 years ol man and a woman who is thirty years younger that him .,0
"a movie that doesn't aim too high , but doesn't need to .",1
by doing this he meets a link between the two time periods ( lang ) .,0
"that enemy has developed a "" micro-device "" that can be injected into victims in order to kill them at will .",0
"we have poignancy jostling against farce , thoughtful dialogue elbowed aside by one-liners , and a visual style that incorporates rotoscope animation for no apparent reason except , maybe , that it looks neat .",1
"the techno tux is good for a few laughs , as are chan and hewitt , but when such a good design turns out to be a cheap knockoff , we can't recommend anything but a rental for the tuxedo .",1
"a gang of robbers , lead by career criminal charlie croker , create the largest traffic jam in los angeles history , giving them time to pull off a theft of gold bullion .",0
about a boy will warm your heart without making you feel guilty about it .,1
"through dream manipulations and guilt , he's able to convince hockey-masked psychopath jason which both freddy and jason sense as the perfect opportunity for a slice-and-dice job .",0
what starts as an innocent game of bar trivia soon escalates into an all out war - dex &#38 ; eric vs . herb .,0
"the art direction is often exquisite , and the anthropomorphic animal characters are beautifully realized through clever makeup design , leaving one to hope that the eventual dvd release will offer subtitles and the original italian-language soundtrack .",1
there is the one where tourists come to test their luck in the casinos and there is the one where all the losers end up .,0
"while there prove to be a lot of pitches to be thrown before he makes it off the mound , big-league dreams are revived , and there's no telling where he could go .",0
"this attractive , 30 year old successful graphic designer with a captivating personality hasn't had a good date in over a year , and she's not alone - her best friends share the same problem .",0
"in life , there's silver , and there's lead , says rikki ortega , as he moves to be king of the street in "" &#193 ; nglio , "" l . a . 's east side .",0
comes off like a bad imitation of the bard .,1
"amold&oacute ; var is a master of emotional texture , peeling away layer upon layer of the feelings . . . until he reaches benigno's troubled psyche and marco's benevolent soul .",1
"for revenge , ingrid murders barry with the deadly poison of her favourite flower : the white oleander .",0
icon-bashing has never been as amusing as it is in michael rubbo's documentary much ado about something .,1
an instance of an old dog not only learning but inventing a remarkable new trick .,1
alarms for duvall's throbbing sincerity and his elderly propensity for patting people while he talks .,1
he soon finds himself plunged into a mystery only to find himself at the heart of it .,0
"a haunted , bountiful film that demands patience -- and rewards it .",1
"lesson to be learned : never , never mess with "" the gay mafia ! """,0
"despite impeccable acting . . . and a script that takes some rather unexpected ( even , at times , preposterous ) turns , love is just too , too precious in the end .",1
"for each chuckle there are at least 10 complete misses , many coming from the amazingly lifelike tara reid , whose acting skills are comparable to a cardboard cutout .",1
"his mother persuades a renowned entomologist to take them on a trip to the jungle to search for the butterfly , leading to an adventure that will transform their lives .",0
"liman , of swingers and go , makes his big-budget action film debut something of a clunker as he delivers a long , low-heat chase , interrupted by a middling car chase .",1
parker cannot sustain the buoyant energy level of the film's city beginnings into its country conclusion,1
all the while a growing shadow falls upon middle-earth as the dark lord's army marches on to gondor .,0
"leela is the story of leela , an aware , liberal woman who struggles with the true meaning of independence .",0
"it is von sydow who gives intacto its gravity , resonance , soul .",1
teens are borrowing the family car to drive to manhattan with hopes of being picked to enter studio 54 .,0
"sunshine state is sayles at his most robert altman-ish , purposefully juggling about a dozen narrative balls in the air , and letting the mundanity and smallish drama of everyday life tell a larger story .",1
"jones has crafted a natty narrative that , enhanced by erin nordstrom's editing , is filled with payoffs .",1
a movie that tries to fuse the two 'woods' but winds up a bolly-holly masala mess .,1
"it's hard to pity the 'plain' girl who becomes a ravishing waif after applying a smear of lip-gloss . rather , pity anyone who sees this mishmash .",1
they all decide to go together and they leave .,0
grief is awkward and funny and strange sometimes . so is moonlight mile .,1
"it's at once laughable and compulsively watchable , in its committed dumbness .",1
an atonal estrogen opera that demonizes feminism while gifting the most sympathetic male of the piece with a nice vomit bath at his wedding .,1
"yakusho , as always , is wonderful as the long-faced sad sack . . . and his chemistry with shimizu is very believable .",1
"k-19 : the widowmaker is derivative , overlong , and bombastic -- yet surprisingly entertaining .",1
a story about a troubled genius who attempts to build a magnetic engine in hopes of greatly reducing the worlds consumption of fossil fuels and electricity .,0
"now , johnny and lena ( wayne's girlfriend ) are asked to make the ultimate baby product , called mighty baby .",0
"leon ( revilla ) , known as kilabot , is an nbi agent who also works as a tattoo artist by day .",0
"in this cinematic concert , mesmerizing images are plucked from everyday reality , then visually altered with state-of-the-art digital techniques .",0
"the stakes are high and the characters have to face their fears , their futures and their fellow grads as the game , and their lives , advance towards the climactic ending .",0
"the story follows their lives as they try to reconcile their differences while world war ii impacts each of them on their lives and finally in old age when they meet again , with the hope that the differences in their youht can finally be reconciled .",0
a terrific insider look at the star-making machinery of tinseltown .,1
"dialogue-heavy and too cerebral for its own good -- or , at any rate , too cerebral for its racy subject matter .",1
hilarity ensues as the local developer battles to stop them while the sheriff starts to fall for the family's only daughter .,0
"the film belongs to the marvelous verdu , a sexy slip of an earth mother who mourns her tragedies in private and embraces life in public",1
"ms . rampling , still beautiful well into her 50s , has an earth-bound weariness and lively spirit that convey a life fully and tragically lived .",1
the notion that bombing buildings is the funniest thing in the world goes entirely unexamined in this startlingly unfunny comedy .,1
montias . . . pumps a lot of energy into his nicely nuanced narrative and surrounds himself with a cast of quirky -- but not stereotyped -- street characters .,1
what's next ? the porky's revenge : ultimate edition ?,1
". . . has freaky scenes where the crew wonder if they're ghosts imagining themselves as alive . it's a sly wink to the others without becoming a postmodern joke , made creepy by its "" men in a sardine can "" warped logic .",1
"there's an excellent 90-minute film here ; unfortunately , it runs for 170 .",1
trademark american triteness and simplicity are tossed out the window with the intelligent french drama that deftly explores the difficult relationship between a father and son .,1
"through an unforeseeable chain of events , jack comes face to face with the boundaries of his carefully constructed existence .",0
"a pointed , often tender , examination of the pros and cons of unconditional love and familial duties .",1
"like schindler's list , the grey zone attempts to be grandiloquent , but ends up merely pretentious -- in a grisly sort of way .",1
"louiso lets the movie dawdle in classic disaffected-indie-film mode , and brother hoffman's script stumbles over a late-inning twist that just doesn't make sense .",1
"unlike their sons , eddie and sean are immigrants , or children of immigrants , who have made peace with their unfulfilled dreams .",0
"meanwhile , una makes herself being fired in the supermarket .",0
"finally , the unequal lovers end up as fugitives from justice - but for how long ?",0
it's up to an undercover fbi agent to stop him before it's too late .,0
the film proves unrelentingly grim -- and equally engrossing .,1
"when you resurrect a dead man , hard copy should come a-knocking , no ?",1
really does feel like a short stretched out to feature length .,1
those who don't entirely 'get' godard's distinctive discourse will still come away with a sense of his reserved but existential poignancy .,1
"the result puts a human face on derrida , and makes one of the great minds of our times interesting and accessible to people who normally couldn't care less .",1
"they both get close to tun , a lonely youth with an unspecified illness .",0
what's needed so badly but what is virtually absent here is either a saving dark humor or the feel of poetic tragedy .,1
"lindberg demonstrates a remarkable sense of place , a keen understanding that emotions are boiled into a concentrate , not diluted , in the rural setting .",1
"a sly female empowerment movie , although not in a way anyone would expect .",1
"seagal , who looks more like danny aiello these days , mumbles his way through the movie .",1
"engaging peter is the story of peter , a struggling documentary filmmaker who has resorted to shooting weddings for rent money .",0
arteta directs one of the best ensemble casts of the year,1
"immediately , john q . rushes michael to the hospital's emergency room for a transplant .",0
it's hard to believe that something so short could be so flabby .,1
"it's mildly entertaining , especially if you find comfort in familiarity . but it's hardly a necessary enterprise .",1
"much of the lady and the duke is about quiet , decisive moments between members of the cultural elite as they determine how to proceed as the world implodes .",1
"after making an incredible career in the international narcotics world during 1984-1992 , bettien was arrested at piazza navona in rome as one of the targets of the international police operation "" green ice "" .",0
"the story is timeless , but when adapted to the modern age , it makes for a wrenching film -- never preachy or sentimental , and refreshingly non-judgmental about the fundamental and contradictory issues it raises .",1
"in other words , it's just another sports drama/character study . yet this one makes up for in heart what it lacks in outright newness . plus , like i already mentioned . . . it's robert duvall ! c'mon !",1
jordan is a mom &#38 ; an activist who is on a life long search for true faith as she tries to protect her only child from what she believes is injustice .,0
first kammy meets the 40-year-old danny ( dave wong ) and falls head over heels .,0
the soundtrack alone is worth the price of admission .,1
a close-to-solid espionage thriller with the misfortune of being released a few decades too late .,1
"oscar james takes ryan on a rollercoaster ride of mayhem and madness , but everything has a price and oscar won't let ryan easily escape this carnage-strewn nightmare 'til the final showdown when he reveals his real purpose .",0
"as i settled into my world war ii memories , i found myself strangely moved by even the corniest and most hackneyed contrivances .",1
"though talk in the film often turns to death , khatra's enthusiasm and love of life keep the movie surprisingly upbeat .",1
keith winds up on the phone with a popular radio psychiatrist ( kevin pollak ) who guides keith through what he cannot see on his own .,0
there are just too many characters saying too many clever things and getting into too many pointless situations . where's the movie here ?,1
a living testament to the power of the eccentric and the strange . the fact that it isn't very good is almost beside the point .,1
the affectionate loopiness that once seemed congenital to demme's perspective has a tough time emerging from between the badly dated cutesy-pie mystery scenario and the newfangled hollywood post-production effects .,1
it's one heck of a character study -- not of hearst or davies but of the unique relationship between them .,1
"never does "" lilo & stitch "" reach the emotion or timelessness of disney's great past , or even that of more recent successes such as "" mulan "" or "" tarzan . """,1
"their stories of desire , talent , conviction , obsession and addiction are woven together and build up to a climactic series of events that bring them to opening night .",0
the farmer whom the barn belongs to is distraught and can't cope from the intruder's power of articulations .,0
"makes one thing abundantly clear . american musical comedy as we know it wouldn't exist without the precedent of yiddish theater , whose jolly , fun-for-fun's-sake communal spirit goes to the essence of broadway .",1
"this ensemble comedy tells ten separate ( but intertwining ) stories of love in london ( with a small portion set in france ) , leading up to a big climax on christmas eve .",0
"i won't argue with anyone who calls 'slackers' dumb , insulting , or childish . . . but i laughed so much that i didn't mind .",1
"tells the important , but little-known story of dismantling segregation in the polite society that was bermuda in the 1950s .",0
"in his own mental state , he sees his wife alive and beautiful .",0
"a morose little soap opera about three vapid , insensitive people who take turns hurting each other . it's a feature-length adaptation of one of those "" can this marriage be saved ? "" columns from ladies home journal . . .",1
"this "" hitchcockian "" thriller tells the story of a young new york investment banker ( hartnett ) who becomes obsessed with a woman he sees in a cafe , believing her to be his long-lost love , following her home to her apartment , where he waits for her , going so far as to put his engagement on hold .",0
"sillier , cuter , and shorter than the first ( as best i remember ) , but still a very good time at the cinema .",1
"forty-one years after they played their first note on a motown record and three decades since they were all together , the funk brothers reunited back in detroit to play their music and tell their unforgettable story , with the help of archival footage , still photos , narration , interviews , re-creation scenes , 20 motown master tracks , and twelve new live performances of motown classics with the brothers backing up contemporary performers .",0
this particular weekend strays from the usual when adam meets a girl at a party ( a simple incident which drives his best friend to the brink of a jealous rage ) .,0
a coming-of-age film that avoids the cartoonish clichés and sneering humor of the genre as it provides a fresh view of an old type -- the uncertain girl on the brink of womanhood .,1
"testing his theories with a time machine of his own invention , hartdegen is hurtled 800 , 000 years into the future , where he discovers that mankind has divided into the hunter - and the hunted .",0
"although sensitive to a fault , it's often overwritten , with a surfeit of weighty revelations , flowery dialogue , and nostalgia for the past and roads not taken .",1
the comedy death to smoochy is a rancorous curiosity : a movie without an apparent audience .,1
the nicest thing that can be said about stealing harvard ( which might have been called freddy gets molested by a dog ) is that it's not as obnoxious as tom green's freddie got fingered .,1
"the film is a confusing melange of tones and styles , one moment a romantic trifle and the next a turgid drama .",1
it will make you think twice about what might be going on inside each trailer park you drive past -- even if it chiefly inspires you to drive a little faster .,1
"the plot is plastered with one hollywood cliche after another , most of which involve precocious kids getting the better of obnoxious adults .",1
"it's a lovely , eerie film that casts an odd , rapt spell .",1
"when perry fists a bull at the moore farm , it's only a matter of time before he gets the upper hand in matters of the heart .",1
chicago's newspapers love the nitty-gritty and velma is at the top of the headlines .,0
"although mainstream american movies tend to exploit the familiar , every once in a while a film arrives from the margin that gives viewers a chance to learn , to grow , to travel .",1
"atanarjuat , unfolding on a cold-blasted primeval arctic plain , has the quality of totem .",1
i have two words to say about reign of fire . great dragons !,1
"shae powell , a successful single mom , wakes up rattled from a horrible dream .",0
"suffers from the lack of a compelling or comprehensible narrative . still , as a visual treat , the film is almost unsurpassed .",1
"nikola , the director , and his friends have to make the choice - whether to compromise with their consciences and their art , ( as normally happens here in the balkans ) , or whether to preserve katerina's message .",0
"fbi agent cheryl hammer , arrives in a small california town to catch an elusive killer .",0
"her slutty roommate , lara ( jessica biel ) , has the hots for victor as well .",0
marly has given her career as an aquatic weeki wachee mermaid up and her marriage to steve is over .,0
it's both a necessary political work and a fascinating documentary . . .,1
it reminds us that nathan lane is the best show stealer in show business .,1
"finnur , a 9 year old boy , finds his way to j&#243 ; hanns world and they develop a special friendship .",0
"in present-day london , twelve-year-old quinn watches as his mother , a construction engineer , inadvertently wakes an enormous fire-breathing beast from its century-long slumber .",0
it is a study of dark forces lurking in the lives of teenagers today .,0
a young korean war veteran returns home to find his parents have died and his wife has left him for another man .,0
"in his second term at hogwarts school of witchcraft and wizardry , harry potter ( daniel radcliffe ) is warned by an elf named dobby that disaster will strike when he returns to hogwarts .",0
the movie is pretty funny now and then without in any way demeaning its subjects .,1
"[aniston is] so good , she manages to overcome the occasional nuggets of preciousness and self-consciousness in the story .",1
his search soon sends him down a dangerous path . . .,0
"the tonal shifts are jolting , and though wen's messages are profound and thoughtfully delivered , more thorough transitions would have made the film more cohesive .",1
"it puts washington , as honest working man john q . archibald , on a pedestal , then keeps lifting the pedestal higher .",1
"a stirring tribute to the bravery and dedication of the world's reporters who willingly walk into the nightmare of war not only to record the events for posterity , but to help us clearly see the world of our making .",1
"tim , who had scoffed at nick's idea and passed on an opportunity to get in on the deal , can only watch as nick's fortune -- and tim's own envy -- grow to equally outrageous proportions .",0
has all the right elements but completely fails to gel together .,1
a poky and pseudo-serious exercise in sham actor workshops and an affected malaise .,1
"although a sympathetic judge assures desmond that when his financial situation reverses , he will be able to get his children back ; money is hard to come by .",0
he is visited by a house-elf named dobby and warned not to go back to hogwarts .,0
an off-beat and fanciful film about the human need for monsters to blame for all that is amiss in the world .,1
"in these times of enlightened sexual politics , ted davis is a scoring machine .",0
"with his new job at the tire store beginning tomorrow , he has one last night to reverie before starting what his wife , jolynn , calls their "" new life . """,0
enjoy it for what it is ; you can hate yourself later .,1
"carlos works in the east village as an inker of comics , but is developing his own project he hopes to sell to a well-known publisher .",0
a somewhat soapish but nonetheless beautifully acted excoriation of religious piousness and blind allegiance to faith as a socially constructed institution .,1
"but idle curiosity leads to a dark secret when rebecca and john cam with vera madeline , an online psychic , who initiates a deadly reign of terror over their lives .",0
"harsh , effective documentary on life in the israeli-occupied palestinian territories .",1
kosminsky . . . puts enough salt into the wounds of the tortured and self-conscious material to make it sting .,1
barbara novak ( renee zellweger ) has just come down from maine to new york after writing a book called down with love .,0
"marjorie standiford sits on oklahoma's death row , hours away from execution , speaking into a tape recorder , telling her life story .",0
"it's all going well for the very single eleanor , until she realizes it's all a ruse .",0
before he can complete his task he meets a young women d&#218 ; a ( margr&#233 ; t vilhj&#225 ; lmsd&#243 ; ttir ) who he believes might be his daughter .,0
"on the bright side , it contains jesse ventura's best work since the xfl .",1
"unwilling to disappoint his proud mother , morales wastes no time in looking for a job to pay his way through school .",0
"it's tommy's job to clean the peep booths surrounding her , and after viewing this one , you'll feel like mopping up , too .",1
"when a group of teens win a contest to spend a night in michael myers' childhood home to be broadcast live on the internet , they believe they are in for a little fun and some free publicity .",0
an incredibly irritating comedy about thoroughly vacuous people . . . manages to embody the worst excesses of nouvelle vague without any of its sense of fun or energy .,1
"sheridan is painfully bad , a fourth-rate jim carrey who doesn't understand the difference between dumb fun and just plain dumb .",1
"remember the kind of movie we were hoping "" ecks vs . sever "" or "" xxx "" was going to be ? this is it .",1
"the art direction and costumes are gorgeous and finely detailed , and kurys' direction is clever and insightful .",1
daphne then must struggle with a snobby half-sister and with following the social obligations expected of her while maintaining her own identity .,0
"as this is happening , a rogue jedi named count dooku leads separatists on geonosis to rebel against the senate .",0
lessons abound for the students and teacher culminating in a reunion 25 years later .,0
people often will blame the world for keeping them from being able to live their dreams .,0
"during lunch , michael , plays his well-used race card to make victoria uncomfortable .",0
while lying in the middle of those flowers he devotes to his yearning for love .,0
"when the secret codes controlling a killer nuclear satellite are stolen by the world's most dangerous criminal , america's best agent teams up with a brittish beauty to recover the codes in an endgame of action , betrayal and intrigue .",0
"all right , so it's not a brilliant piece of filmmaking , but it is a funny ( sometimes hilarious ) comedy with a deft sense of humor about itself , a playful spirit and a game cast .",1
has an impact that transcends politics and some dramatic overreaching by writer-director randall wallace .,1
"as surreal as a dream and as detailed as a photograph , as visually dexterous as it is at times imaginatively overwhelming .",1
"likely to give up their first born before they give up their lodge , the crowd puts their heads together and come up with not one , but three methods of raising the money .",0
improves when it takes a more serious tone and zaza and judith develop into deeper characterizations .,1
"exploits [headbanger] stereotypes in good fun , while adding a bit of heart and unsettling subject matter .",1
the film centres around three female supermodels who live and work together .,0
"this very strong cultural identity , different from the us model allows blanca li to give an original point of view on today's melting pot of french urban youngsters .",0
"slowly , it changed to love but it was still unsaid .",0
"a film centering on a traditional indian wedding in contemporary new delhi may not sound like specialized fare , but mira nair's film is an absolute delight for all audiences .",1
"led by the brilliant and sadistic chester lamb , the invaders are surprised to discover sam and the kids from the detention room are still inside the school .",0
"in a small fishing village an established fishmonger , davis , starts to have his supply bought from under him by new boy alan leech .",0
. . . hopefully it'll be at the dollar theatres by the time christmas rolls around . wait to see it then .,1
then the next day he finds out that the previous night his mother actually died in a car crash .,0
"keith bennets ( mark thompson ) mother passed away a year ago , and he feels like he has moved on with his life , until one morning his mothers jewellery shows up on keiths bathroom sink .",0
"strong stuff , minus the upbeat sentimentality of last year's oscar-winner . in that respect , it may be an even more important film .",1
how often do you see a movie about a subject that truly frightens you ?,1
there are some movies that hit you from the first scene and you know it's going to be a trip . igby goes down is one of those movies .,1
"making matters worse , vince is having trouble discerning reality from memory .",0
"when the popular , restless landon carter is forced to participate in the school drama production he falls in love with jamie sullivan , the daughter of the town's minister .",0
"suddenly , fields realizes that he has more in common with the migrants and their search for home , family and freedom than he thought .",0
"on new year's eve , 1969 , a flamboyant ragtag troupe of genderbending hippies took the stage of san francisco's palace theater and the cockettes were born .",0
"with no money , patricia adventurously travels cross-country , fights hunger and rape-attemps .",0
"finally , he moved away from paro and wrote a letter to her , asking her to forget him .",0
"a gracefully acted , unsentimental , quite likable little coming-of-age movie .",1
"unless you're a fanatic , the best advice is : 'scooby' don't .",1
". . . a fluffy , flaky croissant of a culture clash comedy , barely substantial enough for a feature but just light and tasty enough to satisfy .",1
"the farcical elements seemed too pat and familiar to hold my interest , yet its diverting grim message is a good one .",1
"the result is a chronicle of the shift from a world organized by the principles of nature to one dominated by technology , the synthetic and the virtual .",0
"but josh , is not interested in call girls and one-night stands .",0
what might have been acceptable on the printed page of iles' book does not translate well to the screen .,1
"racial bigotry , violence and corruption thrive in places like marquezas .",0
"almost nothing else -- raunchy and graphic as it may be in presentation -- is one-sided , outwardly sexist or mean-spirited . and in a sense , that's a liability .",1
"palestinian-american ali sahid and his older brother mustafa both struggle with their muslim religion and american way of life while living with their strict father , hassam sahid , a widower .",0
"feels slight , as if it were an extended short , albeit one made by the smartest kids in class .",1
"the movie is a desperate miscalculation . it gives poor dana carvey nothing to do that is really funny , and then expects us to laugh because he acts so goofy all the time .",1
". . . the first 2/3 of the film are incredibly captivating and insanely funny , thanks in part to interesting cinematic devices ( cool visual backmasking ) , a solid cast , and some wickedly sick and twisted humor . . .",1
"captures that perverse element of the kafkaesque where identity , overnight , is robbed and replaced with a persecuted "" other . """,1
"kay has since returned to the comforts of civilian life while jay continues to work for the men in black , the highly funded yet unofficial government agency that regulates all things alien on earth .",0
"she silently waits , filled with fear and fading hope for the fate of a loved one , her son , who will never return .",0
this flick is about as cool and crowd-pleasing as a documentary can get .,1
a classy item by a legend who may have nothing left to prove but still has the chops and drive to show how its done .,1
"unfortunately , he neglects to mention that he is a professional gambler with bad instincts and that the jaguar is borrowed .",0
"in the end , they confront an unparalleled horror , with the fate of the world in the balance .",0
sometimes makes less sense than the bruckheimeresque american action flicks it emulates .,1
"a picture that extols the virtues of comradeship and community in a spunky , spirited fashion .",1
the elders hope to return home quickly but their new friend has other plans .,0
"when her mother passes away , ella is cared for by her thoughtless and greedy father who remarries a loathsome woman with two treacherous daughters .",0
two college grads land an entry level mafia job driving a retiring don's car cross country .,0
"the don's legal will , which also includes diamonds worth hundred crores kept in a foreign bank , has to be equally divided between these three and to claim the diamonds from the bank all three all three have to be present at the bank and personally sign the papers .",0
"add yet another hat to a talented head , clooney's a good director .",1
"were it not for a sentimental resolution that explains way more about cal than does the movie or the character any good , freundlich's world traveler might have been one of the more daring and surprising american movies of the year .",1
"it's slow -- very , very slow . it's not the ultimate depression-era gangster movie . that's pure pr hype .",1
"the movie is a meditation on the love and envy that russia has always felt toward europe , and i won't pretend i got more than 30 percent of what was going on .",1
"so she writes it using info from people who talk about him and writes an unflattering piece , which doesn't make him happy .",0
"a spiritual exploration of sorts , offering a message of hope that resonates .",1
hamilton high is no place for a teacher who cares .,0
"a filmmaker , fascinated by the power of the camera and obsessed with the theories of russian film pioneer dziga vertov , decides to get a camera eye to replace the real eye he lost as a child .",0
"as its 23 horrifying days of flesheating come to an end , the creeper has embarked on its final voracious feeding frenzy in poho county .",0
"tired , bruised and out of breath , they finally free the professor and arrive at the temple of faramundi scant minutes before gallo and his men .",0
"shy tonho dreams of being successful , but misses his family and brazil .",0
"he carefully plans every day of his life , leaving nothing to chance .",0
"events go from tragic to dangerous as racism , paranoia , and a secret mistress come into play .",0
"the film flat lines when it should peak and is more missed opportunity and trifle than dark , decadent truffle .",1
"but after he's done his "" day job "" matt takes on a secret identity as "" the man without fear , "" daredevil , the masked avenger that patrols the neighborhood of hell's kitchen and new york city to combat the injustice that he cannot tackle in the courtroom .",0
what if he escaped with the intention of joining all those other nazi evil-geniuses in sun-soaked south america ?,0
"pc stability notwithstanding , the film suffers from a simplistic narrative and a pat , fairy-tale conclusion .",1
"it's somewhat clumsy and too lethargically paced -- but its story about a mysterious creature with psychic abilities offers a solid build-up , a terrific climax , and some nice chills along the way .",1
a by-the-numbers effort that won't do much to enhance the franchise .,1
seymour 'sy' parrish has been doing photo development for 20 years .,0
"the warden's attitude starts to change after 8 years , when mitra tries to protect a new inmate from rape at the hands of her older cellmates .",0
has lost some of the dramatic conviction that underlies the best of comedies . . .,1
"however , finch also has a dilemma when , after wise words from stifler , stifler's mom and stifler's dad ( played by tim allen ) decide to renew their vows , and get married again .",0
"a gob of drivel so sickly sweet , even the eager consumers of moore's pasteurized ditties will retch it up like rancid crème brûlée .",1
"a vampire so consumed with an insatiable bloodlust that they prey on vampires as well as humans , transforming victims who are unlucky enough to survive into reapers themselves .",0
"when they reach la , lucy ( britney spears ) falls in love with ben and against her father's wishes , she stays and she goes to the audition .",0
"in a strange way , egoyan has done too much . he's worked too hard on this movie .",1
little does caroline realize that this delicious parisian beauty is a modern-day vampire looking for vunerable victims .,0
"dr . cleave , who long wanted to possess stella is left to tell her story : 'one of the saddest i know' .",0
all her father gus wants is for her to get married to a nice greek boy .,0
"a reporter , lanie kerrigan ( jolie ) , interviews a psychic homeless man ( shalhoub ) for a fluff piece about a football game's score .",0
"instead of trying to bust some blondes , [diggs] should be probing why a guy with his talent ended up in a movie this bad .",1
"accompanying them is jon's "" soulmate , "" todd , a 35-year old businessman recklessly reliving his adolescence , plus other "" circuit friends "" the boys make along the way .",0
scorsese doesn't give us a character worth giving a damn about .,1
he blows her off at every opportunity to cuddle with flight attendants .,0
it's a lovely film with lovely performances by buy and accorsi .,1
"the assembled team includes local guide clayton tyne ( russel ferrier ) , renowned wilderness expert and author winston burg ( phil granger ) and the beautiful marla lawson ( andrea roth ) .",0
hawn lets it all hang out in this film and i have to admire her guts . sarandon is equally bold and daring in her portrayal of a woman who has lost her way in a closet full of beige suits .,1
confessions is without a doubt a memorable directorial debut from king hunk .,1
"this spider-woman , secretly connected to the mob , has jealously controlled patricia's life as well as the one of her husband , casino owner francis hiller ( timothy bottoms ) .",0
scenes in which the band grooves with modern musicians montell jordan and joan osborne singing covers are spectacular .,1
"it is the story of ronwell quincy dobbs ( david cross ) , who has a unique talent for getting arrest .",0
"scherfig , the writer-director , has made a film so unabashedly hopeful that it actually makes the heart soar . yes , soar .",1
"the script , the gags , the characters are all direct-to-video stuff , and that's where this film should have remained .",1
"i basically went in expecting garbage , but color me surprised when it actually turned out to be quite funny !",1
"it briefly flirts with player masochism , but the point of real interest - audience sadism -- is evaded completely .",1
"with a story inspired by the tumultuous surroundings of los angeles , where feelings of marginalization loom for every dreamer with a burst bubble , the dogwalker has a few characters and ideas , but it never manages to put them on the same path .",1
"peralta's mythmaking could have used some informed , adult hindsight .",1
"fast-paced and wonderfully edited , the film is extremely thorough .",1
"as the clock ticks down , a young female friend of jack's is kidnapped and may become the next casualty .",0
"the exposition does pay off , if you can stay awake that long . there's little gripping in the film until the second hour .",1
simone is not a bad film . it just doesn't have anything really interesting to say .,1
"at first , it seems like a great place to hideout but soon they find themselves smack dab in the center of a family that gives a whole new definition to the word crazy and makes them think that maybe they'd be better off with the mob .",0
"a thriller with an edge -- which is to say that it doesn't follow the stale , standard , connect-the-dots storyline which has become commonplace in movies that explore the seamy underbelly of the criminal world .",1
"this is cool , slick stuff , ready to quench the thirst of an audience that misses the summer blockbusters .",1
a weaving trail of twists and turns that left people unsettled for two generations until investigative persistence aided by modern technology brings justice for a young mother and her family some 28 years later .,0
take a friend ( invisible or real ) to see this one . . . it's laugh out loud funny,1
"mike's aunt soon opens her home to steve as well , and the two celebrate their good fortune at having the opportunity to get their lives on track .",0
"throughout the day's move , their two very different groups of friends tangle in conflicts and romance while august tries to figure out who he really wants before it's too late .",0
when she was a little child she was given up for adoption and now she is ready to discover the story of her life .,0
they belong to the international world of fashion and modelling and are top of their game artistes .,0
billy crystal and robert de niro sleepwalk through vulgarities in a sequel you can refuse .,1
"they will live without thinking in the consequences , getting into a world where they won't be able to escape .",0
"cockettes has the glorious , gaudy benefit of much stock footage of those days , featuring all manner of drag queen , bearded lady and lactating hippie .",1
it might be the first sci-fi comedy that could benefit from a three's company-style laugh track .,1
"he has yet to break out from under his mentor's shadow until he finds a pair of love letters in the textbook that once belonged to one of his idols , a famous long dead victorian poet .",0
"the pink house is a fast-paced , youthful comedy that has been called a sweeter , more intellectual animal house .",0
"in their late twenties and tired of partying their way around the world , danish marie and irish sophie come ashore in northern scotland .",0
""" red dragon "" is entertaining . an obvious copy of one of the best films ever made , how could it not be ? but it is entertaining on an inferior level . it is a popcorn film , not a must-own , or even a must-see .",1
a group of hard core female inmates are trained by the military .,0
"if you saw benigni's pinocchio at a public park , you'd grab your kids and run and then probably call the police .",1
both a successful adaptation and an enjoyable film in its own right .,1
"a sexy , surprising romance . . . idemoto and kim make a gorgeous pair . . . their scenes brim with sexual possibility and emotional danger .",1
"it sounds sick and twisted , but the miracle of shainberg's film is that it truly is romance",1
he still lives in his new york city orphanage well after the usual age of release .,0
"weiss and speck capture the rich , turbulent tapestry of the manns' lives .",1
they work things out ( somewhat ) during a night in the emergency room .,0
"determined to reveal his new findings and theories to the world , the awkward yet sincere bodybuilder realizes he has no choice but to get back in supreme shape , compete in the ultimate "" mr .",0
"julia roberts , blair underwood , david duchovny , brad pitt ( cameoing as himself ) , david hyde pierce , catherine keener , and terence stamp are reason enough to see the film , which is billed as a "" movie about movies for people who love movies . """,0
there's lots of cool stuff packed into espn's ultimate x .,1
"billy is more a showbiz p . r agent than a legal lawyer and minipulates the tabloids into thinking roxie is no more than an innocent 'good time girl' who took the wrong path , than a scheming murderess .",0
"even if you don't think [kissinger's] any more guilty of criminal activity than most contemporary statesmen , he'd sure make a courtroom trial great fun to watch .",1
the cast fits very convincingly into the nightmarish landscape of a ravaged country .,1
a minor film with major pleasures from portuguese master manoel de oliviera . . .,1
"seven years later , the submarine uss tunny successfully launched the regulus nuclear cruise missile , and a whole new era in the history of the navy , the submarine and the cold war began !",0
the pitch must have read like a discarded house beautiful spread .,1
"it uses an old-time formula , it's not terribly original and it's rather messy -- but you just have to love the big , dumb , happy movie my big fat greek wedding .",1
he dumped her right after he got what he wanted without any explanation .,0
"no earth-shattering accomplishment , but an unusually smart movie that the whole family can go to without a single person getting bored or talked down to .",1
"thus when he surprisingly gets an email from american film producer alex brubeck who writes that he had liked the script and would like to meet him personally , tam&#225 ; s sees all his dreams come true .",0
they are soon off going from one strange adventure to another .,0
it's not just the vampires that are damned in queen of the damned -- the viewers will feel they suffer the same fate .,1
"how good this film might be , depends if you believe that the shocking conclusion is too much of a plunge or not .",1
"as this sacrifice draws to its close , our story begins .",0
"a magnificent throwback to an almost vanished era of epic filmmaking by great filmmakers in thrall to their own passions , rather than to the studio bookkeepers .",1
a mimetic approximation of better films like contempt and 8 1/2 .,1
the movie's biggest offense is its complete and utter lack of tension .,1
writer/director dante tomaselli merges two disturbing storylines into this visually arresting chiller .,0
"the fortune-teller's mentally retarded nephew , who comes to hear the prophesy , follows the girl .",0
"now , after five years of calling the shots-on everything from his clothes to his divorce settlements - lucy kelson is calling it quits .",0
together they discover that a corporation funds and is profitting from the plantation-like work environment they are forced to work under .,0
"an exceedingly clever piece of cinema . another great what you don't see' is much more terrifying than what you do see thriller , coupled with some arresting effects , incandescent tones and stupendous performances",1
"an enthralling , playful film that constantly frustrates our desire to know the 'truth' about this man , while deconstructing the very format of the biography in a manner that derrida would doubtless give his blessing to .",1
"this is a startling film that gives you a fascinating , albeit depressing view of iranian rural life close to the iraqi border .",1
"this is an ungainly movie , ill-fitting , with its elbows sticking out where the knees should be .",1
"using his audience as a figurative port-of-call , dong pulls his even-handed ideological ship to their dock for unloading , before he continues his longer journey still ahead .",1
"girlfriends are bad , wives are worse and babies are the kiss of death in this bitter italian comedy .",1
"exquisitely nuanced in mood tics and dialogue , this chamber drama is superbly acted by the deeply appealing veteran bouquet and the chilling but quite human berling .",1
"the writers , director wally wolodarsky , and all the actors should start their own coeducational fraternity : kappa rho alpha phi .",1
"these devices immediately became an essential household appliance , and were advertised in nearly every women's magazine and sewing notions catalog of the time .",0
""" a sound of thunder "" is about a game hunter ( burns ) who goes on a time-traveling safari owned and operated by kingsley's character to hunt dinosaurs in the prehistoric era .",0
"miyazaki's nonstop images are so stunning , and his imagination so vivid , that the only possible complaint you could have about spirited away is that there is no rest period , no timeout .",1
"the historionaut , a history machine , produces an incessant stream of remembered , contemporary and future images .",0
it's all about love is the story of two lovers and their attempts to save their relationship in a near-future world on the brink of cosmic collapse .,0
"it's a setup so easy it borders on facile , but keeping the film from cheap-shot mediocrity is its crack cast .",1
"the three leads produce adequate performances , but what's missing from this material is any depth of feeling .",1
"he and joey have been painfully estranged ever since vincent divorced his wife and left the decaying boardwalks of long beach , long island for the anonymity of manhattan and a successful career with the nypd .",0
"hardly a masterpiece , but it introduces viewers to a good charitable enterprise and some interesting real people .",1
it is compelling to be exposed to a film as bluntly honest and yet as paradoxically ordinary as last orders .,1
"this is the decades-long story of the relationship between a prominent high school football coach ( harris ) in a small south carolina town and the illiterate , mentally-challenged man nicknamed radio ( gooding ) whom he mentors , who before that had always been the target of jokes and teasing by the community .",0
it's charming and independent and everything hollywood is not .,0
"he is a gentle , philosophical guy , and she works on the checkout at a supermarket .",0
a group of wayward astronauts returning from a long mission to ganymede crash land on a planet very much like earth .,0
"by the time you reach the finale , you're likely wondering why you've been watching all this strutting and posturing .",1
"all of them have demoted the importance of the real world , giving all of their attention to the fantasy world of the movies .",0
the land has been in the grip of a ravaging drought for 10 years .,0
"recoing's fantastic performance doesn't exactly reveal what makes vincent tick , but perhaps any definitive explanation for it would have felt like a cheat .",1
"and even if everything goes according to steve's "" plan , "" is it really enough ?",0
"tension mounts , and as the cops arrive , morgan is growing impatient .",0
"from her complex and enduring relationship with her mentor and husband to her illicit and controversial affair with leon trotsky , to her provocative and romantic entanglements with women , frida kahlo lived a bold and uncompromising life as a political , artistic , and sexual revolutionary .",0
"brookdale is infested with super-intelligent , supernaturally empowered killer rats , a by-product of forgotten experiments conducted by "" dr .",0
"when rock star roddy usher's wife is murdered , he's sent to the county lunatic asylum , where the therapy is far more insane than the inmates .",0
the history of psychoanalysis is littered with the discarded psyches of the women whose diagnoses were key to the fame of the great masters .,0
in a post communist eastern european country in 1996 the food prices are outrageous and times are tough .,0
but emile's past is sometimes more familiar and immediate than the world before his eyes .,0
"a lousy movie that's not merely unwatchable , but also unlistenable .",1
"the third , roger corman , flees to the alien countryside where he decides to begin a violent quest to find out the truth behind his mission .",0
"johnathan cross , a lover of extreme sports , is recruited by alexi petrovich to star in his sportive invention , rollerball .",0
"through the looking glass is a psychological horror detailing the path of one man's obsession that culminates in madness , fear and ultimately death .",0
". . . a somber film , almost completely unrelieved by any comedy beyond the wistful everyday ironies of the working poor .",1
"interacting eyeball-to-eyeball and toe-to-toe , hopkins and norton are a winning combination -- but fiennes steals 'red dragon' right from under their noses .",1
new best friend shouldn't have gone straight to video ; it should have gone straight to a mystery science theater 3000 video .,1
the pleasures that it does afford may be enough to keep many moviegoers occupied amidst some of the more serious-minded concerns of other year-end movies .,1
mother turns out to be his crazy accomplice in mass murder and his quest for immortality .,0
"an excellent date movie , because you and your date will likely be clinging on to each other within 10 minutes .",1
the careful compositions in the taiwanese what time is it there ? give us plenty of time to search for meaning and to wonder what the movie is trying to say .,1
"the writer-director bestows honor -- generously , apolitically -- not only on the dead and still living american veterans who fought in ia drang , but also on their families , on their vietnamese adversaries , and on the families of their adversaries too .",1
"in all , the film examines a destructive relationship that struggles with even the simplest decisions .",0
"not for all tastes . but i , for one , was hooked by this fish's tale .",1
"they plan it the way laurel and hardy might plan a bank robbery , or perhaps the marx brothers .",0
"with very little to add beyond the dark visions already relayed by superb recent predecessors like swimming with sharks and the player , this latest skewering . . . may put off insiders and outsiders alike .",1
once you have walked into april's shower you can never leave .,0
"but when he discovers the lake is known as the home of a mythical creature , mac makes it his mission prove there's more to the myth than just legend .",0
a young idealistic priest in northern ireland has his faith put to the test when he is faced with the ultimate moral dilemma .,0
the film tries too hard to be funny and tries too hard to be hip . the end result is a film that's neither .,1
"ramsay succeeds primarily with her typical blend of unsettling atmospherics , delivering a series of abrasive , stylized sequences that burn themselves upon the viewer's memory .",1
at 78 minutes it just zings along with vibrance and warmth .,1
"it's bright , pristine style and bold colors make it as much fun as reading an oversized picture book before bedtime .",1
"jacki ( gina gershon ) , sexy punk rocker and lead singer of the all-girl band clamdandy , is at a crossroads .",0
"clashing their swords in fiece mortal combat , will and jack attempt to recapture the black pearl ship , save the british navy , and relinquish a fortune in forbidden treasure thereby lifting the curse of the pirates of the caribbean .",0
"it is as uncompromising as it is nonjudgmental , and makes clear that a prostitute can be as lonely and needy as any of the clients .",1
"along comes sonja , who wants to know how the horny tale he's now working on will end .",0
the major problem with windtalkers is that the bulk of the movie centers on the wrong character .,1
"a romantic comedy , yes , but one with characters who think and talk about their goals , and are working on hard decisions .",1
"not exactly worth a drum roll but a movie with enough collegiate ka-boom to earn its title , drumline is a percussion-driven musical variation on every sports pic you've seen about the talented hot dog who eventually learns to become a team player .",1
"jimmy ray is an alcoholic , still consumed by his grief and angry with his sons for wanting to play music .",0
both of them create the most important cofee plantation in cuba with a very special philosophy of the slave work and comunity .,0
"a movie that will touch the hearts of both children and adults , as well as bring audiences to the edge of their seats .",1
"the good-hearted harbour has spent his whole life trying to take care of his motherless and suicidal little brother , wilbur .",0
"after happily flunking out of several prep schools , igby escapes into the bohemian underworld of manhattan .",0
"whether you like rap music or loathe it , you can't deny either the tragic loss of two young men in the prime of their talent or the power of this movie .",1
it follows the basic plot trajectory of nearly every schwarzenegger film : someone crosses arnie . arnie blows things up .,1
the mark of a respectable summer blockbuster is one of two things : unadulterated thrills or genuine laughs .,1
"centuries of tradition place this holy mountain in the sinai peninsula of egypt , but compelling evidence will show that this hallowed ground , where moses was told to take the shoes of his feet before the burning bush , may actually be in the barren deserts of northwestern saudi arabia .",0
"he's confused , he's hurt , and he doesn't know what to do .",0
"sean's a drug dealer , owes a lot of money to "" fellow "" dealer rupert guest ( clifton collins , jr . ) , and sleeps with nearly half of the female population on campus .",0
"never really funny and falling just short of exciting , bad company is just ok for an action flick .",1
"a breezy , diverting , conventional , well-acted tale of two men locked in an ongoing game of cat-and-cat .",1
"over the next few days , united by nothing more than their common suffering , the two young women form an unlikely friendship to cope with the tragic events that threaten to overwhelm them .",0
laggard drama wending its way to an uninspired philosophical epiphany .,1
"things turn dark as racism , paranoia , and the mistress come into play .",0
"they're a conveyance true , but they can also become the unlikely place for a rendezvous .",0
"featuring a dangerously seductive performance from the great daniel auteuil , "" sade "" covers the same period as kaufmann's "" quills "" with more unsettlingly realistic results .",1
"there is no solace here , no entertainment value , merely a fierce lesson in where filmmaking can take us .",1
"<em>the crocodile hunter : collision course</em> is one of the most unusual movies i've ever seen , but it remains faithful to irwin's appeal , and therefore it works .",1
"as an added twist robert discovers upon meeting wong dai , that the evil man himself has been manipulating our protagonist in order to have him kill wong dai's own tong members and thus , secure the ill gotten gains of wong dai's empire of crime for himself .",0
"landon ( west ) hung with the in-crowd an aimless , moody , reckless guy who breezed through school on looks and bravado and had no plans , no future and no faith in himself .",0
"gooding is the energetic frontman , and it's hard to resist his enthusiasm , even if the filmmakers come up with nothing original in the way of slapstick sequences .",1
this story of a determined woman's courage to find her husband in a war zone offers winning performances and some effecting moments .,1
"mature , graceful documentary on conservative christian parents with homosexual children .",1
a fake street drama that keeps telling you things instead of showing them .,1
"a slick , well-oiled machine , exquisitely polished and upholstered .",1
"it's not hateful . it's simply stupid , irrelevant and deeply , truly , bottomlessly cynical .",1
as sebastien does his research over the next several days he begins to discover more about himself than he ever anticipated .,0
"a vivid reminder of the true nature of chemistry between lovers , and the rarity with which we see it on the screen .",1
"eventually , she aims to get children with francis and raise them far away from las vegas , at a place , apparently suggested by simon , called "" shangri-la "" .",0
"at the shelter which offers only a two to three month respite from the streets , counselor tony perez ( jack forcinito ) tries to provide guidance to steve and his roommates mike ( demetrius navarro ) and andy ( esteban powell ) .",0
"if you've grown tired of going where no man has gone before , but several movies have - take heart . this is the best star trek movie in a long time .",1
a team of rescue workers has been laboring all night to save people caught in a massive flash flood in the desert .,0
"kissing jessica stein is your standard romantic comedy , only better : twice the chicks and half the guys .",1
"their only common bond is the vague promise of riches at the end of their journey as they try to stay one step ahead of santiago , a violent gangster out for their blood and gaining on them all the time .",0
tian emphasizes the isolation of these characters by confining color to liyan's backyard .,1
then after rumers spread that he was a communist he was blacklisted from hollywood forever .,0
"she manages to test patricia in one of the biggest hotel-casinos , the caesars palace .",0
everything that's worthwhile about collision course can already be seen on television .,1
during the course of the night each of the friends comes to terms with their lives and relationships and how they are not whom they thought each other was .,0
a funny and touching film that is gorgeously acted by a british cast to rival gosford park's .,1
"if the film fails to fulfill its own ambitious goals , it nonetheless sustains interest during the long build-up of expository material .",1
"it may only be the third date , but tony knows it's time to pop the question and make the beautiful , shy katrina his wife .",0
"velma is aloof to roxie , however the prison warden mrs morton offers roxie the opportunity of representation by slick chicago lawyer billy flynn .",0
"in keeping with the holiday spirit , the judge gives davey one last chance at redemption-spend the holiday performing community service as the assistant referee for the youth basketball league or go to jail .",0
"it's hard to say who might enjoy this , are there tolstoy groupies out there ? it's dark and tragic , and lets the business of the greedy talent agents get in the way of saying something meaningful about facing death",1
a young woman ( thandie newton ) in paris is about to divorce her husband when she discovers . . .,0
yanks tanks is a first look at the phenomenon of classic american cars in cuba .,0
"but when a tragedy strikes anakin's life , he begins slipping away from the light side of the force , and perhaps from the force itself .",0
despite some gulps the film is a fuzzy huggy .,1
"a directorial tour de force by bernard rose , ivans xtc . is one of this year's very best pictures .",1
"the movie is loaded with good intentions , but in his zeal to squeeze the action and our emotions into the all-too-familiar dramatic arc of the holocaust escape story , minac drains his movie of all individuality .",1
amerika and zed aim to free their friend from the clutches of his nutburger girlfriend by enlisting the aid of the sappho carpet cleaners for some wet work .,0
"an overly familiar scenario is made fresh by an intelligent screenplay and gripping performances in this low-budget , video-shot , debut indie effort .",1
"this film is based on "" our sunshine "" by robert drew , a novel based on the life of australian bushranger and icon , ned kelly .",0
"werner , a sniper and ex-legionnaire , presently a mercenary , who has seen it all , from angola to sarajevo .",0
"involving at times , but lapses quite casually into the absurd .",1
"a real audience-pleaser that will strike a chord with anyone who's ever waited in a doctor's office , emergency room , hospital bed or insurance company office .",1
. . . pays tribute to heroes the way julia roberts hands out awards--with phony humility barely camouflaging grotesque narcissism .,1
"for a story set at sea , ghost ship is pretty landbound , with its leaden acting , dull exposition and telegraphed 'surprises . '",1
"let's issue a moratorium , effective immediately , on treacly films about inspirational prep-school professors and the children they so heartwarmingly motivate .",1
"ultimately feels empty and unsatisfying , like swallowing a communion wafer without the wine .",1
"it proves quite compelling as an intense , brooding character study .",1
alternative medicine obviously has its merits . . . but ayurveda does the field no favors .,1
{esther buffy} a young vibrant chinese american female who desperately tries to please her strict parents along the way of trying to find herself .,0
"saddled with an unwieldy cast of characters and angles , but the payoff is powerful and revelatory .",1
"there's a heavy stench of 'been there , done that' hanging over the film . it's everything you'd expect -- but nothing more .",1
"after a failed marriage to ali macgraw , a cocaine bust and rumored involvement with the cotton club murder , he disappeared into near-obscurity .",0
"wanders all over the map thematically and stylistically , and borrows heavily from lynch , jeunet , and von trier while failing to find a spark of its own .",1
"but this time , lucy , instead of thinking of herself first is able to comfort dante and forgive his momentary rage .",0
labute masterfully balances both traditional or modern stories together in a manner that one never overwhelms the other . something for everyone .,1
"aloof and lacks any real raw emotion , which is fatal for a film that relies on personal relationships .",1
"if you sometimes like to go to the movies to have fun , wasabi is a good place to start .",1
"an incredibly thoughtful , deeply meditative picture that neatly and effectively captures the debilitating grief felt in the immediate aftermath of the terrorist attacks .",1
"the mystery of enigma is how a rich historical subject , combined with so much first-rate talent . . . could have yielded such a flat , plodding picture .",1
"even as i valiantly struggled to remain interested , or at least conscious , i could feel my eyelids . . . getting . . . very . . . heavy . . .",1
a situation or activity specially suited to a person's abilities or character .,0
"amudha , adopted by thiru and indira and growing up with the couples two sons , is blissfully unaware of her parentage , till the couple decide to inform her of it on her ninth birthday .",0
"if you like your comedy dark and slightly freaky , then steve shainberg's film deserves your attention .",1
""" the tuxedo "" should have been the vehicle for chan that "" the mask "" was for jim carrey . alas , it's the man that makes the clothes .",1
"although based on a real-life person , john , in the movie , is a rather dull person to be stuck with for two hours .",1
"outside of burger's desire to make some kind of film , it's really unclear why this project was undertaken",1
a hilarious film for anyone who remembers lying as a kid -- and anyone who wants to see a movie that's just plain fun .,1
"when he wakes up the morning after his bachelor party in bed with a strange woman ( stiles ) , a man ( lee ) presumes he must have cheated on his fiancee .",0
"so , in addition to curing him she's also trying to get him married off to a "" good , strong , responsible "" woman .",0
"going from worst to first , the team makes it to state , and jim is forced to live up to his end of the deal .",0
they board the boat that is to carry them to the isles of the blessed .,0
( un cineasta ) para no entender del todo y para seguir esperando .,1
the longer version may be truer to tornatore's tripartite vision--and less simply cloying and calculated--but ultimately it's also less coherent and emotionally satisfying .,1
"morton is a great actress portraying a complex character , but morvern callar grows less compelling the farther it meanders from its shocking start .",1
"even by dumb action-movie standards , ballistic : ecks vs . sever is a dumb action movie .",1
katherine releases all her other clients in order to manage exclusively only her most promising talent .,0
a film worthy of comparison to truffaut's best cinematic poems .,1
"for escape he paints the visions that haunt him , while eleanor sends all of his hard earned money to a seedy tele-evangelist .",0
"as with too many studio pics , plot mechanics get in the way of what should be the lighter-than-air adventure .",1
"when times are tough , peter discovers his next door neighbor might be the real santa claus .",0
you could easily mistake it for a sketchy work-in-progress that was inexplicably rushed to the megaplexes before its time .,1
"este é apenas mais um ( longo ) episódio do programa da mtv . a única diferença é que , desta vez , a paramount teve o mau gosto de exibi-lo nos cinemas .",1
the master preaches his self proclaimed spiritual wisdom and eventually selects the most dependable ( i . e .,0
i can easily imagine benigni's pinocchio becoming a christmas perennial . coal isn't as easy to come by as it used to be and this would be a worthy substitute for naughty children's stockings .,1
nete's father moves in and puts even more strain on nete's family and everyday life .,0
"it's a love story in havana at the begining of the 19th century , between a young women from hait&#237 ; and a german man .",0
"tom twyker ( director of 'run lola run' ) helms this kieslowski tale about love , retribution and redemption .",0
"although their characters and temperaments couldn't be less alike , 19-year olds wei and jie are best friends .",0
a young great gatsbyish hip hopper named summer g falls for a middle to upper class sister while in college .,0
"these two stories are simultaneously linked to the work and life of virginia woolf , who's writing the novel mentioned before .",0
things turn nasty when the casino director ( alec baldwin ) tries to break up the romance .,0
"in return for a small plot of land , george agrees to search for princess lunna .",0
"when the machine's serviceman is particularly rude to him , he gets revenge by having his double-parked truck ticketed ; the serviceman runs out and leaves his cart behind .",0
so refreshingly incisive is grant that for the first time he'll probably appeal more to guys than to their girlfriends who drag them to this movie for the hugh factor .,1
"with a little help from the well connected and seductive daughter of a columbian gangster , he becomes a drug kingpin with a nationwide monopoly on drug running .",0
diane lane works nothing short of a minor miracle in unfaithful .,1
"fred schepisi's film is paced at a speed that is slow to those of us in middle age and deathly slow to any teen . with a cast of a-list brit actors , it is worth searching out .",1
"lightbulbs , fire , barbed wire , mousetraps , staple guns , thumbtacks and glass are weapons of choice in the backyard .",0
but everyone's plans don't go according to schedule . . .,0
"in order to protect his sister , eddie - disabled , betrayed and alone - journeys into the heart of his own darkness : where he discovers that the reason for his ordeal lies in his own past sins and those of his adversary charlie strom .",0
they nevertherless feel responsible to protect the flag until monday's ceremony .,0
"so as she tries to open the door for the last time , it just won't open . . .",0
paul doesn't see any other way but to commit suicide .,0
"the film , a follow-up to "" jack the dog "" , is described as a black comedy about a reformed womanizer ( nestor carbonell ) who struggles to keep his family together .",0
"she's aided by his faithful bodyguard , with whom she soon falls in love .",0
"you have to pay attention to follow all the stories , but they're each interesting . the movie is well shot and very tragic , and one to ponder after the credits roll .",1
"they go over less well with tom donnerel , a young farmer and carrie's fianc&#233 ; .",0
"majid majidi interviews peasants , soldiers , youngsters , women , elderly and gives a special attention to the children's extraordinary resilience as they are confronted with the emotional and physical turmoil of war .",0
"young juan antonio has been challenged to defend the honor of the beautiful yet devilish carmen , by se&#241 ; or maximiliano , a decorated military officer who has just returned from the spanish-american war .",0
"ice cube , as usual , is an appealing presence , but the rest of the cast shines as well .",1
"la cinta comienza intentando ser un drama , rápidamente se transforma en una comedia y termina por ser una parodia absolutamente predecible",1
"while fighting to save themselves , they must prevent petrov from getting a stolen computer chip containing the international banking codes for the new euro .",0
"plays like a toddler running along a lumpy field , stumbling every few feet but always getting back up and eventually reaching his destination , unharmed and happy .",1
"a young man named owen , who can't get over his would-be fiancee and now ex-girlfriend , chloe , who moved to los angeles to become a tv star , finally falls in love with nadine , the girl who would've been their maid of honor .",0
so original in its base concept that you cannot help but get caught up .,1
more concerned with sade's ideas than with his actions . the movie achieves as great an impact by keeping these thoughts hidden as . . . [quills] did by showing them .,1
"with the recent release of full-length features like "" princess mononoke "" and the 2001 dvd release of the classic "" akira , "" japanese animation is fast becoming a leading force in the american entertainment industry .",0
murder by numbers is like a couple of mediocre tv-movie -of-the-week films clumsily stuck together .,1
. . . fifty minutes of tedious adolescent melodramatics followed by thirty-five minutes of inflated nonsense .,1
"this is not an easy film . but it could be , by its art and heart , a necessary one .",1
"as immaculate as stuart little 2 is , it could be a lot better if it were , well , more adventurous .",1
"after a chance encounter at a theater , two men , benigno and marco , meet at a private clinic where benigno works .",0
"together they piece together the story of a forbidden love affair , and discover one of their own .",0
i haven't seen such self-amused trash since freddy got fingered .,1
. . . a boring parade of talking heads and technical gibberish that will do little to advance the linux cause .,1
[a]n utterly charming and hilarious film that reminded me of the best of the disney comedies from the 60s .,1
""" argento splatters her colorful life on the screen like an adolescent's diary , trusting others to sort through the fascinating mess . """,1
"each of them faces a horrible , bizarre death apparently devised by the dead woman's husband , a deranged two truck driver .",0
"nobody seems to have cared much about any aspect of it , from its cheesy screenplay to the grayish quality of its lighting to its last-minute , haphazard theatrical release .",1
"chomsky , in stark and uncompromising terms , challenges the united states to apply to its own actions the moral standards it demands of others .",0
"in fact , sean has made the mistake of lending eddie $25 , 000 to cover his profligate spending .",0
"the chase is on - the russians , whose dna code it is that mattie has in her backpack , and a group of terrorists compete to get the code from the person they all assume has it , gerry .",0
"the film takes the materials of human tragedy and dresses them in lovely costumes , southern california locations and star power .",1
"this nickleby thing might have more homosexual undertones than an eddie murphy film . and just when you think it can't get any more gay , in pops nathan lane .",1
"within four months the couple realize that they are incompatible , they divorce and amir emigrates back to germany .",0
everything is pegged into the groove of a new york dating comedy with 'issues' to simplify .,1
"awash with melancholy and disillusionment , it's a tall task to love hong kong .",0
buenos aires in the year 2002 ; the economical depression has caught the country .,0
"hollywood ending is not show-stoppingly hilarious , but scathingly witty nonetheless .",1
overcomes its visual hideousness with a sharp script and strong performances .,1
"like mike is a harmlessly naïve slice of b-ball fantasy , fit for filling in during the real nba's off-season .",1
jordan is a mom who is on a life long search for true faith as she tries to protect her only child from what she believes is injustice .,0
"part of the long , noble tradition ( at least since the '90s ) of talky , ensemble-driven american indies .",1
neighbor's dog operates at a consistent chuckle pitch that frequently gives way to guffaws .,1
by the final whistle you're convinced that this mean machine was a decent tv outing that just doesn't have big screen magic .,1
two hard-boiled detectives ( blair brown and joe grifasi ) and an oddball pathologist ( dylan baker ) investigate a severed hand found in a laundromat - and the results aren't pretty . . .,0
"he is going to sweden , and invites lilja to come along and start a new life .",0
"i'm sure if you're a hartley fan , you might enjoy yourself . . . me , i didn't care for it .",1
"despite the film's bizarre developments , hoffman keeps us riveted with every painful nuance , unexpected flashes of dark comedy and the character's gripping humanity .",1
"critics need a good laugh , too , and this too-extreme-for-tv rendition of the notorious mtv show delivers the outrageous , sickening , sidesplitting goods in steaming , visceral heaps .",1
queen of the damned is too long with too little going on .,1
"terry and dean are lifelong friends who have grown-up together : shotgunning their first beers , forming their first garage band , and growing the great canadian mullet known as "" hockey hair "" .",0
what's most unusual about beijing bicycle in terms of recent chinese history is that any form of class conflict is depicted at all .,1
friday after next has the same problem that next friday did -- it's called where's chris tucker when you need him ?,1
"adopting the name "" spider-man "" , peter first uses his newfound powers to make money , but after his uncle is murdered at the hands of a criminal peter failed to stop , he swears to use his powers to fight the evil that killed his uncle .",0
when bernie falls for a gorgeous cocktail waitress ( maria bello ) his bad luck is thrown into reverse .,0
the story of two lads from belfast as they stumble their way through the london gay underworld in search of 'gainful employment' .,0
""" the time machine "" is a movie that has no interest in itself . it doesn't believe in itself , it has no sense of humorit's just plain bored .",1
"melissa , who will drag him into a world of passion and crime , will soon meet him .",0
"this is the sort of low-grade dreck that usually goes straight to video --with a lousy script , inept direction , pathetic acting , poorly dubbed dialogue and murky cinematography , complete with visible boom mikes .",1
"now she can't perform the song , and aksel realizes he must take action !",0
"chandramukhi , a stunning courtesan instantly lost her heart to devdas .",0
"a virus has escaped in a secret facility called "" the hive , "" turning the staff into hungry zombies and releasing the mutated lab "" animals "" that they were studying .",0
"opens as promising as any war/adventure film you'll ever see and dissolves into a routine courtroom drama , better suited for a movie titled "" glory : a soldier's story . """,1
"edgar , duncan's sixty year old , distant father , doesn't understand the strange manifestations of his son's mourning .",0
"70 years later , these appliances were condemned as 'perverted sex toys , ' and became the subject of heated debate among lawmakers .",0
"there seems to be no clear path as to where the story's going , or how long it's going to take to get there .",1
everything has taken a turn for the worse and kilo can't seem to stop it .,0
"however , this task is going to be more difficult than he could ever have imagined .",0
"can't get enough of libidinous young city dwellers ? try this obscenely bad dark comedy , so crass that it makes edward burns' sidewalks of new york look like oscar wilde .",1
the filmmakers expose this delightfully deranged cult by capturing the daily lives of its members .,0
"mckay's camera follows him from his detailed make-up at home , into a waiting yellow cab and down to a chelsea nightclub dressing room for finishing dressing and wig before he goes on to win over a standing room only audience .",0
today the mighty trident ssbns form a deterrent shield for the united states .,0
"never engaging , utterly predictable and completely void of anything remotely interesting or suspenseful .",1
there is a secret test hidden with in the sat .,0
it says a lot about a filmmaker when he can be wacky without clobbering the audience over the head and still maintain a sense of urgency and suspense .,1
"a dark comedy about max , who thinks woody allen's "" annie hall "" is a cautionary tale about the futility of romance .",0
more sophisticated and literate than such pictures usually are . . . an amusing little catch .,1
"in this prequel to the exorcist , father merrin is a younger man working on a dig in africa .",0
"a brain twister , less a movie-movie than a funny and weird meditation on hollywood , success , artistic integrity and intellectual bankruptcy .",1
". . . routine , harmless diversion and little else .",1
"engine and ladder company members talk about the day of the attack , how those events have affected their lives and most importantly pay tribute to their fallen fellow firefighters .",0
it is left to the inept johnny english ( rowan atkinson ) to try and solve who has stolen the crown jewels from the tower of london .,0
"in "" house of 1000 corpses "" , two young couples take a misguided tour onto the back roads of america in search of a local legend known as dr . satan .",0
"international news media baron , rupert murdoch ( played by ben mendelsohn ) , then publisher of the adelaide "" news , "" became the driving force behind securing a re-trial for stuart .",0
"it's a much more emotional journey than what shyamalan has given us in his past two movies , and gibson , stepping in for bruce willis , is the perfect actor to take us on the trip .",1
"its valuable message makes it a must-see for children and teenagers , and even more so for those callous adults who have become casually corrupt in their efforts to simply get through life .",1
"when billy becomes suspicious , all hell breaks loose .",0
"a dramatic thriller about a emerald smuggler who has 5 days to go to rio , finish off a deal with a brazilian drug lord and find his lost daughter , unknown to him from an affair 15 years earlier .",0
"a resonant tale of racism , revenge and retribution .",1
"while being led away , some re-agent falls from his pocket where it is picked up by a young man that was camping nearby .",0
""" austin powers in goldmember "" has the right stuff for silly summer entertainment and has enough laughs to sustain interest to the end .",1
the trail twists and turns until the squad uncovers more than anyone would have ever given them credit for .,0
a generic bloodbath that often becomes laughably unbearable when it isn't merely offensive .,1
"it is quickly agreed however , that selling chocolates door to door , or fire powered potato guns to children , may be too complicated .",0
the feds are now determined to bring kilo's operation down .,0
"miracles , signs and wonders accompany them along with a massive media hunt to track down this "" miracle man . """,0
"when warren secretly discovers a wedding dress hidden in toni's closet , he realizes he has some serious decisions to make .",0
"ultimately , the film amounts to being lectured to by tech-geeks , if you're up for that sort of thing .",1
"siti accepts the challenge , as this will help the popularity and rating of her show "" cable news international "" to increase .",0
"it's supposed to be a humorous , all-too-human look at how hope can breed a certain kind of madness -- and strength -- but it never quite adds up .",1
the old man marries her after a short period of acquaintance .,0
despite its flaws . . . belinsky is still able to create an engaging story that keeps you guessing at almost every turn .,1
"perhaps a better celebration of these unfairly dismissed heroes would be a film that isn't this painfully forced , false and fabricated .",1
it will definitely keep you on the edge of your seat because of the blood and gore or the good looking babes .,0
"this painter's block has lead to a desperate man obsessed with the need to paint , leaving the artist in a state of disarray .",0
this means that he is able to speak/understand snakes .,0
"lisa kudrow plays the vet while lee tergensen is the frazzled husband , whose marriage is going to the dogs .",0
the process of figuring out the moment the movie re-imagines the battle of the bulge with a bare-chested guardsman and a pike is more than worth the price of admission .,1
"a gracious , eloquent film that by its end offers a ray of hope to the refugees able to look ahead and resist living in a past forever lost .",1
"the sra's act as 'portals' on the internet , helping users to fulfill their dreams .",0
"they come to get afang &#38 ; xiang , because they were once involved in a war , and they have to testifie .",0
"at this moment of desperation , patricia's imaginary guardian angel simon ( mickey rooney ) conveys strength to her and she is able to get away and to hide in a deserted shack .",0
his father and brother are dead for so many years .,0
"soon , she begins to receive strange phone calls from jennifer , her dead best friend , who has supposedly come back from the dead to avenge her death .",0
"no good deed , based on a short story entitled 'the house on turk street' by dashiell hammett , is about a police detective ( jack ) who , while doing a friend a favor and searching for a runaway teenager on turk street , stumbles upon a bizarre band of criminals about to pull off a bank robbery .",0
the chateau . . . is less concerned with cultural and political issues than doting on its eccentric characters .,1
"the graphic carnage and re-creation of war-torn croatia is uncomfortably timely , relevant , and sickeningly real .",1
"however , once jason realizes what freddy has done , he is infuriated .",0
it was filmed above and below water over a two-year period .,0
you will emerge with a clearer view of how the gears of justice grind on and the death report comes to share airtime alongside the farm report .,1
"zak quickly learns how to manipulate the device , and he and his quick-witted , beautiful new friend , francesca , have some real fun .",0
both will fight to the death not to give it to each other .,0
"before long , a large canada goose covered entirely with duct tape is attached to the possum van , and red and the boys set out on their pilgrimage to save the lodge .",0
a very funny look at how another culture handles the process of courting and marriage .,1
"on returning to england , george heads north where he's heard the land is good and the population sparse and of a kindly king named edgaar .",0
"sent to a german stalag prison camp , lieutenant hart is at once thrust into the social order of pows , where every man thinks of himself first with bribery and trading with german captors commonplace .",0
"as the main character , the chosen one , oedekerk sets off to avenge the deaths of his parents at the hands of kung-fu legend master pain .",0
tong is sent back to fetch some things for devlin and unknowingly tries on devlin's tuxedo and finds that it gives extraordinary powers to anyone that dons the suit .,0
stallone plays a cop who comes undone after witnessing a brutal scene on the job .,0
"pacino is brilliant as the sleep-deprived dormer , his increasing weariness as much existential as it is physical .",1
"this is dicaprio's best performance in anything ever , and easily the most watchable film of the year .",1
"then there's nicole , who gets her orgasmic intimacy watching chan every night .",0
the cast comes through even when the movie doesn't .,1
"not too fancy , not too filling , not too fluffy , but definitely tasty and sweet .",1
mason novel follows a british officer who resigns his post right before his regiment ships out to battle the rebels .,0
her husband was the love of her life and she does not expect to find another .,0
it is the weekend and the lottery office is closed .,0
"an unremarkable , modern action/comedy buddy movie whose only nod to nostalgia is in the title .",1
"at its best , the good girl is a refreshingly adult take on adultery . . .",1
"a much better documentary -- more revealing , more emotional and more surprising -- than its pedestrian english title would have you believe .",1
"after being away from the capital , he comes back with his wife and kids to continue with his crimes .",0
"considering the harsh locations and demanding stunts , this must have been a difficult shoot , but the movie proves rough going for the audience as well .",1
"she frequently offers her hospitality to a 16-year-old prostitute , gr&#233 ; goire , a young man who became her friend .",0
"she befriends with one of the regulars , the well known las vegas-playboy jack hiller ( eddie albert sr . ) .",0
"the characters search for meaning in capricious , even dangerous sexual urges . the irony is that the only selfless expression of love may be the failure to consummate it .",1
it almost feels as if the movie is more interested in entertaining itself than in amusing us .,1
every defiantly over-the-top action scene -- from high-stakes car chases to fearsome drug busts -- seizes your adrenal gland and milks it like an epileptic farmer .,1
"davey thinks he's gotten off easy until he meets whitey duvall , the eccentric , elf-like head referee .",0
the type of dumbed-down exercise in stereotypes that gives the [teen comedy] genre a bad name .,1
"eastwood is an icon of moviemaking , one of the best actors , directors and producers around , responsible for some excellent work . but even a hero can stumble sometimes .",1
the weakest of the four harry potter books has been transformed into the stronger of the two films by the thinnest of margins .,1
during this time he becomes wracked by horrific and surreal visions that begin to fuel his work .,0
a young rebell oversteps the boarder between stage and life on the trail of francois villon .,0
"this may be the last chance that these stories may be documented , for unlike film and television , live theatre exists only in the memories of those who were there watching , or more importantly , creating this magic .",0
"after listening to looser friends talk about what silvester stallone would do in his situation , the postal worker decides to buy a ticket to china and follow his love to her home .",0
"in an effort , i suspect , not to offend by appearing either too serious or too lighthearted , it offends by just being wishy-washy .",1
""" the best disney movie since the lion king """,1
"try as you might to resist , if you've got a place in your heart for smokey robinson , this movie will worm its way there .",1
"casting its gaze on painting masterworks and thousands of jewel-encrusted , elaborately costumed extras , russian ark is like nothing you've ever seen .",1
together writer-director danny verete's three tales comprise a powerful and reasonably fulfilling gestalt .,1
"they all dream about finding their prince charming , and all too often settle for the frog .",0
"quirky and understated office comedy with crispin glover as the guy who would prefer not to work , but likes to hang around .",1
together [time out and human resources] establish mr . cantet as france's foremost cinematic poet of the workplace .,1
women prisoners strike up a friendship with a young law student who works as a part-time prison guard .,0
chan's stunts are limited and so embellished by editing that there's really not much of a sense of action or even action-comedy .,1
this documentary captures the life story of legendary hollywood producer and studio chief robert evans .,0
"this bold and cathartic drama deserves to be experienced by those who cherish intimate dramas about individuals struggling against all odds to practice love , compassion , and forgiveness .",1
it's an engrossing and thought-provoking examination of the overriding will to power and the morality of its application .,1
"there's no mistaking the fact that this hybrid misses the impact of the disney classic , and even that of the excellent 1934 mgm version .",1
there's much tongue in cheek in the film and there's no doubt the filmmaker is having fun with it all .,1
"once they begin towing the ghost ship towards harbor , a series of bizarre ocurrences happen and the group becomes trapped inside the ship , which they soon learn is inhabited by a demonic creature .",0
all the well-meaningness in the world can't erase the fact that the believer feels like a 12-step program for the jewish nazi .,1
"part travelogue , part road picture , part meditation on class , mortality and intimacy , this extraordinary little movie might be the perfect harbinger of summer , as astute as it is steamy .",1
"in the early 1980's , a white police officer ( andres stander , played by thomas jane ) in johannesburg suffers a crisis of conscience due to his involvement in apartheid and becomes a notorious bank robber on the run .",0
"but he meets cac&#225 ; 's brother , nando , who tries to convince him to take part in a scam .",0
. . . [a] strained comedy that jettisons all opportunities for rock to make his mark by serving up the usual chaotic nonsense .,1
but what if it's lord voldemort trying to make his evil return ?,0
there are many definitions of 'time waster' but this movie must surely be one of them .,1
trying to make head or tail of the story in the hip-hop indie snipes is enough to give you brain strain -- and the pay-off is negligible .,1
"a romantic comedy about a man , a woman , and their dogs .",0
nine queens is exactly the sort of film hollywood is always re-making and utterly ruining in the process . see it in this incarnation .,1
"it is a testament of quiet endurance , of common concern , of reconciled survival .",1
"a hit man from the same mob is sent to kill sullivan and his family , but only kills his wife and son , peter .",0
the film is a poignant story about a unique relationship between a grandfather and his grandson before the boys bar mitzvah .,0
three stories delicately intertwined by the beauty of sadness .,0
"while shooting an engagement party , he attempts to make a connection with jen , the beautiful sister of the bride .",0
yet ridiculed on his views toward aids testing by fellow actors and actresses .,0
[smith] simply celebrates the universal desire to fashion our homes for our needs and desires .,1
nice balance between real emotions and cute movie moments with a hilarious love scene .,1
a literate presentation that wonderfully weaves a murderous event in 1873 with murderous rage in 2002 .,1
"while dutifully pulling on heartstrings , directors dean deblois and chris sanders valiantly keep punching up the mix .",1
"me no lika da accents so good , but i thoroughly enjoyed the love story . scott baio is turning in some delightful work on indie projects .",1
then there is the unshakable guilt over his past .,0
works better in the conception than it does in the execution . . . winds up seeming just a little too clever .,1
panic room fits nicely within the trajectory of the elegant career arc fincher has already plotted .,1
"tommy , who is now a well known activist , has his credibility destroyed by the book which causes their breakup .",0
and too late for neil too - his wife jenny has already applied to adopt an african girl .,0
"high powered lawyer claire kubik finds her world turned upside down when her husband , who she thought was tom kubik , is arrested and is revealed to be ron chapman .",0
"the film is small in scope , yet perfectly formed .",1
""" secondhand lions "" follows the comedic adventures of an introverted boy ( osment ) left on the doorstep of a pair of reluctant , eccentric great-uncles ( caine and duvall ) , whose exotic remembrances stir the boy's spirit and re-ignite the men's lives .",0
"the film follows the story of duncan , a fourteen-year old misfit farm boy trying to fill the void and alleviate the numbness left by his mother's passing .",0
"fails to satisfactorily exploit its gender politics , genre thrills or inherent humor .",1
"a new border is drawn between hindu-dominated india and muslim-dominated pakistan , and the region is torn apart by massacres fueled by ancient animosities .",0
the driver races to locate a kidnapped victim locked in the trunk of an abandoned car somewhere on the water's edge .,0
when he loses his power the bully becomes victim and blames everyone else for his demise .,0
"after waking up in hell to find out that his mask has been stolen by a dream devil by the name of freddy kruger , he must take revenge .",0
"director kapur is a filmmaker with a real flair for epic landscapes and adventure , and this is a better film than his earlier english-language movie , the overpraised elizabeth .",1
"the film just might turn on many people to opera , in general , an art form at once visceral and spiritual , wonderfully vulgar and sublimely lofty -- and as emotionally grand as life .",1
a stunning and overwhelmingly cogent case for kissinger as a calculating war criminal .,1
"the fact that he owns the gun of a popular man , who got killed , from that town makes him prime suspect .",0
"though it is by no means his best work , laissez-passer is a distinguished and distinctive effort by a bona-fide master , a fascinating film replete with rewards to be had by all willing to make the effort to reap them .",1
"greg puts up with martha's harsh criticism in exchange for a place to lay-low until he can evade the police and repair his delicate relationship with his young daughter , chelsea .",0
one thing has been made very clear -- being john malkovich wasn't a fluke .,1
"two young gentlemen ( rupert everett &#38 ; colin firth ) living in 1890s england use the same pseudonym ( "" earnest "" ) on the sly , which is fine until they both fall in love with women using that name , which leads to a comedy of mistaken identities . . .",0
"this is a third-person story now , told by hollywood , and much more ordinary for it .",1
"a beautiful meditation on the life force and redemptive power of literature -- for writers and readers alike -- and on what it means to be fully alive , navigating the rocky terrain between vision and execution .",1
"missteps take what was otherwise a fascinating , riveting story and send it down the path of the mundane .",1
"as she tries to clear her name , she uncovers information that leads to more murders and more unanswered questions .",0
"an efficient , exceedingly likable family film about orphans and sports that comes with equal doses of sentimentality , corny jokes and life lessons .",1
"the real reason to see runteldat is to watch lawrence deploy his deep and wide powers of empathy to depict such diverse experiences as childbirth , breast-feeding and recovering from illness .",1
"the level of maturity displayed by this 33-year-old first-time feature director is astonishing , considering her inexperience and her subject matter .",1
"nearly a decade after skynet sent back the t-1000 , john connor faces a female terminator , the t-x , with power over all machines .",0
well cast and well directed - a powerful drama with enough sardonic wit to keep it from being maudlin .,1
"on earth , a scientist struggling with writing the definitive paper on the scientific concept fails to notice more obvious issues in his personal life .",0
"all ms . jovovich , as the sanctified heroine , has to do is look radiant , grimly purposeful and mildly alarmed while forcing open doors , wielding wrenches and fleeing monsters .",1
"so when charlie sees mallory with her new boyfriend , curtis , he goes a bit mad .",0
"the l . a . dogwalking scene provides a colorful backdrop for the story of ellie moore ( diane gaidry ) , damaged goods on the run from her latest abusive boyfriend and on the verge of transformation .",0
borrows from other movies like it in the most ordinary and obvious fashion .,1
"as commander-in-chief of this film , bigelow demonstrates a breadth of vision and an attention to detail that propels her into the upper echelons of the directing world .",1
prison life does not stop kilo from running his operation .,0
"interviews in movie houses , on the street and in the homes of the subjects tell the story of each individual .",0
while she is away a strange man with an axe comes into the motel room and attacks matt .,0
oh come on . like you couldn't smell this turkey rotting from miles away .,1
"when his father decides that it's time for tough love , he doesn't pay his tuition .",0
"gainey ) - would unearth a seedy world of drugs and violence , ultimately revealing a motley crew from la's underbelly including ex-con david lind ( dylan mcdermott ) , nightclub impresario eddie nash ( eric bogosian ) , the most unlikely of american heroes - porn legend john holmes ( val kilmer ) - holmes' estranged wife sharon ( lisa kudrow ) and his teenage lover dawn schiller ( kate bosworth ) . """,0
"a love triangle forms , with rachael , the least interested and keen to leave , but clues to her mothers whereabouts appear , as do her own problems which both rafe and matt wish to help with .",0
frank and steve came to atlantic city twenty years ago to make a big score .,0
"like its parade of predecessors , this halloween is a gory slash-fest . it can't escape its past , and it doesn't want to .",1
"when the apocalypse arrives , it takes the form of a bio-chemical virus , contaminating the cities , mountains , and shorelines .",0
"former caa power broker , michael ovitz is probably very sorry he ever decided to do that vanity fair interview .",0
"during the heist , they have to work together to overcome high-tech security systems , guard dogs , a nasty head of security , and a bank vault that is suspended 30 feet above ground .",0
"and so he does , at the risk of exposing the ugly truth beneath his false facade .",0
manages to be diverting while never falling into a morass of battlefield clichés .,1
but cousin roberto isn't the tough guy they'd expected .,0
"like carlos and mickey , sean and eddie are best friends .",0
"if you value your time and money , find an escape clause and avoid seeing this trite , predictable rehash .",1
they try real deal get rich quick schemes but nothing pans out .,0
"what lifts the film high above run-of-the-filth gangster flicks is its refusal to recognise any of the signposts , as if discovering a way through to the bitter end without a map .",1
"the château would have been benefited from a sharper , cleaner script before it went in front of the camera . not to mention a sharper , cleaner camera lens .",1
about nowhere kids who appropriated turfs as they found them and become self-made celebrity athletes -- a low-down version of the american dream .,1
"just about all of the film is confusing on one level or another , making ararat far more demanding than it needs to be .",1
"just when we think we have a grasp on each character's inner-motives , more characters get sucked into the fray altering everyone's dynamic and the course of april's "" perfect "" shower .",0
"he initially flounders in his new world , before realizing that it takes more than talent to reach the top .",0
""" new suit "" is a contemporary update of the fairy tale "" the emperor's new clothes . """,0
"while soderbergh succeeds in recapturing the themes and mood of tarkovsky's version , he also brings with them a cold , emotionless sheen , a detached air that defeats his efforts to truly engage us .",1
"saigon , 1952 , a beautiful , exotic , and mysterious city caught in the grips of the vietnamese war of liberation from the french colonial powers .",0
his exciting and stylish life as a drug lord seems to have come to a halt .,0
"the bikers tell everyone in the store that if any one tells who committed the crime , the gang will take revenge on them and their families .",0
another story follows the relationship between a stepfather ( neeson ) and his young stepson .,0
"while 'studying' , he is busted by his mother and begs her not to tell his dad .",0
"blisteringly rude , scarily funny , sorrowfully sympathetic to the damage it surveys , the film has in kieran culkin a pitch-perfect holden .",1
fans of the modern day hong kong action film finally have the worthy successor to a better tomorrow and the killer which they have been patiently waiting for .,1
"though the bosses killed his father , he is loyal to them and is considered family .",0
"like any good romance , son of the bride , proves it's never too late to learn .",1
"as janice , eileen walsh , an engaging , wide-eyed actress whose teeth are a little too big for her mouth , infuses the movie with much of its slender , glinting charm .",1
"this is as lax and limp a comedy as i've seen in a while , a meander through worn-out material .",1
"victor ( leguizamo ) , is trying to escape his life as a drug dealer in the south bronx .",0
"their one hope , find the rabbit-proof fence that might just guide them home .",0
"kyle goes back to darkness falls to face his past , and the woman in the porceline mask ( aka the tooth fairy ) chance barron , a has-been "" cock-rock "" front-man , has wasted nearly eight years of his life working a dead-end job at softwipe incorporated , the world's second largest manufacturer/distributor of double-plied toliet paper , but things change drastically for mr . barron when he receives a mysterious watch which counts down the number of days he has left to live .",0
"whether noam chomsky , the mit linguist and political philosopher , is the most important intellectual alive , as the new york times once famously called him , is open for debate .",0
"it tends to remind one of a really solid woody allen film , with its excellent use of new york locales and sharp writing",1
"nothing is what it seems , and no one will be the same again , as the truth begins to surface in very dangerous circumstances .",0
"a time where all fantasies can come true - unfortunately , it is no longer the '70s .",0
the impact of the armenian genocide is diluted by too much stage business in the modern day .,1
devoid of any of the qualities that made the first film so special .,1
"as they each play out their own con , the line between rescuer and executioner , betrayer and martyr become blurred and they must learn to trust each other in order to survive .",0
"doctors aren't supposed to play god , but someone's decision years before has driven a killer over the brink .",0
the basic premise is intriguing but quickly becomes distasteful and downright creepy .,1
"seeing as the film lacks momentum and its position remains mostly undeterminable , the director's experiment is a successful one .",1
but how can graham really fall in love with her when he sees each time as the first time ?,0
"adam miauczynski , the character known from director marek koterski's previous films , is a 44 year-old teacher , who reads poetry during school lessons and later goes home swearing and calling his neighbours' names .",0
this daring film challenges most widely held notions about religious conviction while providing a complex portrait of an identity crisis that's run amok and a good mind that's jumped the tracks .,1
"it's a humble effort , but spiced with wry humor and genuine pathos , especially between morgan and redgrave .",1
"poets concentrates on locations and issues within the uk and in an oblique way referencing poetry to the topography , at first seemingly random and esoterical , slowly and ultimately questioning the very nature of our british culture and heritage .",0
"the doctor delivers the news that this has been a false pregnancy , one in which the embryo never develops .",0
a superb southern gothic slice of horror that is easily the sickest movie to arrive in theaters in a very long time . and i mean that in the nicest way possible .,1
"the protagonist , sally amonte , is still mourning the loss of her deceased husband and though she is young and beautiful , has resigned herself to working in the textile mill , caring for her elderly mother , and worrying about her rebellious teenage daughter .",0
. . . skirts the edges of snide condescension only to then abruptly catch the viewer off-guard with lightning strikes of genuine emotion .,1
"director hoffman , his writer and kline's agent should serve detention",1
this movie seems to have been written using mad-libs . there can be no other explanation . hilariously inept and ridiculous .,1
"glib , satirical documentary that fudges facts , makes facile points and engages in the cinematic equivalent of tabloid journalism .",1
he's dead ; and all their money is gone .,0
"as he struggles for his humanity , he fights his oppressors and is quickly sent to "" the shu "" where his unbridled rage catapults him to the victor's circle .",0
pirates of the caribbean is a sweeping action-adventure story set in an era when villainous pirates scavenged the caribbean seas .,0
robert de niro plays a therapist who is an obsessive-compulsive agoraphobic and hasn't left his apartment in six years .,0
"the noble tradition of men in drag hits an all-time low in sorority boys , whose makers apparently believe that women's clothing can cover up any deficiency in acting , writing or direction .",1
several people are listening to keith's plight on the radio and are making changes of their own .,0
"when lucy discovers jack is from the neighborhood she grew up in , she is determined to learn how this man could fall from the comfort of suburbia to living on the streets .",0
"with rare birds , as with the shipping news before it , an attempt is made to transplant a hollywood star into newfoundland's wild soil -- and the rock once again resists the intrusion .",1
"in this action comedy feature film , 'superbob' utilizes his highflying karate mastery and investigative techniques to tackle the ruthless big yard .",0
"reinforces the often forgotten fact of the world's remarkably varying human population and mindset , and its capacity to heal using creative , natural and ancient antidotes .",1
"seems content to dog-paddle in the mediocre end of the pool , and it's a sad , sick sight .",1
"truth is stranger than fiction , so the old saying goes . in 'catch me if you can , ' it's also more entertaining .",1
"joe , a rootless young drifter , finds work on a barge travelling between glasgow and edinburgh , owned by les and his wife ella .",0
the christ allegory doesn't work because there is no foundation for it,1
"too loud , too long and too frantic by half , die another day suggests that the bond franchise has run into a creative wall that 007 cannot fly over , tunnel under or barrel through .",1
"privileged and popular , deanna differs dramatically from the alienated alicia .",0
"like a elementary school bully , michael ovitz used his powerful position in the hollywood wars to step on , steal from and bad mouth whomever stood in his way of control of the schoolyard .",0
"big fat liar is little more than home alone raised to a new , self-deprecating level .",1
"but when hong's investigation starts to point to nunn , nunn becomes worried and decides to hire angel . com for another hit ^&#214 ; only so he can double-cross them , wipe them out and prevent them from leading the police back to him .",0
"suddenly , going to church becomes much more appealing .",0
"a movie that will surely be profane , politically charged music to the ears of cho's fans .",1
[allen] manages to breathe life into this somewhat tired premise .,1
"19-year old free spirit daphne reynolds ( amanda bynes ) , raised by her equally free-spirited mother , goes to england to meet her father , who turns out to be a wealthy aristocrat ( colin firth ) .",0
"the result is just enough pixie dust to get this franchise filler off the ground , provided viewers have enough faith and trust in one of the studio's most fondly remembered titles .",1
"from the opening scenes , it's clear that all about the benjamins is a totally formulaic movie .",1
"mostly honest , this somber picture reveals itself slowly , intelligently , artfully .",1
"constantly touching , surprisingly funny , semi-surrealist exploration of the creative act .",1
"a mafia don ( om puri ) dies and leaves behind such a will which starts an unending war between guru gulab khatri ( akshay kumar ) , don's son-in law and vikrant ( rahul dev ) , don's only son .",0
"as the police investigate and suspect is arrested , we discover that joe knows more than he is letting on .",0
"but things go very wrong when he tries this scheme on the jennings family , in part because their daughter abby is asthmatic , and in part because the jennings' find out more than hickley wants them to know .",0
"gerry's daughter , mattie , accidentally prints out a dna code that in the wrong hands can end the human race .",0
he's a rockabilly star who's a legend both because of his great hits and because he gave up music very young when his brother was killed .,0
"when he arrives he finds that the cousin has been missing for your years , leaving behind a wife and five daughters living in a small town full of secrets of blackmail and murder .",0
"this charming , thought-provoking new york fest of life and love has its rewards .",1
"less cinematically powerful than quietly and deeply moving , which is powerful in itself .",1
"debrauwer handles the story with such feeling and understanding that you quickly come to , not just like , but love these characters .",1
"it's refreshing that someone understands the need for the bad boy ; diesel , with his brawny frame and cool , composed delivery , fits the bill perfectly .",1
"besides him , the other residents are "" baggers , "" human-like creatures that are infected by the tall man's blood , the dwarves , and , of course , the silver spheres , all trying to break out of the barrier that contains them and into the real world .",0
"phillip noyce and all of his actors -- as well as his cinematographer , christopher doyle -- understand the delicate forcefulness of greene's prose , and it's there on the screen in their version of the quiet american .",1
the kids go through many adventures as a result of taking the flag home .,0
sassy postgrad elle woods ( witherspoon ) is all about animal rights .,0
"especially one girl , isa , has to choose between two boys who are fighting against each other .",0
the film is a romantic comedy about a portuguese widow whose husband had been a fisherman who died at sea .,0
"francis , an exceptional artist whose imaginative forays into a fictional universe of good and evil fill his notebooks with comic-book imagery , creates a netherworld of superhero alter egos for the two boys .",0
"stuart's poor-me persona needs a whole bunch of snowball's cynicism to cut through the sugar coating . but once the falcon arrives in the skies above manhattan , the adventure is on red alert .",1
a moving and stark reminder that the casualties of war reach much further than we imagine .,1
cal is an unpleasantly shallow and immature character with whom to spend 110 claustrophobic minutes .,1
"he began a film , a search , to discover not only what had happened to stevie over the past ten years but to understand the forces that had shaped his entire life .",0
"as exciting as all this exoticism might sound to the typical pax viewer , the rest of us will be lulled into a coma .",1
"harvard man is a semi-throwback , a reminiscence without nostalgia or sentimentality .",1
"a full world has been presented onscreen , not some series of carefully structured plot points building to a pat resolution .",1
dozens of moments catch you up and take your breath away .,1
"the lover literally searches the ends of the earth , the possessed child follows in the hopes that the lover will lead him to his quarry .",0
"its plot and animation offer daytime tv serviceability , but little more .",1
"this time , the hype is quieter , and while the movie is slightly less successful than the first , it's still a rollicking good time for the most part .",1
"eventually , nicholas runs away with schoolmate smike , and the two set off to reunite the nickleby family .",0
"realizing that in this love-induced haze , he's been tricked into turning his life upside-down , ted breaks it off with heather to again pursue his destiny as "" bachelorman . """,0
"the overall effect is awe and affection -- and a strange urge to get on a board and , uh , shred , dude .",1
"i wish i could say "" thank god it's friday "" , but the truth of the matter is i was glad when it was over .",1
"her husband , eric , becomes obsessed with monitoring his little brother's every move , and colson's moves become increasingly unpredictable .",0
"the fake "" attack "" turns into a bloodbath .",0
"there is something in full frontal , i guess , about artifice and acting and how it distorts reality for people who make movies and watch them , but like most movie riddles , it works only if you have an interest in the characters you see .",1
"confronted with the reality that jazz has limited commercial appeal , the story focuses on the band's battles with the music industry and one another to find respect and recognition without 'selling out' .",0
"an interesting psychological game of cat-and-mouse , three-dimensional characters and believable performances all add up to a satisfying crime drama .",1
"this night will expose all of the hidden nuances that each of the friends carry , forever changing their lives and how they view one another .",0
"however , stacy finds that when someone is out to get you , the outside world is even more dangerous .",0
"mysteriously , she can see her wise , grandfather-like angel .",0
"steeped in lore and unabashedly surreal , the film is just charming enough for children and just bizarre enough for adults -- a perfect balance .",1
and the rule of this race is to kill the other contestants to win the race ! ! !,0
"if it were any more of a turkey , it would gobble in dolby digital stereo . if nothing else , "" rollerball "" 2002 may go down in cinema history as the only movie ever in which the rest of the cast was outshined by ll cool j .",1
"after being handcuffed to new york city's 'a' train by his prep school friends ( keith , perabo , hayward ) , young karim ( mehta ) is forced to ride all the way to the last stop , far rockaway .",0
"krueger is able to disguise himself as pamela voorhees , and instructs jason to start murdering on elm street upon his resurrection , therefore restoring freddy's power as well .",0
"an exciting debut from promising , and fairly disturbed , young director/screenwriter dylan kidd .",1
"director roger michell mounts this thriller as an action-packed , sometimes tongue-in-cheek celebrity death match .",1
whistle completes the trilogy started in from here to eternity and the thin red line .,0
"now , kimberly , along with the other survivors , must find a way to save themselves . . .",0
"not exaggerated enough to be a parody of gross-out flicks , college flicks , or even flicks in general . it merely indulges in the worst elements of all of them .",1
forget the psychology 101 study of romantic obsession and just watch the procession of costumes in castles and this won't seem like such a bore .,1
"even if the world doesn't see things the way [michael moore] does , his questions are worth asking .  and bowling for columbine benefits from his iconoclastic zeal .",1
"never quite transcends jokester status . . . and the punchline doesn't live up to barry's dead-eyed , perfectly chilled delivery .",1
"brilliantly captures the brightness of the light , the intensity of the colors and the omnipresence of mexican motifs that informed kahlo's art .",1
"it comes off as so silly that you wouldn't be surprised if ba , murdock and rest of the a-team were seen giving chase in a black and red van .",1
fallopia offers lizzy the chance to become a pioneer in the most revolutionary field of modern medical science : in-utero advertising .,0
"[demme] creates a film that is both traditional , in keeping with its source material , and new millennium hip .",1
"while there are times when the film's reach exceeds its grasp , the production works more often than it doesn't .",1
"marquez is working with barrillo , and is about to assassinate el presidente and assume power .",0
"the best drug addition movies are usually depressing but rewarding . quitting , however , manages just to be depressing , as the lead actor phones in his autobiographical performance .",1
"the killer is getting closer , revealing more and more of his madness .",0
"audiences are advised to sit near the back and squint to avoid noticing some truly egregious lip-non-synching , but otherwise the production is suitably elegant .",1
"too stagey , talky -- and long -- for its own good .",1
the film is delicately narrated by martin landau and directed with sensitivity and skill by dana janklowicz-mann .,1
"many went to see the attraction for the sole reason that it was hot outside and there was air conditioning inside , and i don't think that a . c . will help this movie one bit .",1
wonder of wonders -- a teen movie with a humanistic message .,1
an ancient tablet found by famous british archaeologist professor hyde-white is believed to be a roadmap to the legendary lost temple of faramundi and its hidden treasures .,0
"a pathetic exploitation film that tries to seem sincere , and just seems worse for the effort .",1
"in a reciprocal effort , celebi uses his power and transports itself and sam to the present , ash ketchum's time .",0
. it's a brilliant revision of the book and it offers a motivation for the invention that's lacking in the first film version .,1
"nemesis suffers from a paunchy midsection , several plodding action sequences and a wickedly undramatic central theme .",1
check your brain and your secret agent decoder ring at the door because you don't want to think too much about what's going on . the movie does has some entertainment value - how much depends on how well you like chris rock .,1
"it feels like an after-school special gussied up with some fancy special effects , and watching its rote plot points connect is about as exciting as gazing at an egg timer for 93 minutes .",1
"it's a sci-fi , time travel , action adventure , comedy , drama mystery all rolled into one as mark twain on the way home from one of his last speaking tours in 1906 , is jostled on a train by 2 men , one in pursuit of the other , twain picks up a newspaper that one of them drops and the headline reads "" manned mars mission . . . .",0
will superfag save the world from peckerhead's evil diabolical plan ?,0
"as the sulking , moody male hustler in the title role , [franco] has all of dean's mannerisms and self-indulgence , but none of his sweetness and vulnerability .",1
"and lastly there's dinka , a fellow barber who is madly in love with terri but doesn't get the time of day .",0
"not that any of us should be complaining when a film clocks in around 90 minutes these days , but the plotting here leaves a lot to be desired .",1
"for a film about action , ultimate x is the gabbiest giant-screen movie ever , bogging down in a barrage of hype .",1
"patricia is able to escape las vegas , not before having had to overcome the heavily threatening katherine and a brutal nurse ( lilyan chauvin ) who aimed to to keep her constantly drugged .",0
"iwai creates yuichi's world as much through disembodied moments of sight and sound as through action , building to a surprising stab of melancholy .",1
"elsa keeps her head above water through several badly paid jobs and occasional criminal offences with her friends walter , laura and toni .",0
"the story takes place over the course of a day , when the couples get together for an afternoon of dining , drinking , and hot tubbing .",0
"jonathan ecks ( antonio banderas ) , an fbi agent , realizes that he must join with his lifelong enemy , agent sever ( lucy liu ) , a rogue dia agent with whom he is in mortal combat , in order to defeat a common enemy .",0
"3 beautiful agents try to find the treasure , but they must fight the evil datuk azmi , an old enemy of madame x . it has been four years since the alien-seeking agents averted an intergalactic disaster of epic proportions .",0
"it questions whether we really live in a world that can be divided neatly into black hats and white hats . and anyway , it wonders , is the guy in the black hat always wrong ?",1
"the sequel is everything the original was not : contrived , overblown and tie-in ready .",1
"paravasu's young brother arvasu ( milind soman ) is in love with a tribal girl , nittilai ( sonali kulkarni ) .",0
"as adapted by kevin molony from simon leys' novel "" the death of napoleon "" and directed by alan taylor , napoleon's journey is interesting but his parisian rebirth is stillborn",1
"it is a film that will have people walking out halfway through , will encourage others to stand up and applaud , and will , undoubtedly , leave both camps engaged in a ferocious debate for years to come .",1
"a steroid of sorts , it drives whoever takes the drugs to kill .",0
"after their past experiences , they know they're condemned but they never once imagined what awaits them . . .",0
"even when he's not at his most critically insightful , godard can still be smarter than any 50 other filmmakers still at work .",1
ever see one of those comedies that just seem like a bad idea from frame one ?,1
the first crusade to free the holy land has ended .,0
its purpose is to use the precog ( nitive ) potential of three genetically altered humans to prevent murders .,0
"all in all , it's a pretty good execution of a story that's a lot richer than the ones hollywood action screenwriters usually come up with on their own .",1
"earnest , unsubtle and hollywood-predictable , green dragon is still a deeply moving effort to put a human face on the travail of thousands of vietnamese .",1
there's not enough here to justify the almost two hours .,1
"but a sassy hispanic angel in a mets cap and jacket wrestles joe in an alleyway and makes him listen to the divine message of the miraculous , "" fear not . """,0
this gorgeous epic is guaranteed to lift the spirits of the whole family .,1
"they get away in their mini coopers , which are small enough to drive on sidewalks so they can make a clean get away before the traffic jam clears .",0
in order to continue giving therapy without leaving his home he gives it over the internet .,0
"however , his son is a celibate priest who has never had any success with women . . . , ever .",0
"young is a tribute to the nobility of those men under fire , their common acts of uncommon valor , and their loyalty to and love for one another .",0
"when his affair with a young troubled janitor ( kidman ) is uncovered , the secret silk had harbored for over fifty years from his wife , his children and colleague , writer nathan zuckerman , fast explodes in a conflagration of devastating consequences .",0
is the albino stalking her or watching over her ?,0
"bad . very bad . stultifyingly , dumbfoundingly , mind-numbingly bad .",1
"chon lin follows rathbone to london to kill him , while sending chon a letter telling him of the murder .",0
"having transplanted herself to hawaii with no one's blessing but her own , anne marie finds all she needs in the adrenaline-charged surf scene . . .",0
they find him guilty and he is sent back into the forest to be hunted down by the family .,0
i'd be lying if i said my ribcage didn't ache by the end of kung pow .,1
"mostly , shafer and co-writer gregory hinton lack a strong-minded viewpoint , or a sense of humor .",1
the story also depicts the first encounters between europeans and north american indians and the birth of the first european child on north american soil .,0
"her all-star cast including nina hartley , kylie ireland , brooke hunter and more , peek at their highest performance levels .",0
"set in the summer of 1942 during wwii , the film traces the trajectory of simple people thrown into extraordinary lives , revealing the heart-warming flame of hope and humanity that endures , even in times of war and dispair .",0
"cathy ( julianne moore ) is the perfect 50s housewife , living the perfect 50s life : healthy kids , successful husband , social prominence .",0
the hypnotic imagery and fragmentary tale explore the connections between place and personal identity .,1
the only thing that matters for him is break dancing .,0
an action comedy prequel to spang olsen's box office hit in china they eat dogs .,0
"but he has his reasons , as there is a chance that his teen love hillevi will show up .",0
but it seems they are brought back as one for more than just solving a case .,0
"accompanied by his assistant bough ( ben miller ) , johnny bungles his way through one scrape after another .",0
this is darkest drama reminiscent of antonin artaud's literary experiments in psychoanalysis .,1
"susie is obsessed about losing weight , thus being "" bonita "" and not "" gorda "" - the two keywords in the original spanish title .",0
"when in doubt , the film ratchets up the stirring soundtrack , throws in a fish-out-of-water gag and lets the cliched dialogue rip . or else a doggie winks .",1
her son has difficulty in understanding why his father was killed and today lies in one of the 124 tombs of jewish prisoners in a cemetery on the banks of the indian ocean .,0
a domestic melodrama with weak dialogue and biopic cliches .,1
"a stunning piece of visual poetry that will , hopefully , be remembered as one of the most important stories to be told in australia's film history .",1
"meyjes's movie , like max rothman's future , does not work .",1
makes an aborbing if arguable case for the man's greatness .,1
"herzog , a man of detail became enraptured with his subject and was unable to use his editing shears .",1
"he stands at the window and struggles to understand why his mother will not stop smoking , even after being diagnosed with emphysema .",0
"the word that comes to mind , while watching eric rohmer's tribute to a courageous scottish lady , is painterly .",1
"[drumline] is entertaining for what it does , and admirable for what it doesn't do .",1
the boy falls in love with a rich girl ( deeksha ) .,0
"he has just graduated college , he has a beautiful girlfriend , jane , and a publisher has picked up his first novel .",0
"then the unthinkable happens : a nuclear bomb explodes in a u . s . city , and america is quick to blame the russians .",0
flanery nonetheless proceeds to arrest them with a gun filled with blanks when he next sees them .,0
"blake now starts to sink into the scary , twisted world of the master where sharing , sacrifice and loyalty take on bizarre and dangerous new meanings .",0
"[screenwriter] pimental took the farrelly brothers comedy and feminized it , but it is a rather poor imitation .",1
dr . kanna &#38 ; rupi are childhood lovers and made for each other .,0
"when a dozen graves are desecrated in rural texas , five young people in their 20's investigate , eventually ending up being chased by a family of cannibals , led by a towering and insane brute , dressed in human skins , called leatherface .",0
"once convicted , he ends up on death row in texas himself , telling his story to a reporter through a series of flashbacks .",0
"a faction of political separatists , led by count dooku , attempts to assassinate her .",0
"as a kind of colorful , dramatized pbs program , frida gets the job done . but , for that , why not watch a documentary ?",1
the film was immensely enjoyable thanks to great performances by both steve buscemi and rosario dawson . . .,1
"inherently caustic and oddly whimsical , the film chimes in on the grieving process and strangely draws the audience into the unexplainable pain and eccentricities that are attached to the concept of loss .",1
an entertaining quasi-critique of modern manners whose comedy arises out of its gravity -- and a winning performance by ricardo darin .,1
"starts slowly , but adrien brody  in the title role  helps make the film's conclusion powerful and satisfying .",1
"the story is a rather simplistic one : grief drives her , love drives him , and a second chance to find love in the most unlikely place - it struck a chord in me .",1
so vivid a portrait of a woman consumed by lust and love and crushed by betrayal that it conjures up the intoxicating fumes and emotional ghosts of a freshly painted rembrandt .,1
"the focus of this story takes place at an annual drag-racing event in fresno , as manuel tries to retain his championship title .",0
"where tom green stages his gags as assaults on america's knee-jerk moral sanctimony , jackass lacks aspirations of social upheaval .",1
"he has come back to visit his mother's grave ( somehow he missed her funeral by just one day ) ; but instead he finds himself in an all too familiar place , a bar .",0
"what we have here isn't a disaster , exactly , but a very handsomely produced let-down .",1
"her mother , ingrid , is a beautiful , free-spirited poet .",0
merchant effectively translates naipaul's lively mix of characters from the page to screen .,1
what should have been a cutting hollywood satire is instead about as fresh as last week's issue of variety .,1
"if this movie belonged to a sorority , it would be called beta alpha delta .",1
it treats ana's journey with honesty that is tragically rare in the depiction of young women in film .,1
kudos to director doug liman for injecting textbook spy fare with slick intelligence and a truckload of tension .,1
"meanwhile , randolph is slowly turning insane with his only thoughts focusing on killing smoochy and getting back to his life of luxury .",0
absurdities and clichés accumulate like lint in a fat man's navel .,1
"after discovering a passenger ship missing since 1962 floating adrift on the bering sea , salvagers claim the vessel as their own .",0
"the draw [for "" big bad love "" ] is a solid performance by arliss howard .",1
"it's excessively quirky and a little underconfident in its delivery , but otherwise this is the best 'old neighborhood' project since christopher walken kinda romanced cyndi lauper in the opportunists .",1
on the set he meets movie star and ex-cello-player inga ( fabienne babe ) - and the experience is bizarre spirited uplifting a com&#233 ; die humaine .,0
the kind of movie that leaves vague impressions and a nasty aftertaste but little clear memory of its operational mechanics .,1
"there are a few laughs and clever sight gags scattered about , but not enough to make this anything more than another big-budget bust .",1
"he presents himself to be a rich boy , fool her and romance with her .",0
"truth to tell , if you've seen more than half-a-dozen horror films , there's nothing here you haven't seen before .",1
"as 'chick flicks' go , this one is pretty miserable , resorting to string-pulling rather than legitimate character development and intelligent plotting .",1
"lead of the group is arrogant bruce banner , mainly complimented by compassionate betty ross .",0
this is a shrewd and effective film from a director who understands how to create and sustain a mood .,1
a simmering psychological drama in which the bursts of sudden violence are all the more startling for the slow buildup that has preceded them .,1
"seeking a microscopic camera that could be incorporated into his artificial eye so he could secretly film whatever he sees , the filmmaker explores the futuristic technology that could make this possible , while revisiting chapters of his own past .",0
the filmmakers lack the nerve . . . to fully exploit the script's potential for sick humor .,1
"nicks , seemingly uncertain what's going to make people laugh , runs the gamut from stale parody to raunchy sex gags to formula romantic comedy .",1
"in the end , ted bundy's only justification is the director's common but unexplored fascination with the frustrated maniac ; there's no larger point , and little social context .",1
shot like a postcard and overacted with all the boozy self-indulgence that brings out the worst in otherwise talented actors . . .,1
"an exceptionally dreary and overwrought bit of work , every bit as imperious as katzenberg's the prince of egypt from 1998 .",1
"it is bad , but certainly not without merit as entertainment .",1
"though each with their distinctive story , all three are interwoven with the other .",0
"after a nuclear apocalypse , the whole landscape is a desert ruin , except for a small island paradise where el toro is buried .",0
"medem packs it with so much stunning , wildly colorful imagery -- and so much sex -- that it transfixes you even when you're not quite sure what's going on .",1
bullock does a good job here of working against her natural likability .,1
a work that lacks both a purpose and a strong pulse .,1
"unfortunately , the experience of actually watching the movie is less compelling than the circumstances of its making .",1
vijay singh rajput ( amitabh bachchan ) is a quirky manager of vilasrao jefferson bank .,0
"acting , particularly by tambor , almost makes "" never again "" worthwhile , but [writer/director] schaeffer should follow his titular advice",1
"primarily , the audience is wealthy , bored executives .",0
bruce soon learns that being god is very challenging .,0
"with a stolen police cruiser ( the red one ) , the destructive being races towards a little and already doomed planet : earth .",0
"and to make matters worse , he's been replaced by a man with a moustache !",0
"this sensitive , smart , savvy , compelling coming-of-age drama delves into the passive-aggressive psychology of co-dependence and the struggle for self-esteem .",1
and keeping their heads on their necks will become their main concern . . .,0
three astronauts crash land on an earth-like planet after returning from a 7-year long expedition to ganymede .,0
"perfectly enjoyable , instantly forgettable , nothing to write home about .",1
"shot perhaps 'artistically' with handheld cameras and apparently no movie lights by joaquin baca-asay , the low-budget production swings annoyingly between vertigo and opacity .",1
this remake gets all there is to get out of a peculiar premise with promise : al pacino loathing robin williams .,1
this movie praise the right to be different and unique .,0
but before he can get to him she sets out with her father to south africa .,0
moving cross country isn't even a problem for her .,0
"a broad stylistic combination of cinema verit&#233 ; and magic realism , the film follows emile's life as he tries to reconnect with his last remaining relation nada .",0
"wiseman is patient and uncompromising , letting his camera observe and record the lives of women torn apart by a legacy of abuse .",1
"if all goes according to plan , lizzy's baby will be born a hyper-intelligent consumer , ready to plug and play in our dollar driven world .",0
mitchell listens to a chilling conversation as he realizes harry's friend is the red neck who tried to attack him earlier .,0
"what makes this latest version of the four feathers the best so far are the beautiful desert locations ( in morocco ) , and the superb action sequences .",1
"ben stiller and jack black star as tim and nick , best friends , neighbors and co-workers , whose equal footing is suddenly tripped up when one of nick's harebrained get-rich-quick schemes actually succeeds : vapoorizer , a spray that literally makes dog poop , or any other kind for that matter , evaporate into thin air -- to where exactly is anyone's guess .",0
"bruce nolan is a television reporter , who is currently assigned what he considers to be undignified assignments , that has him being the butt of a joke .",0
"it's unfortunate that wallace , who wrote gibson's braveheart as well as the recent pearl harbor , has such an irrepressible passion for sappy situations and dialogue .",1
"at some point , all this visual trickery stops being clever and devolves into flashy , vaguely silly overkill .",1
"to my taste , the film's comic characters come perilously close to being amoses and andys for a new generation .",1
"not only that , cho cho is an expert in martial arts .",0
"the ending doesn't work . . . but most of the movie works so well i'm almost recommending it , anyway -- maybe not to everybody , but certainly to people with a curiosity about how a movie can go very right , and then step wrong .",1
director rob marshall went out gunning to make a great one .,1
"besides amsterdam , the movie also travels to morocco , to see larry and his love 30 years before , and to the united states , where a&#239 ; sha's family lives .",0
"although rampant unemployment , alcoholism and domestic violence are the norm for many reservation inhabitants , rudy has largely escaped this cycle of despair .",0
[denis'] bare-bones narrative more closely resembles an outline for a '70s exploitation picture than the finished product .,1
"in verifying information , she interviews the narrator and becomes his lover .",0
the film thrusts the inchoate but already eldritch christian right propaganda machine into national media circles .,1
"the crossing , even after a hard year of hiding , was to be a hardship : three months in a makeshift vessel with two thousand other fugitives , the victims not only of disease , hunger , and death , but primarily of the british navy and intelligence services .",0
"down on the shore , a boat is slowly being loaded with the personal possessions from the dying man's home .",0
from that moment on nothing is as it was before . . .,0
"moreover , he strongly believes in moulding his students by using principles .",0
few films seem so wise and knowing about the fact of age and the approach of the end .,1
"on the other side of town a woman named jill valentine tries to escape from the city while battling zombies and matt adison , now transformed into a monster called "" the nemesis "" who is bent on destroying all who live .",0
jeffs has created a breathtakingly assured and stylish work of spare dialogue and acute expressiveness .,1
"the mexican dream , is a tragic comedy about the longings and delusions that lure so many illegal inmigrants to this country .",0
"like life on the island , the movie grows boring despite the scenery .",1
this is the story of some of those who left .,0
"truly an intellectual , igby is a modern day holden caulfield , and the world he lives in is far removed from the high standards of expectation he holds for it .",0
it offers little beyond the momentary joys of pretty and weightless intellectual entertainment .,1
"opens at a funeral , ends on the protagonist's death bed and doesn't get much livelier in the three hours in between .",1
a biopic of an artist that actually looks artistic .,1
"while everybody else sweats and frets , jim's dad is cool while giving advice and getting ready for one of the best days of his life .",0
those who score well are recruited into a secret paramilitary academy .,0
"but , sometimes what we teach our children can be as deadly as not teaching them .",0
hilarious musical comedy though stymied by accents thick as mud .,1
"impossible as it may sound , this film's heart is even more embracing than monty , if only because it accepts nasty behavior and severe flaws as part of the human condition .",1
"sandra bullock and hugh grant make a great team , but this predictable romantic comedy should get a pink slip .",1
have you ever met that certain someone that made your heart drop the moment you met ?,0
the egoists is an ensemble piece that reveals the lives of several characters as they are brought together to mount a theatrical production .,0
the entire town begins to look for ellen when she fails to appear at home that night .,0
a documentary to make the stones weep -- as shameful as it is scary .,1
"it's the type of film about growing up that we don't see often enough these days : realistic , urgent , and not sugarcoated in the least .",1
on the day of the trial someone intends to blow up the courthouse and kill harper in the process .,0
"van wilder doesn't bring anything new to the proverbial table , but it does possess a coherence absent in recent crass-a-thons like tomcats , freddy got fingered , and slackers .",1
"accuracy and realism are terrific , but if your film becomes boring , and your dialogue isn't smart , then you need to use more poetic license .",1
"four boyhood pals in derry , maine , get together for a pilgrimage to their favorite deep-woods cabin , hole in the wall .",0
"at no point during k-19 : the widowmaker did this viewer feel enveloped in a story that , though meant to be universal in its themes of loyalty , courage and dedication to a common goal , never seems to leave the lot .",1
"at the end of the movie , my 6-year-old nephew said , "" i guess i come from a broken family , and my uncles are all aliens , too . "" congrats disney on a job well done , i enjoyed it just as much !",1
"when a young man agrees to housesit for his boss , he thinks it'll be the perfect opportunity to get close to the woman he desperately has a crush on - his boss's daughter .",0
"as mitch regains his strength , he realizes his life has been a waste and falls deeply in love with angela , his guardian angel .",0
"stephen rea , aidan quinn , and alan bates play desmond's legal eagles , and when joined by brosnan , the sight of this grandiloquent quartet lolling in pretty irish settings is a pleasant enough thing , 'tis .",1
it's young guns meets goodfellas in this easily skippable hayseeds-vs . -greaseballs mob action-comedy .,1
"his plans go awry , however , when his older brother , keith , returns from prison .",0
"about amy's cuteness , amy's career success ( she's a best-selling writer of self-help books who can't help herself ) , and amy's neuroses when it comes to men .",1
. . . surprisingly inert for a movie in which the main character travels back and forth between epochs .,1
a modest and messy metaphysical thriller offering more questions than answers .,1
"final report : good , yes ; great , no .",1
"the movie mixes the personal life of the ancestors of this man as well as historical moments for m&#233 ; xico such as the reform war , the mexican revolution , etc . arc&#225 ; ngel can't sleep .",0
"the irwins emerge unscathed , but the fictional footage is unconvincing and criminally badly acted .",1
"in this film , aussie david caesar channels the not-quite-dead career of guy ritchie .",1
"being author wells' great-grandson , you'd think filmmaker simon wells would have more reverence for the material . but this costly dud is a far cry from either the book or the beloved film .",1
"stir in some language barriers , cultural faux pas and a bright , young japanese female undergrad , and the intensity of the experience heightens to comical proportions .",0
he has a vast knowledge of modern photography and develops photos for various customers at the sav-mart .,0
"you might say tykwer has done all that heaven allows , if you wanted to make as anti-kieslowski a pun as possible . suffice to say its total promise is left slightly unfulfilled .",1
"the miseducation of mitchell is a gritty , inner-city drama that covers one day in the life of mitchell , a quiet ten-year-old boy who lives with his crack-head mother ( nayomi ) in a roach infested downtown l . a . motel .",0
it's frustrating to see these guys -- who are obviously pretty clever -- waste their talent on parodies of things they probably thought were funniest when they were high .,1
"as a result of one of his liaisons , he meets marcus , an odd 12-year-old boy with problems at school .",0
discovering the hard way that their involved in witchcraft .,0
"windtalkers blows this way and that , but there's no mistaking the filmmaker in the tall grass , true to himself .",1
"caught in this battle of wills is clara's daughter , victoria , who finds she is about to be married into the same faith that murdered her father .",0
"to protect her relationship with john , she "" ditches "" her son , having him arrested and locked in a correctional "" mental "" facility , before coercing her older brother burt , who lives in hollywood , to take him .",0
"toledo ( daniel hendler ) , 25 years old , future architect , suffers from an acute jealousy .",0
turning a great movie into a pretty good one is still a step in the wrong direction . . . and the ring will never be more than a pretty good movie .,1
"on november 12th 2001 , aspiring documentary filmmaker griffin mack began to capture the story of this elusive rising star .",0
"too artsy by half , heaven nonetheless casts a spell that doesn't break until you leave the theater .",1
bruce is a down on his luck tv news reporter .,0
"[green is] the comedy equivalent of saddam hussein , and i'm just about ready to go to the u . n . and ask permission for a preemptive strike .",1
"the parent corporation sends in an elite military unit , where they meet alice , who is suffering from amnesia due to exposure to nerve gas .",0
"this results in more deaths , until the ultimate realization that your thoughts and actions are more important than the color of your skin .",0
"six of the nations brightest spoken word artists came together in new orleans on september 2 , to begin a life transforming journey to new york city for the memorial anniversary of september 11 .",0
but something is very wrong in single and looking land .,0
the problematic characters and overly convenient plot twists foul up shum's good intentions .,1
"e . t . works because its flabbergasting principals , 14-year-old robert macnaughton , 6-year-old drew barrymore and 10-year-old henry thomas , convince us of the existence of the wise , wizened visitor from a faraway planet .",1
it has plenty of laughs . it just doesn't have much else . . . especially in a moral sense .,1
"the movie , so briskly alert in details , is generic in its guiding ideas .",1
"hardly makes the kind of points egoyan wanted to make , nor does it exist as the kind of monument he wanted to build , to victims whose voices have never gained the ears of the world .",1
fate steps in and throws the unlikely pair together for one night .,0
"moretti . . . is the rare common-man artist who's wise enough to recognize that there are few things in this world more complex -- and , as it turns out , more fragile -- than happiness .",1
the film explores the cultural differences between a north american mother and a mexican father in the face of death .,0
"a superfluous sequel . . . plagued by that old familiar feeling of 'let's get this thing over with' : everyone has shown up at the appointed time and place , but visible enthusiasm is mighty hard to find .",1
"jimmy tong ( chan ) is just a lowly chauffeur for millionaire clark devlin ( isaacs ) , until devlin has an accident that puts him in the hospital .",0
"gangster no . 1 is solid , satisfying fare for adults .",1
a potentially good comic premise and excellent cast are terribly wasted .,1
"the dramatic scenes are frequently unintentionally funny , and the action sequences -- clearly the main event -- are surprisingly uninvolving .",1
"evelyn may be a weightless picture , but it's hardly torture to sit through .",1
horrendously amateurish filmmaking that is plainly dull and visually ugly when it isn't incomprehensible .,1
"when she's approached one day by a handsome stranger while trying to hail a taxi , she becomes obsessed with him and eventually starts an affair .",0
"while [hill] has learned new tricks , the tricks alone are not enough to salvage this lifeless boxing film .",1
"there are times when a rumor of angels plays like an extended episode of touched by an angel -- a little too much dancing , a few too many weeping scenes -- but i liked its heart and its spirit .",1
"unfortunately , it's also not very good . especially compared with the television series that inspired the movie .",1
"amitabh can't believe the board of directors and his mind is filled with revenge and what better revenge than robbing the bank himself , ironic as it may sound .",0
robert harmon's less-is-more approach delivers real bump-in -the-night chills -- his greatest triumph is keeping the creepy crawlies hidden in the film's thick shadows .,1
"in this debut short , meeper valiantly tries to warn the patrons of the ale-e-inn ( an intergalactic watering hole with its own constellation of stars ) of impending danger , only to find himself face-to-face with the most fearsome creatures in the galaxy .",0
only a supremely flexible talent like kinnear could whittle away at crane's nuances and come up with thespian gold .,1
basically a static series of semi-improvised ( and semi-coherent ) raps between the stars .,1
"as they make their way to the city from suburban pennsylvania , april must endure a comedy of errors - like finding out her oven doesn't work - in order to pull off the big event .",0
"there is a refreshing absence of cynicism in stuart little 2--quite a rarity , even in the family film market . eventually , it wins you over .",1
a brutally honest documentary about a much anticipated family reunion that goes wrong thanks to culture shock and a refusal to empathize with others .,1
"plodding , poorly written , murky and weakly acted , the picture feels as if everyone making it lost their movie mojo .",1
"no , the dangerous lives of altar boys does not exist in a state of perfect grace . however , its sins are forgivably venial , because its virtues are palpably human .",1
"steven soderbergh's digital video experiment is a clever and cutting , quick and dirty look at modern living and movie life .",1
things go from bad to worse for the drummer when it comes to his attention that he is being hunted down for execution as a deserter .,0
a diverting detour into the gonzo outlook of a humorist who actually has something on his mind .,1
"sonia has a crush on akash and she decides to 'buy' his love via a financial agreement that states that on marrying sonia , her father gulshan will help finance the hospital project .",0
"hypnotically dull , relentlessly downbeat , laughably predictable wail pitched to the cadence of a depressed fifteen-year-old's suicidal poetry .",1
"does a good job of establishing a time and place , and of telling a fascinating character's story .",1
"nete's marriage begins to unravel , her father gets worse again and is admitted to hospital , where death comes after all .",0
horns and halos benefits from serendipity but also reminds us of our own responsibility to question what is told as the truth .,1
he fails to win eve's heart and is consequently dejected .,0
that death is merely a transition is a common tenet in the world's religions . this deeply spiritual film taps into the meaning and consolation in afterlife communications .,1
"sunk by way too much indulgence of scene-chewing , teeth-gnashing actorliness .",1
"but with tess's wedding coming on saturday , the two have to find a way to switch back - and fast .",0
it's almost as if it's an elaborate dare more than a full-blooded film .,1
"certainly no biopic , nijinsky is short on facts , but long on expression .",1
cube's charisma and chemistry compensate for corniness and cliche .,1
"however , none of the events of either stories crossover or effect the other in any way .",0
"cedar takes a very open-minded approach to this sensitive material , showing impressive control , both visually and in the writing .",1
"if you're as happy listening to movies as you are watching them , and the slow parade of human frailty fascinates you , then you're at the right film .",1
these four will collide in a titanic battle to determine the fate of the world .,0
"with some help from otis and the paddy wagon's quirky regulars , among them an angry war vet in a parrot costume and a traveling salesman with a "" small "" problem , mark finally gets what he deserves .",0
"yes , 4ever is harmless in the extreme and it'll mute your kids for nearly 80 minutes , but why not just treat the little yard apes to the real deal and take them to spirited away ?",1
"the mutation , however , remains dormant , and is passed on to his son , bruce .",0
"its maker , steven spielberg , hasn't had so much fun in two decades , since he was schlepping indiana jones around the globe in search of a giant misplaced ashtray .",1
"eventually moves and stirs you , even if it often resembles those steamy mexican tv dramas/soap operas called telenovelas .",1
'arroz con mango' is a spanish phrase which means 'what a mess ! ',0
"but his yearning for expression , love and devotion stays unsatisfied .",0
a former eastern germany secret agent runs away fron his past and lands in m&#233 ; xico under a fake identity .,0
"unlike most teen flicks , swimming takes its time to tell its story , casts mostly little-known performers in key roles , and introduces some intriguing ambiguity .",1
if you dig on david mamet's mind tricks . . . rent this movie and enjoy !,1
this idyllic existence is upset by the arrival in the village of anita rutter and her dysfunctional family .,0
simon calms his prot&#233 ; g&#233 ; that genuine happiness only comes from the inside .,0
his odyssey finally leads him onto a theatre stage .,0
"as a way of catharsis , he arranges for a woman to meet his nephew/surrogate son in a selfish act of redemption ; as a result raymond brings larger problems between the two to the surface .",0
"ana is a vivid , vibrant individual and the movie's focus upon her makes it successful and accessible .",1
a film that deserves to be seen regardless of the misgivings .,1
"the discovery of this new world is described parallel to other stories of emancipation , such as that of three young prostitutes , of an aged couple going nowhere and man's n landing on the moon .",0
"rosetta projects seduction scenes from movie clips onto ruby , which absorbs as she sleeps .",0
"ray finds himself feeling cursed , trapped , and miserable as a parade of "" injured "" clients constantly pressure him for their money , most of which is not deserved .",0
"it's a beautiful experience , nearly perfect with a fragile flowing fluid score .",1
"sometimes charming , sometimes infuriating , this argentinean 'dramedy' succeeds mainly on the shoulders of its actors .",1
""" the emperor's new clothes "" begins with a simple plan . . . . well , at least that's the plan .",1
"called "" an elegant documentary "" by sundance and "" eloquent and deeply moving "" by the la times , toyo miyatake : infinite shades of gray is a penetrating portrait of this photographer's search for truth and beauty in a world of impermanence .",0
"he moves around the urban landscape from park bench to bus bench with his best friend , an aging dog named bones .",0
it has become apparent that the franchise's best years are long past .,1
"warren is the outrageous gay hairdresser , alex the shy assistant , steven - the smarmy client and gary , the photographer on the verge of a nervous breakdown .",0
"the director , steven shainberg , has succeeded by focusing intently on his characters , making them quirky individuals rather than figures of fun .",1
"imperfect ? yes , but also intriguing and honorable , a worthwhile addition to a distinguished film legacy .",1
there starts a dangerous game where the two teenagers that graham is protecting will be implied .,0
"the agonizing memory that has tortured him all his life--the death of his father , a convicted murderer who was executed when vincent was just a boy--still plagues him .",0
"stripped almost entirely of such tools as nudity , profanity and violence , labute does manage to make a few points about modern man and his problematic quest for human connection .",1
"just on the other side of thirty , dave is an unemployed sculptor clumsily going nowhere in a small town .",0
"this time nick is "" getting out ! "" . . . or",0
"biker cary ford is framed by and old rival and biker gang leader for the murder of another gang member who happens to be the brother of trey ( ice cube ) , leader of the most feared biker gang in the country .",0
i'd watch these two together again in a new york minute .,1
""" on guard ! "" won't be placed in the pantheon of the best of the swashbucklers but it is a whole lot of fun and you get to see the one of the world's best actors , daniel auteuil , have a whale of a good time .",1
"apesar de não superar o original , o chamado é um suspense bem realizado que , à sua própria maneira , funciona de maneira exemplar .",1
mayhem and comedy explode as several members find price attractive while price struggles for his sanity .,0
"petra and karl must work together in order to thwart petrov , a cold-blooded gangster , who will kill anyone who gets in his way .",0
murbah swamp beer is a documentary about an event that could only happen in australia .,0
"exciting and direct , with ghost imagery that shows just enough to keep us on our toes .",1
"nic is fixated on getting laid , and watches mike and nadine through the skylight with josh .",0
"produced by chica luna productions , corporate dawgz is a comedic ode to white revolutionaries who understand that what they give up in privilege they gain tenfold in humanity .",0
travels a fascinating arc from hope and euphoria to reality and disillusionment .,1
"as [the characters] get more depressed , the story gets more tiresome , especially as it continues to mount a conspicuous effort to be profound .",1
"like the hugely successful first film , the sequel provides pleasant , engaging if largely disposable entertainment for the general audience .",1
francis takes advantage of his wife success and reputation to bring his ambitious casino project of its feet .,0
"there's no doubting that this is a highly ambitious and personal project for egoyan , but it's also one that , next to his best work , feels clumsy and convoluted .",1
buries an interesting storyline about morality and the choices we make underneath such a mountain of clichés and borrowed images that it might more accurately be titled mr . chips off the old block .,1
they marry because that's what you are supposed to do .,0
"in this racially-charged climate , the lapd's elite special investigations squad ( sis ) is assigned a high-profile quadruple homicide .",0
eric byler's nuanced pic avoids easy sentiments and explanations . . .,1
"when johnny and lena are stumped , they turn to wayne . . . but",0
"zero , who , like many hong kong youngsters , has a handful of unsteady jobs .",0
"gus sits on the sofa and talks about being the world's oldest pothead , who started smoking in 1936 .",0
holmes</a> was the worlds best known male actor in the adult industry .,0
their original calendars showed lovely scenes of the yorkshire dales .,0
"rajput then gets together a team of three blind men vishwas prajapati ( akshay kumar ) , arjun verma ( arjun rampal ) and ilias ( paresh rawal ) who will help him obtain his vengeance and make a heap of money at the same time .",0
"sounding like arnold schwarzenegger , with a physique to match , [ahola] has a wooden delivery and encounters a substantial arc of change that doesn't produce any real transformation .",1
"pauly then fakes his own death , and the media goes crazy .",0
"sexgunsmoney@20 is an intense , funny and visceral story about excesses , instant gratification , greed and power , filled with intrigue and machiavellian plotting .",0
"fresh out of a long-term relationship in which she lost custody of a dog , janey passes the end of day on her stoop .",0
years of guilt and sorrow tumble over each other as vince struggles to retain his sanity and understand who it is he is hoping to find alive .,0
"that is , until the villainous captain hook mistakes her for wendy and abducts her to never land in an attempt to lure and capture peter pan .",0
"deep intelligence and a warm , enveloping affection breathe out of every frame .",1
newcomer helmer kevin donovan is hamstrung by a badly handled screenplay of what is really an amusing concept  a high-tech tux that transforms its wearer into a superman .,1
"first day on job publicist , a whisky drinking headbanger , a pimp from the ghetto , and a psychiatrist on crack end up in a barstow county desert with a corps and an "" a "" list celebrity who is hallucinating apes after drinking a soda contaminated with bug killer .",0
"two members of a private organization , cupic ( central unidentified phenomenon investigation committee ) and a local psychiatrist investigate , in an effort to solve this mystery .",0
you can sip your vintage wines and watch your merchant ivory productions ; i'll settle for a nice cool glass of iced tea and a jerry bruckheimer flick any day of the week .,1
a fast-paced look into the world of underground street-racing .,0
"as a good old-fashioned adventure for kids , spirit : stallion of the cimarron is a winner .",1
the film truly does rescue [the funk brothers] from motown's shadows . it's about time .,1
"some of the featured art events include "" burial in space "" by woodpussy ( a group of musicians and pyro-technicians who blast their deceased founder into space in a rocket of their own creation ) ; "" nebulous entity "" and "" futura deluxe "" ( two large , roving installation pieces engineered using mathematics derived from fields of neural networks , ecological systems and fractals ) ; and a performance artist dea million who stages her "" wedding "" to america .",0
"jim and michelle are getting married , and need to do it quickly because jim's grandmother is sick and wants to see jim walk down the aisle .",0
a raunchy and frequently hilarious follow-up to the gifted korean american stand-up's i'm the one that i want .,1
"although she came back to the house in order to sell it , things begin to take a different direction : the house itself , the furniture and other equipment in it seem to become alive for anna , recalling images of her past , her beloved parents and her friend max , who once gave her shelter from the raging policemen when she took part as a photo journalist in a political demonstration in berlin .",0
"from the choppy editing to the annoying score to 'special effects' by way of replacing objects in a character's hands below the camera line , "" besotted "" is misbegotten",1
"on the way , they get caught up in a horrible accident , in which kimberly survives , but her friends die brutally .",0
he is almost to school when a red neck attacks him .,0
"isabel intends for her family to go to istanbul , the only place where jews can live freely , but clara is reluctant to leave .",0
"alex nohe's documentary plays like a travelogue for what mostly resembles a real-life , big-budget nc-17 version of tank girl .",1
"an intelligent and sobering look at a person's self worth , and the measures he or she will take to restore it .",1
"chotte wants to be medium , while medium wants to be bade and bade has nowhere to go except to hold on .",0
"only one person has the power to save the princess , a priestess .",0
"a pleasant ramble through the sort of idoosyncratic terrain that errol morris has often dealt with . . . it does possess a loose , lackadaisical charm .",1
"just about the best straight-up , old-school horror film of the last 15 years .",1
"a dull , somnambulant exercise in pretension whose pervasive quiet is broken by frequent outbursts of violence and noise .",1
there is no pleasure in watching a child suffer . just embarrassment and a vague sense of shame .,1
a deft script by mike white . . . elevates the usual teen twaddle by grounding the laughs in feeling .,1
little ella's birthright is the gift - and curse - of obedience .,0
"takes a look at an old world , passionless arrangement in a way that is at once so biting and so brutally honest that you chuckle first , then shudder .",1
"star trek : nemesis meekly goes where nearly every star trek movie has gone before . wince-inducing dialogue , thrift-shop costumes , prosthetic makeup by silly putty and kmart blue-light-special effects all conspire to test trekkie loyalty .",1
a fascinating documentary that provides a rounded and revealing overview of this ancient holistic healing system,1
"seymour polatkin is a successful , gay indian poet from spokane who confronts his past when he returns to his childhood home on the reservation to attend the funeral of a dear friend .",0
"the more dreams max has , the closer the fbi are in tracking down the kidnapper , but also as the case continues max discoveres the lies , corruption , and deceit of the government .",0
"this sade is hardly a perverse , dangerous libertine and agitator -- which would have made for better drama . he's just a sad aristocrat in tattered finery , and the film seems as deflated as he does .",1
so purely enjoyable that you might not even notice it's a fairly straightforward remake of hollywood comedies such as father of the bride .,1
everything was as superficial as the forced new jersey lowbrow accent uma had .,1
"as a thoughtful and unflinching examination of an alternative lifestyle , sex with strangers is a success .",1
"a fascinating , dark thriller that keeps you hooked on the delicious pulpiness of its lurid fiction .",1
a fanciful drama about napoleon's last years and his surprising discovery of love and humility .,1
"spanning 18 years in an iranian women's prison , this follows two women : the new prison warden , a tough as nails devout muslim who has served in the army on the iraqi front , and a young midwife , mitra , who is serving her sentence for killing her mother's abusive husband .",0
and then a body turns up on cape cod . . .,0
"unfortunately , a cast of competent performers from movies , television and the theater are cast adrift in various new york city locations with no unifying rhythm or visual style .",1
"the filmmaker ascends , literally , to the olympus of the art world , but he would have done well to end this flawed , dazzling series with the raising of something other than his own cremaster .",1
"the members manage to pronounce kok exactly as you think they might , thus giving the cast ample opportunity to use that term as often as possible . it's very beavis and butthead , yet always seems to elicit a chuckle .",1
the events of the film are just so weird that i honestly never knew what the hell was coming next .,1
"300 years of russian history and culture compressed into an evanescent , seamless and sumptuous stream of consciousness .",1
"think 'glengarry glen ross' without the mamet dialogue , and that's kinda what you'll get here .",1
"akash has a soft corner for his fellow doctor neha mathur , a suave and self-assured woman who will never let her personal life get in the way of her profession .",0
"after several scenes of this tacky nonsense , you'll be wistful for the testosterone-charged wizardry of jerry bruckheimer productions , especially because half past dead is like the rock on a wal-mart budget .",1
"henrik , the young cook , is hopelessly in love with enchanting elena , but lacks the courage to dance with her .",0
upon arrival at the space station orbiting an ocean world called solaris a psychologist discovers that the commander of an expedition to the planet has died mysteriously .,0
"this is cruel , misanthropic stuff with only weak claims to surrealism and black comedy .",1
"where as many films of this nature linger on the hard , the ugly , the blood , or just the stylistic ; empire focuses on the thinking , the love , and even the light-heartedness , as well as the violence .",1
"that's when she meets luke , a mysterious smooth-talking writer who opens her eyes to the world , prompting her to take a long look at the life she's chosen for herself .",0
"ten years after the 'phantom menace' threatened the planet naboo , padm&#233 ; amidala is now a senator representing her homeworld .",0
"based on the edgar allen poe short story , "" the facts in the case of m . valdemar , "" comedy revolves around a doctor who convinces a dying man's family to allow him to put the man in a trance as he takes his final breaths .",0
"it can't be easy starting a movie in the middle , staying in the middle , and then ending it in the middle . . .",1
"a comedy drama set in modern day florida concerning two vibrant women who find themselves , after their big time dreams have not panned out , back in their small neighboring hometowns .",0
has little on its mind aside from scoring points with drag gags .,1
"change up is a documentary that follows the lives of best friends , rafael "" pepey "" rodriguez , and alex sosa , two hard throwing pitchers from the economically poor , but baseball rich island of the dominican republic .",0
"with "" ichi the killer "" , takashi miike , japan's wildest filmmaker gives us a crime fighter carrying more emotional baggage than batman . . .",1
"about schmidt is undoubtedly one of the finest films of the year . if you're not deeply touched by this movie , check your pulse .",1
a movie that hovers somewhere between an acute character study and a trite power struggle .,1
a sub-formulaic slap in the face to seasonal cheer .,1
"may be far from the best of the series , but it's assured , wonderfully respectful of its past and thrilling enough to make it abundantly clear that this movie phenomenon has once again reinvented itself for a new generation .",1
"there's only one catch : martin , her ex-husband , still hasn't moved out of the place .",0
"a droll , bitchy frolic which pokes fun at the price of popularity and small-town pretension in the lone star state .",1
"a very familiar tale , one that's been told by countless filmmakers about italian- , chinese- , irish- , latin- , indian- , russian- and other hyphenate american young men struggling to balance conflicting cultural messages .",1
arjun is already the number one person on several men&#180 ; s hit lists and must overcome this and everything he encounters on his hunt .,0
"while gertie is able to manipulate ollie with the finesse of an adult , she is ultimately daddy's little girl .",0
meena's growing up - and that brings plenty of changes .,0
"detective mi yun ( played by yum jung-ah ) , and her newly appointed partner , detective kang ( played by ji jin-hee ) , are assigned to the case .",0
"for a film that's being advertised as a comedy , sweet home alabama isn't as funny as you'd hoped . for a film that's being advertised as a comedy , sweet home alabama isn't as funny as you'd hoped .",1
"for oscar , diane is somewhat of a distraction , as his continued pursuit of eve leads to an unexpected resolution .",0
"winslow had abandoned the experiments long ago , however ex-patient/caretaker , "" ernst "" ( michael zelnicker ) has developed a symbiotic , telepathic relationship with the rodents , and they thrive off of each other .",0
"only a little later , johnathan's life is already in extreme danger as well as those of his friends and teammates .",0
a comedy-drama of nearly epic proportions rooted in a sincere performance by the title character undergoing midlife crisis .,1
and the date of his life turns out to be more than tony bargained for .,0
mazel tov to a film about a family's joyous life acting on the yiddish stage .,1
"abandoned and filled with a mysterious past , holy angel school for girls is about to reveal its secrets of betrayal , jealousy , and vengeance .",0
palm springs' white party is the backdrop for this documentary on the fast-paced world of gay circuit parties .,0
"since many people are dead , the tall man is able to make thousands of dwarf slaves for his planet daily in the mormon mausoleum .",0
there is simply not enough of interest onscreen to sustain its seventy-minute running time .,1
an excellent chance to learn more about one of rock and roll's most significant bands and the struggle for freedom in the communist world .,1
"this case made history in the new jersey judicial system and these teenagers ( who , at the time , were between the ages of 14 and 16 ) were the first in the state to be tried and convicted as adults .",0
it's all a rather shapeless good time . . .,1
has enough gun battles and throwaway humor to cover up the yawning chasm where the plot should be .,1
"serious and conservative , jamie ( moore ) was as far from cool as she could possibly be , and didn't care .",0
"[grant's] bumbling magic takes over the film , and it turns out to be another winning star vehicle .",1
"cancelling a trip to disney world with his son , he decides to bring the boy along .",0
"marker's incredible collection of newsreel footage -- tv footage from various countries , home movies and other celluloid wonders -- eventually shapes a scattered , pinwheel idea of the era's attitude .",1
"ruth berman and connie kurtz first met in brooklyn in 1959 , both young married women raising their young children .",0
"soon , however , they are regretting their decision and wishing christmas would hurry up and finish until a surprise christmas "" miracle "" , could there still be hope for christmas , and the websters ?",0
they are all confronted with the consequences of their selfish actions .,0
"a document about a unique political and artistic moment , the film traces the links between the two most important latin american filmmaking movements of the late '60s the brazilian cinema n&#244 ; vo and the cuban cine revolucionario .",0
the movie is saved from unbearable lightness by the simplicity of the storytelling and the authenticity of the performances .,1
has taken serious note of the situation and special task force is sent to the jungle to deal with naxal problem .,0
"merely as a technical , logistical feat , russian ark marks a cinematic milestone .",1
"you may think you have figured out the con and the players in this debut film by argentine director fabian bielinsky , but while you were thinking someone made off with your wallet .",1
"the film delivers what it promises : a look at the "" wild ride "" that ensues when brash young men set out to conquer the online world with laptops , cell phones and sketchy business plans .",1
"and eventually some eyes turn toward the drifter , vince .",0
"there ought to be a directing license , so that ed burns can have his revoked .",1
little do they know that these pirates are cursed .,0
but her marriage is loveless and she suffers from the loss of her baby in childbirth .,0
"although trying to balance self-referential humor and a normal ol' slasher plot seemed like a decent endeavor , the result doesn't fully satisfy either the die-hard jason fans or those who can take a good joke .",1
schefberg has the courage to make the story messily un-formulaic .,1
"the animation is competent , and some of the gags are quite funny , but jonah . . . never shakes the oppressive , morally superior good-for-you quality that almost automatically accompanies didactic entertainment .",1
"a geo-political thriller where gerry anderson finds that sometimes , everybody really is out to get you .",0
"alas , the black-and-white archival footage of their act showcases pretty mediocre shtick .",1
"after nearly two decades of staring at his victim's face on a newspaper clipping in his cell , the paroled man attempts to find redemption , in the form of a mysterious minister ( freeman ) and two needy women ( dunst and hunter ) .",0
"as a revenge thriller , the movie is serviceable , but it doesn't really deliver the delicious guilty pleasure of the better film versions .",1
the complex computer shuts down the base to prevent infection .,0
daddy &#38 ; papa explores the growing phenomenon of gay fatherhood and its impact on american culture .,0
"certainly not a good movie , but it wasn't horrible either .",1
"like to think of the film as local hero for kids , as the boy has to adapt from his urban kid lifestyle to the slow , simple ways of generations before . will he do it ? will it work out ? can love overcome ?",1
blade's team and the bloodpack are the only line of defense which can prevent the reaper population from wiping out the vampire and human populations .,0
spirited away has the quality of a dream : it takes you places so foreign and fantastic you have no option but to yield completely to it and be spirited along .,1
"although some viewers will not be able to stomach so much tongue-in-cheek weirdness , those who do will have found a cult favorite to enjoy for a lifetime .",1
"each brush stroke brings him inexorably closer to an unknown fate , a fate that is perhaps foretold in the very visions that fuel his work .",0
"what kind of advice would they receive from family , friends , neighbors , and folks at the corner deli ?",0
"three different scenarios , intercut , all using the same words but with very different meanings .",0
"we just don't really care too much about this love story . in that setting , their struggle is simply too ludicrous and borderline insulting .",1
"when the us government "" recruits "" him to go on a mission , he's not exactly thrilled .",0
"i'm not sure all about lily chou-chou made sense in my head , but it made sense in my heart .",1
"filmmakers david weissman and bill weber benefit enormously from the cockettes' camera craziness -- not only did they film performances , but they did the same at home .",1
"it is life affirming and heartbreaking , sweet without the decay factor , funny and sad .",1
"for those in search of something different , wendigo is a genuinely bone-chilling tale .",1
"day in , day out , the same routine is repeated .",0
"the importance of being earnest resonates and inspires rapid-fire bouts of laughter , perhaps even a few giggles from the author himself , whom posterity has rewarded the last laugh .",1
plotless collection of moronic stunts is by far the worst movie of the year .,1
"when a ship sinks off the coast of argentina , ellen brachman , a clever and ambitious claims assessor for the rotterdam marine-insurance company european hayward , suspects a 'sinker' .",0
"it follows and in some cases re-enacts the chronology of shepherd's visit to a local bar , his kidnap and beating , the discovery of him tied to a fence , the vigil at the hospital , his death and funeral , and the trial of his killers .",0
"even the finest chef can't make a hotdog into anything more than a hotdog , and robert de niro can't make this movie anything more than a trashy cop buddy comedy .",1
"while 'manhunter' takes the prize for stylishness , 'dragon' is much scarier and more emotionally involving .",1
the story the movie tells is of brian de palma's addiction to the junk-calorie suspense tropes that have all but ruined his career .,1
"enter four months later , when it seems reasonable to say that charlie should be feeling better .",0
"he is an aspiring writer struggling with these : endless nights marked by creative block , memories of a childhood rotten with abuse , and the thirst of unspeakable sexual desires .",0
"on top of a foundering performance , [madonna's] denied her own athleticism by lighting that emphasizes every line and sag .",1
it is fascinating to see how much work and preparation goes into stand-up comedy .,1
"an earnest , roughshod document , it serves as a workable primer for the region's recent history , and would make a terrific 10th-grade learning tool .",1
the script falls back on too many tried-and-true shenanigans that hardly distinguish it from the next teen comedy .,1
"a compelling , gut-clutching piece of advocacy cinema that carries you along in a torrent of emotion as it explores the awful complications of one terrifying day .",1
nachtwey clears the cynicism right out of you . he makes you realize that deep inside righteousness can be found a tough beauty .,1
don't let the subtitles fool you ; the movie only proves that hollywood no longer has a monopoly on mindless action .,1
often shocking but ultimately worthwhile exploration of motherhood and desperate mothers .,1
"one night , a stranger leaves a savage death threat on sam's phone machine .",0
"the result is good gossip , entertainingly delivered , yet with a distinctly musty odour , its expiry date long gone .",1
"like any warhol/morrissey relic , arnon goldfinger's the komediant rediscovers chapters in new york's cultural past .",1
a science-fiction pastiche so lacking in originality that if you stripped away its inspirations there would be precious little left .,1
"despite what anyone believes about the goal of its makers , the show . . . represents a spectacular piece of theater , and there's no denying the talent of the creative forces behind it .",1
moments of compassion and kindness circulate within a mounting concern for individual survival .,0
"ice age won't drop your jaw , but it will warm your heart , and i'm giving it a strong thumbs up .",1
some of the most inventive silliness you are likely to witness in a movie theatre for some time .,1
"sparkles in its deft portrait of tinseltown's seasoned veterans of gossip , wealth , paranoia , and celebrityhood .",1
neither juan antonio nor se&#241 ; or maximiliano know what they are in for when the tables are turned by the sly carmen .,0
"the director and her capable cast appear to be caught in a heady whirl of new age-inspired good intentions , but the spell they cast isn't the least bit mesmerizing .",1
"the hilarity belies the poignancy of truth and love and the laughter is punctuated with honesty , tenderness and pain .",0
"amongst the excitement of rediscovering old friendships , no one minds that a snowstorm has cut them off from the rest of the outside world .",0
you can tell almost immediately that welcome to collinwood isn't going to jell .,1
thomas' wish comes true and he stays up all night watching her .,0
"it never quite makes it to the boiling point , but manages to sustain a good simmer for most of its running time .",1
"differences spark interest , though , as charly finds depth in sam's idealism and sam seeks the vibrance of charly's joie de vivre .",0
"even if the naipaul original remains the real masterpiece , the movie possesses its own languorous charm .",1
"written , flatly , by david kendall and directed , barely , by there's something about mary co-writer ed decter .",1
"these three seemingly unrelated storylines are interwoven and brought together in plastik-man , a modern take on the gangster genre .",0
stevens' vibrant creative instincts are the difference between this and countless other flicks about guys and dolls .,1
"the movie's seams may show . . . but pellington gives "" mothman "" an irresistibly uncanny ambience that goes a long way toward keeping the picture compelling .",1
a unique and irreverent look at new york's cubicle filled sweatshops .,0
the search takes vir to bombay where he soon regains his memory and finds his real name to be a muslim game marksman named ali and is targed by criminal bigwigs and corrupt government officials whom he used to work for and betrayed him after hiring him to assasinate various underworld criminals and then framed him for the murder of an innocent chief minister .,0
one boy needs to avenge the death of his father . . .,0
"every single scene conveys a significant and concise narrative development , yet does so in an unassuming , patient fashion that emphasizes detail .",1
an offbeat horror tale about a group of five college friends on vacation at a remote mountain cabin when one contracts a flesh-eating virus .,0
"befriended by the ship's charismatic cyborg cook , john silver , jim blossoms under his guidance and shows the makings of a fine shipmate as he and the alien crew battle a supernova , a black hole , and a ferocious space storm .",0
graced with the kind of social texture and realism that would be foreign in american teen comedies .,1
"both grant and hoult carry the movie because they are believable as people -- flawed , assured of the wrong things , and scared to admit how much they may really need the company of others .",1
"for ten years , tobias has worked in a clock factory and in the relentless sound of ticking , he sees life go by without much expectation .",0
the problem with movies about angels is they have a tendency to slip into hokum . a rumor of angels doesn't just slip -- it avalanches into forced fuzziness .,1
a sly dissection of the inanities of the contemporary music business and a rather sad story of the difficulties of artistic collaboration .,1
director jay russell weighs down his capricious fairy-tale with heavy sentiment and lightweight meaning .,1
they do this by planning india's biggest bank heist and then de-camping with the loot .,0
"the problems of the people in love in the time of money are hardly specific to their era . they just have problems , which are neither original nor are presented in convincing way .",1
"prancing his way through the tailor-made part of a male hooker approaching the end of his vitality , jagger obviously relishes every self-mocking moment .",1
"he's fascinated by a candy machine , and asks his mother for money , but she refuses .",0
"good for a few unintentional laughs , "" extreme ops "" was obviously made for the "" xxx "" crowd , people who enjoy mindless action without the benefit of decent acting , writing , and direction .",1
twenty-two year old steve is on top of the world .,0
"a film at once depressing and uplifting--depressing in terms of the sad , often horrifying subjects of nachtwey's photographs but uplifting in terms of his commitment and integrity .",1
"in an attempt to make a new identity for himself , dizzy gets himself expelled from his high school , learns the technics of being cool from a prison inmate , and enrolls at a new high school under the alias gil harris , to make new friends where he soon gains respect from the jocks and geeks alike .",0
"this little film is so slovenly done , so primitive in technique , that it can't really be called animation .",1
"it caused a rift between the families and even though devdas tried to convince his father , only antagonism came his way .",0
"magneto , having escaped from his plastic prison , forms an unlikely alliance with professor xavier to stop stryker .",0
"to lena , vaughn represents the life she is running away from .",0
over 80 of the world's greatest martial artists demonstrate techniques and discuss philosophy in this fascinating account of the martial arts phenomenon and its increasing global popularity .,0
"what was to be a modest profile turns into a intimate four and half year chronicle of stevie , his broken family , the criminal justice system and the filmmaker himself , as they all struggle with what stevie has done and who he has become .",0
"rock's got the kind of sly charm and non- self-conscious sincerity that could fit into any action hero archetype imaginable , even the old-school ones .",1
"if you keep a list of films you want to see one way or another , you would be doing yourself a service by keeping this film high up on that list .",1
"a hypnotic portrait of this sad , compulsive life .",1
the mismatch between whitey's good heart and never-ending optimism and davey's constant troublemaking soon have them both wondering if going to jail wouldn't have been easier !,0
great fun both for sports aficionados and for ordinary louts whose idea of exercise is climbing the steps of a stadium-seat megaplex .,1
what resulted is a stirring and emotional reflection of that day and his experience .,0
"the pursuit eventually takes us back to l . a . , where secrets begin to get exposed . . . .",0
a superbly acted and funny/gritty fable of the humanizing of one woman at the hands of the unseen forces of fate .,1
"together they flee to the city of hamburg and smuggle with them what used to be the greatest export of the vikings , an icelandic falcon .",0
"oscar's path to his true love is further crossed by diane , eve's best friend who , one night while wearing eve's borrowed perfumed scarf , offers him temporary comfort in an unconventional tryst .",0
"it's a fascinating look into what spielberg truly loves , but it's not so much a masterpiece as a nice milestone .",1
the plants are the only break in the grey monotony around her .,0
an indelible and ultimately moving vision of humanity buffeted by the elements and by international political tides .,1
"sean , an all go no quit , military driven high school student recieves a video tape of a brutal murder .",0
paul's true romantic feelings soon surface and jenny finds things to be a little more than she can handle .,0
no film could possibly be more contemptuous of the single female population .,1
with her as a mentor he gains confidence and strength of character .,0
"long before the first exorcist , we are taken to the birth of the demon pazuzu , and follow him through his life , eventually bringing us to the middle east where he waits for a victim to use as a vehcile to destroy the world with .",0
a quirky comedy set in newfoundland that cleverly captures the dry wit that's so prevalent on the rock .,1
. . . a fairly disposable yet still entertaining b picture .,1
"this comedy , based on steve martin's successful stage play concerns a fictional meeting between a young pablo picasso and a young albert einstein at a paris cafe at the turn of the 20th century .",0
"it kinda works and qualifies as cool at times , but is just too lame to work or be cool at others .",1
"like the best war movies -- and like martial literature going back to the iliad -- it balances the dreadful , unassuageable cruelty of warfare and the valor and decency of those who fight .",1
anna has begun to rely on her stalker's presence .,0
disappointing in comparison to other recent war moviesor any other john woo flick for that matter .,1
"during the heist , the kids overcome high-tech security systems , guard dogs , and a nasty head of security to get to a bank vault suspended 100-feet above ground .",0
this curious figure gives nicholas the impression he is pressing his young son closer to the girls in his life and away from bobby .,0
"visually engrossing , seldom hammy , honorably mexican and burns its kahlories with conviction .",1
the only young people who possibly will enjoy it are infants . . . who might be distracted by the movie's quick movements and sounds .,1
"the true story of revolutionary war leader ethan allen ( 1738-1789 ) and his group of fighters , the green mountain boys , who fought for the freedom of vermont before the war officially started .",0
"underachieving misfits pete and lanny are wannabe "" gangsta rappers , "" who find the constraints of suburbia stifling to their artistic goals .",0
watching the film is like reading a times portrait of grief that keeps shifting focus to the journalist who wrote it .,1
"the film tells the parallel , conflicting trajectory of five women : anita , isabel , adela , leire , and maricarmen .",0
their world comes crashing down after one of the girls is murdered by a blackmail victim .,0
the feature-length stretch . . . strains the show's concept .,1
"just to add more complication to this already complicated plot , two thieves decide to steal the case and lead a miami police team and two fbi agents on a wild goose chase that ends inside the airport terminal .",0
[d]oesn't bother being as cloying or preachy as equivalent evangelical christian movies -- maybe the filmmakers know that the likely audience will already be among the faithful .,1
he can talk and drive around all by himself .,0
unsung heroes of some of pop music's finest moments get to stand up and be counted in this documentary/concert/tribute .,1
"de oliveira seems not only to have read john berger's famous essay on looking , but also to have taken it as his personal instruction manual for filmmaking .",1
""" underground poets railroad "" is equal parts concert film of performances at universities , churches , fire stations and national monuments across the country ; road trip documentary ; and , ultimately , a tribute to the 12 black firefighters who gave their lives on september 11 .",0
"like vardalos and corbett , who play their roles with vibrant charm , the film , directed by joel zwick , is heartfelt and hilarious in ways you can't fake .",1
"at the age of 25 , tiz is considered a survivor .",0
it trusts the story it sets out to tell .,1
while the frequent allusions to gurus and doshas will strike some westerners as verging on mumbo-jumbo . . . broad streaks of common sense emerge with unimpeachable clarity .,1
"about schmidt is a curious slice of americana . . . the characters are so clearly drawn and the dialogue so rich , you are immediately hooked .",1
as a woman who can let go of her need to be in control .,0
"regulus features recently declassified footage , as well as interviews with the submariners , rocket scientists , and test pilots involved in the development and deployment of the weapon .",0
"he's lost his super powers , and it will take all of bachelorman's skill and cunning to get his lois lane back .",0
"while some will object to the idea of a vietnam picture with such a rah-rah , patriotic tone , soldiers ultimately achieves its main strategic objective : dramatizing the human cost of the conflict that came to define a generation .",1
"visits spy-movie territory like a novel you can't put down , examines a footnote to history seldom brought to light on the screen , and keeps you guessing from first frame to last .",1
"[cuarón has] created a substantive movie out of several cliched movie structures : the road movie , the coming-of-age movie , and the teenage sex comedy .",1
the da sends the dupe into valento-land in hopes of getting the sociopath off his back .,0
"a supernatural mystery that doesn't know whether it wants to be a suspenseful horror movie or a weepy melodrama . it ends up being neither , and fails at both endeavors .",1
"based on an attraction at disneyland , the country bear jamboree , "" the country bears "" ( 2002 ) is one in a long line of live action disney family films .",0
"as rachel and daniel race through london's nightscape , desperate to stay one step ahead of betts , every discovery unleashes further hell , extending way beyond the disappearance of rachel's baby .",0
"it's a pedestrian , flat drama that screams out 'amateur' in almost every frame .",1
"the five protagonists of my film are women who have not been able to organize the large "" stones "" in their lives .",0
"it can become even more complicated when the visit is a most unusual homestay with three single , american men with extremely diverse and . . . unique personalities .",0
"he is sensitive and compassionate , speaks french fluently , is passionate about voltaire , and thinks the feature that tells the most about a woman is her hands .",0
"the story . . . is inspiring , ironic , and revelatory of just how ridiculous and money-oriented the record industry really is . it is also a testament to the integrity and vision of the band .",1
"but freddy's plans don't go according to schedule when jason discovers that he has been manipulated , which really sends him over the egde .",0
standard story of boy meets girl and girl thinks he is gay .,0
"his only-way-out is to create for himself a new identity franklin mann one without the doubt , pain or guilt .",0
"mcconaughey's fun to watch , the dragons are okay , not much fire in the script .",1
"based on the gruesome novella clive barker wrote especially for todd mcfarlane's disturbing action figure line , tortured souls is the story of six cenobite-like creatures : agonistes , a transformer of people into monsters who may be a creation of god ; the scyther-meister , an assassin created by agonistes to bring a corrupt empire to its knees ; lucidique , the daughter of a slain senator who is strangely falling in love with the scythe-meister ; talisac , a twisted doctor who has impregnated and attached himself to a strange machine ; venal anatomica , a hulking assassin with an inhuman bloodlust ; and mongroid , talisac's soon-to-be born child with a huge mouth in his stomach .",0
after the great success of the ring hollywood decided to take another swing at bringing another japanese film to the rest of us .,0
"partnered with the sassy , stunning sistah girl , our hero must first undergo the ultimate attitude adjustment and trade in his 'fro and platforms for tennis sweaters and penny loafers .",0
drugs are out because they tried that before and some of the po'boys spent a little time behind bars .,0
"set against the majestic landscape of canada's bay of fundy and the highest tides in the world , black swan is a dark comedy that weaves the innocent world of childhood , against the adult world of love , betrayal and murder .",0
majidi's direction has never been smoother or more confident .,1
"this is a very good film , and it heralds an emerging directorial talent .",1
"brad gluckman ( kennedy ) is a wannabe rap star from malibu who acts and talks like he's from the "" 'hood . """,0
"the film stars jim caviezel as dantes , a sailor who is falsely accused of treason by his best friend fernand ( guy pearce ) , who wants dantes' girlfriend mercedes ( dagmara dominczyk ) for himself .",0
"charlie is man who wakes up to find that no one can see him , by chance he meets carol on a lonely highway .",0
"a buoyant romantic comedy about friendship , love , and the truth that we're all in this together .",1
"it wasn't the subject matter that ultimately defeated the filmit was the unfulfilling , incongruous , "" wait a second , did i miss something ? "" ending .",1
"they , like many college under-achievers , prefer to spend most of their time going to parties , playing video games , and attending the occasional class .",0
"nair and writer laura cahill dare to build a movie around some flawed but rather unexceptional women , emerging with a fine character study that's short on plot but rich in the tiny revelations of real life .",1
"marly temple is living her father's dream of running a motel , only it has become her nightmare .",0
"she entranced the founder of the museum of art ( masp ) where the fashion parade was being held , and her career was hence launched .",0
"a little girl uses her overactive imagination to turn her doll into a real live friend ; but when a monster kidnaps her doll , she must enter a dangerous , surreal world to find the monster and rescue her doll .",0
the fetid underbelly of fame has never looked uglier .,1
"i'm sure the filmmaker would disagree , but , honestly , i don't see the point . it's a visual rorschach test and i must have failed .",1
"a slick new york publicist ( farrell ) who picks up a ringing receiver in a phone booth is told that if he hangs up , he'll be killed . . .",0
"there's the plot , and a maddeningly insistent and repetitive piano score that made me want to scream .",1
will graham must risk his family's security and his own safety to track down this one last murderer - the epitome of all evil - the red dragon .,0
nicholson's understated performance is wonderful . as warren he stumbles in search of all the emotions and life experiences he's neglected over the years .,1
a feature documentary offering a gripping portrait of the esgenoopetitj mi'gmaq first nation during the summer of 2000 as the canadian government appears to wage war on the community for exercising their inherent and court-affirmed fishing rights .,0
"in the course of the investigation , he discovers that his own unresolved pain and failures as a father have deeply influenced joey's life , and now his 18-month-old grandson may be fated to follow their self-destructive paths .",0
"slight , but colorful and forward-moving . . . wasabi has the cheeky verve and heart of a shaggy dog movie that is aiming to please its owner , nothing more , nothing less .",1
too bad maggio couldn't come up with a better script .,1
"fly along with skilled helicopter crews as they carry out sea and mountain rescues , apprehend drug smugglers , repair high voltage lines , save endangered animals , deliver humanitarian aid , and undertake a reconnaissance mission .",0
"at this , he loses his temper and gets physical with the employee .",0
sean bateman ( james van der beek ) is the younger brother of psychotic wall street broker patrick bateman .,0
the rock as a bounty hunter who attempts to square a debt by heading to the amazon jungle to capture someone .,0
they call themselves d . e . b . s .,0
"george , a handsome english knight , unsettled by the horrendous bloodletting he witnessed in palestine , desires to hang up his sword and settle down to a quiet , peaceful life .",0
"enough trivializes an important crisis , reduces it to an almost comic embarrassment .",1
"somewhere inside the mess that is world traveler , there is a mediocre movie trying to get out .",1
"it's weird , wonderful , and not necessarily for kids .",1
"when an ira cell forces him to hear last confession from a suspected informer , will he let them execute the terrorist ?",0
"the film's almost unbearable portrait of sadness and grief transcends its specific story to speak to the ways in which need , history and presumption tangle , and sometimes destroy , blood ties .",1
"de oliveira creates an emotionally rich , poetically plump and visually fulsome , but never showy , film whose bittersweet themes are reinforced and brilliantly personified by michel piccoli .",1
this thing works on no level whatsoever for me .,1
"you would be better off investing in the worthy emi recording that serves as the soundtrack , or the home video of the 1992 malfitano-domingo production .",1
forging a connection with the creature is easier for mac than getting his father's attention until both man and beast need all the help they can get .,0
"then , in 1974 , something incredible happened - they fell in love .",0
the ill-conceived modern-day ending falls flat where it should deliver a moral punch .,1
"overall , it's a wacky and inspired little film that works effortlessly at delivering genuine , acerbic laughs .",1
"reign of fire is hardly the most original fantasy film ever made -- beyond road warrior , it owes enormous debts to aliens and every previous dragon drama -- but that barely makes it any less entertaining .",1
nothing like dreaming is a film about a modern-day shaman and his young disciple .,0
"however , ruby's encounters suffer from impotence and unexplained rashes .",0
"likeable thanks to its cast , its cuisine and its quirky tunes .",1
"as they become jaded by watching these brutal fights , and betting becomes boring , the bosses realize that they need to take the fights to a new limit .",0
"bound and determined to end their contentious relationship once and for all , melanie sneaks back home to alabama to confront her past , only to discover that you can take the girl out of the south , but you can never take the south out of the girl .",0
"full frontal had no effect and elicited no sympathies for any of the characters . by that measure , it is a failure .",1
"arrested and imprisoned in a juvenile detention facility , leland comes in contact with an aspiring writer and prison teacher , pearl madison ( cheadle ) .",0
. . . quite good at providing some good old fashioned spooks .,1
"although the film boils down to a lightweight story about matchmaking , the characters make italian for beginners worth the journey",1
"a horror movie with seriously dumb characters , which somewhat dilutes the pleasure of watching them stalked by creepy-crawly bug things that live only in the darkness .",1
"it's still a comic book , but maguire makes it a comic book with soul .",1
"once in ghana , otte is called before the chief's council to explain what happened .",0
"after an uncertain start , murder hits and generally sustains a higher plateau with bullock's memorable first interrogation of gosling .",1
"after selling the shop to a local loan shark , calvin slowly begins to see his father's vision and legacy and struggles with the notion that he just sold it out .",0
"the film is based on the true story of telecommunications genius walter l . shaw sr . and his son walter t . shaw jr . , the confessed "" dinner time burglar . """,0
"through the guidance of his doctor , he confronts his painful past and begins a quest to find the family he never knew .",0
"in addition , various genres of musicians have joined in today showing worldwide support , thus contributing to bruce's objective , 'sure it's nice to be famous , but i'm more interested in obtaining a telepathic following' .",0
"[kline's] utterly convincing -- and deeply appealing -- as a noble teacher who embraces a strict moral code , and as a flawed human being who can't quite live up to it .",1
"meanwhile , wolverine heads north to investigate his past .",0
"smith's approach is never to tease , except gently and in that way that makes us consider our own eccentricities and how they are expressed through our homes .",1
"to pull him out of his now dangerous financial predicament will turns to his wealthy in-laws , spinning a myriad of desperate lies , half-truths and deceptions .",0
"as well , another priest in the diocese , father natalio , is suspected of assisting guerilla troops in the highlands .",0
"four friends - one summer - an italian-american neighborhood in yonkers , ny .",0
"his strengths are fish frying and stamp collecting , and he thinks magnum 45s are a type of ice cream .",0
"whilst their former companions strider , legolas , gimli , merry and pippin make new allies in the ents , the riders of rohan and the stewards of gondor and launch an assault on isengard .",0
all analyze that proves is that there is really only one movie's worth of decent gags to be gleaned from the premise .,1
"while sunshine state lacks the searing urgency of city of hope or the gentle dénouement of lone star , fans of the auteur should enjoy this classic john sayles feature .",1
"in his way , meets prosit , a german villain on a persistant mission to find pots of gold in the superstition montains .",0
"reeboir varies between a sweet smile and an angry bark , while said attempts to wear down possible pupils through repetition . it has no affect on the kurds , but it wore me down .",1
"if we don't demand a standard of quality for the art that we choose , we deserve the trash that we get .",1
as tricky and satisfying as any of david mamet's airless cinematic shell games .,1
a film about a young man finding god that is accessible and touching to the marrow .,1
"johnathan accepts and learns the ropes of rollerball : the players are on rollerblades , trying to bring a heavy metal ball into a high goal .",0
"at first suspicious , then curious , and ultimately captivated , he watches as a life unknown to him unfolds before his eyes .",0
"the remaining friends must now rescue the captives , while desperately trying to avoid the long arm of the law .",0
"without resorting to hyperbole , i can state that kissing jessica stein may be the best same-sex romance i have seen .",1
"today marks a special anniversary for the couple and they set out to celebrate the way they have before , with an old fashion picnic .",0
"on scene is a famous greek actress , marina , who is to play the main role , a character based on the life of lilly , a woman from athens who played an outstanding role in the resistance , but later arrested by the bureau of security police , a notorious torture center .",0
"a genuinely funny ensemble comedy that also asks its audience -- in a heartwarming , nonjudgmental kind of way -- to consider what we value in our daily lives .",1
it is a story about finding yourself when you didn't even know you were looking .,0
the balance of the movie shows the revenge of the various wronged parties .,0
the director seems to take an unseemly pleasure in [the characters'] misery and at the same time to congratulate himself for having the guts to confront it .,1
"though a touch too arthouse 101 in its poetic symbolism , heaven proves to be a good match of the sensibilities of two directors .",1
"the plan goes by smoothly , but troubles comes when ray actually falls in love with eva .",0
the verdict : two bodies and hardly a laugh between them .,1
beautifully written and directed and packed with excellent performances .,1
"it soon becomes obvious that blossom , bubbles , and buttercup are not normal girls , they have superpowers and have not yet learned to control .",0
she wants a new relationship with an old lover who wrote her a love note years ago .,0
some body smacks of exhibitionism more than it does cathartic truth telling .,1
"oscar wilde's masterpiece , the importance of being earnest , may be the best play of the 19th century . it's so good that its relentless , polished wit can withstand not only inept school productions , but even oliver parker's movie adaptation .",1
that old adage about women being unknowable gets an exhilarating new interpretation in morvern callar .,1
the only excitement comes when the credits finally roll and you get to leave the theater .,1
"let's hope -- shall we ? -- that the 'true story' by which all the queen's men is allegedly "" inspired "" was a lot funnier and more deftly enacted than what's been cobbled together onscreen .",1
"julie davis is the kathie lee gifford of film directors , sadly proving once again ego doesn't always go hand in hand with talent .",1
"i was hoping that it would be sleazy and fun , but it was neither .",1
"financially strapped and untrained in anything but basketball , jamal comes up with a plan so outrageous it just might work : dress up like a woman and try out for the woman's basketball league .",0
"there are a couple of things that elevate "" glory "" above most of its ilk , most notably the mere presence of duvall .",1
"the actors are all charged up by their roles , and it rubs off on us : you walk out with a caffeine- and-doughnut high .",1
frances decides to take a break and she buys a villa in the beautiful tuscan countryside and decides to begin anew .,0
"the screenplay is hugely overwritten , with tons and tons of dialogue -- most of it given to children .",1
desert rose is an erotic thriller that takes you through one man's life experience .,0
"the movie should jolt you out of your seat a couple of times , give you a few laughs , and leave you feeling like it was worth your seven bucks , even though it does turn out to be a bit of a cheat in the end .",1
"they renege , but a legitimate kidney becomes available for transplant .",0
"humorless , self-conscious art drivel , made without a glimmer of intelligence or invention .",1
she is a wealthy and arrogant girl who is used to getting things done her way .,0
it's like going to a house party and watching the host defend himself against a frothing ex-girlfriend . you don't want to call the cops . you want to call domino's .,1
"set against the bright lights of manhattan , a tale which takes a comic , urbane look at the modern male ego at war in the singles scene trenches .",0
"but violet , matt's wife is a complicating factor !",0
"[toback's] fondness for fancy split-screen , stuttering editing and pompous references to wittgenstein and kirkegaard . . . blends uneasily with the titillating material .",1
suffers from a flat script and a low budget .,1
"adam sandler's heart may be in the right place , but he needs to pull his head out of his butt",1
"soon jonah embarks on an adventure that leads him into the belly of a whale , and to the heart of nineveh for a hilarious showdown .",0
a thinly veiled excuse for wilson to play his self-deprecating act against murphy's well-honed prima donna shtick .,1
"so when he meets the mysterious professor darabont who offers him a very well paying job to transport sealed packages across the mexican border , morales cannot refuse .",0
one of the theives betrays his companions and swipes the gold for himself .,0
"this includes never-before-seen images of tests of modified v-1s at point mugu naval air station , and the flight test program for regulus at edwards air force base in 1950 .",0
"vega and ulloa give strong performances as the leading lovers and there are some strong supporting turns , particularly from najwa nimri .",1
he then goes to paris where he prepares to make a political film criticizing the state of repression in his native land .,0
"sam roberts thinks he has all the answers : the purpose of life , the meaning of love , the plan for a perfect future .",0
"i don't think i laughed out loud once . and when you're talking about a slapstick comedy , that's a pretty big problem .",1
"together with his men , mcnamara uses a hero's resolve to carry out his mission , ultimately forced to weigh the value of his life against the good of his country .",0
"contrived , maudlin and cliche-ridden . . . if this sappy script was the best the contest received , those rejected must have been astronomically bad .",1
"their rescue mission leads them to a disused lab , but what should have been a simple raid turns into a series of twisted and mind bending incidents where the free and the caged switch places , in this tormented psychological horror .",0
"and for her honor , it will be named 'paradise-casino' .",0
"on his journey , he comes of age , meeting a diverse group of people , from a random business man to keisha ( washington ) , a girl he inevitably falls for .",0
"ultimately , the band must find its strength in the music that is their passion and the thread that holds them together , inspiring them to prevail .",0
"giving birth to her first child should be a time of happiness for rachel ( emily woof ) , but the dream is shattered when she learns that her newborn baby has died during the night .",0
"by turns pretentious , fascinating , ludicrous , provocative and vainglorious .",1
"[it] has the feel of a summer popcorn movie . nothing too deep or substantial . explosions , jokes , and sexual innuendoes abound .",1
"having been born , raised , and schooled in the garden state , they are now , in their early 30's , starting to realize that something is lacking in their lives .",0
"whenever you think you've seen the end of the movie , we cut to a new scene , which also appears to be the end . but , no , we get another scene , and then another . you begin to long for the end credits as the desert does for rain .",1
the quality of schwentke's visuals . . . provides ample compensation .,1
"the interviewees , who represent diverse relationships to and perspectives on marriage , use their own stories to explain why the filmmakers - long-term partners interested in starting a family - should or should not wed .",0
the two join forces to find out who wants her dead and why .,0
"joanna , a good-for-nothing girl who miserably failed in her attempt to win any television game show and contest , is hired by nino as his personal secretary , believing that she could be her lucky charm .",0
"time stands still in more ways that one in clockstoppers , a sci-fi thriller as lazy as it is interminable .",1
"the film is itself a sort of cinematic high crime , one that brings military courtroom dramas down very , very low .",1
"sadly , 'garth' hasn't progressed as nicely as 'wayne . '",1
"it concludes with a laramie staging of "" angels in america "" a year after shephard's death .",0
this riveting world war ii moral suspense story deals with the shadow side of american culture : racial prejudice in its ugly and diverse forms .,1
"if you are curious to see the darker side of what's going on with young tv actors ( dawson leery did what ? ! ? ) , or see some interesting storytelling devices , you might want to check it out , but there's nothing very attractive about this movie .",1
"now with the help of the trixter arpid , tribal leader balthazar and an unexpected ally , it's up to mathayus to fufill his destiny and become the great scorpion king .",0
"rajani plans to offer her daughter to an older man , a rich husband and protector to her daughter .",0
". . . while certainly clever in spots , this too-long , spoofy update of shakespeare's macbeth doesn't sustain a high enough level of invention .",1
"renowned adventurer allan quatermain ( connery ) leads a team of extraordinary figures with legendary powers to battle the technological terror of a madman known as "" the fantom . """,0
'tracks' is based on the true-story of a middle class white suburban teenagers who unknowingly committed a senseless act of violence in july of 1982 .,0
"beautifully crafted and brutally honest , promises offers an unexpected window into the complexities of the middle east struggle and into the humanity of its people .",1
"after being trapped in hell for quite some time , freddy krueger meets up with jason voorhees after jason is sent to hell by creighton duke ( forget part x ; rewind to friday the 13th part ix ) .",0
reeks of rot and hack work from start to finish .,1
"joanna , a young wife and mother , moves from manhattan to the upper-class suburb of stepford , connecticut .",0
increasing evidence about one man's role in a long history of human rights abuses leads to a critical examination of american diplomacy through the lens of international standards of justice .,0
"andrew is infatuated with sannah and fantazises about her but believes there's no chance she will like him if she gets to know him , so he decides it's better they never meet for real . . .",0
four friends journey dow life's paths to find out whether god or society has the right to decide the good or the evil .,0
"igby slocumb , a rebellious and sarcastic seventeen year-old boy , is at war with the oppressive world of his east coast "" old money "" family .",0
"if signs is a good film , and it is , the essence of a great one is in there somewhere .",1
"we never really feel involved with the story , as all of its ideas remain just that : abstract ideas .",1
"outside , another man sits by the door keeping vigil .",0
"quebec bill bonhomme , a hardy schemer and indefatigable optimist , tries desperate to raise money to preserve his endangered herd through the rapidly approaching winter .",0
a modest pleasure that accomplishes its goals with ease and confidence .,1
the film has the courage of its convictions and excellent performances on its side .,1
gary oldman plays as a dwarf brother to a normal-sized matthew mcconaughey .,0
she ignores him and climbs the town water tower regularly .,0
"while not all transitions to adulthood are so fraught , there's much truth and no small amount of poetry in girls can't swim .",1
"yet , beneath an upbeat appearance , she is struggling desperately with the emotional and physical scars left by the attack .",0
"when the general he's sent to kill delays his return to the country , john passes the time with manuela , a beautiful dancer who becomes his teacher and guide into argentina's sensual world of the tango .",0
"a coming-of-age tale from new zealand whose boozy , languid air is balanced by a rich visual clarity and deeply felt performances across the board .",1
"the film has the high-buffed gloss and high-octane jolts you expect of de palma , but what makes it transporting is that it's also one of the smartest , most pleasurable expressions of pure movie love to come from an american director in years .",1
they swore to have their unborn babies get married when they grew up .,0
straight up : helicopters in action will take audiences on a series of aerial adventures .,0
"pursued by immigration service and later arrested , he is about to be deported .",0
"shot in the spectacular sierra nevada mountains , "" the last place on earth "" is a funny , moving film about food , passion , love and a one eared dog .",0
the story follows them and the people they encounter on their way to their destination .,0
"what bloody sunday lacks in clarity , it makes up for with a great , fiery passion .",1
"a french foreign exchange student , named genevieve , comes to a small town in texas to attend a local high school where she shacks up with the school's popular head cheerleader , starla , and her parents .",0
screenwriter dan schneider and director shawn levy substitute volume and primary colors for humor and bite .,1
"desperate to help her father , katie enlists the help of her two best friends , clay and austin , in a wild plan to rob the bank where her mother works .",0
"obsessed by the world of pool , johnny ( mars callahan ) could be one of the best .",0
"the cumulative effect of watching this 65-minute trifle is rather like being trapped while some weird relative trots out the video he took of the family vacation to stonehenge . before long , you're desperate for the evening to end .",1
suffers from unlikable characters and a self-conscious sense of its own quirky hipness .,1
"slowly , patricia regains her joy of life although living in complete isolation .",0
edi is severely punished for that but he accepts his fate taking care of the girl's child .,0
"despite all evidence to the contrary , this clunker has somehow managed to pose as an actual feature movie , the kind that charges full admission and gets hyped on tv and purports to amuse small children and ostensible adults .",1
"still , it might come true , if she would handle her life more genuinely .",0
he is living a life of luxury in a huge mansion and a mercedes in the driveway .,0
"a little girl steals from the jar , containing her poor family's meager savings .",0
"visually imaginative , thematically instructive and thoroughly delightful , it takes us on a roller-coaster ride from innocence to experience without even a hint of that typical kiddie-flick sentimentality .",1
"the only camouflage carvey should now be considering is a paper bag to wear over his head when he goes out into public , to avoid being recognized as the man who bilked unsuspecting moviegoers .",1
"benigni's pinocchio is extremely straight and mind-numbingly stilted , its episodic pacing keeping the film from developing any storytelling flow .",1
yoyo and cheung promise to get marry in order to please their mothers .,0
it's that rare family movie -- genuine and sweet without relying on animation or dumb humor .,1
part of the film's cheeky charm comes from its vintage schmaltz .,1
"as the strange thefts escalate , detective phil barbara ( gale harold ) is assigned to the case and is soon on chep and fran's trail .",0
"although purportedly a study in modern alienation , it's really little more than a particularly slanted , gay s/m fantasy , enervating and deadeningly drawn-out .",1
"a boring , pretentious muddle that uses a sensational , real-life 19th-century crime as a metaphor for -- well , i'm not exactly sure what -- and has all the dramatic weight of a raindrop .",1
"here , in his swiss town , he catches a bus to work , closing his eyes but realizing the horror of his existence .",0
it has more than a few moments that are insightful enough to be fondly remembered in the endlessly challenging maze of moviegoing .,1
"the action-packed caper revolves around a 12-year old girl who , with the help of two friends , robs the state-of-the-art bank where her mother works to acquire the cash needed for a costly operation to save her dying father .",0
a private eye in the mold of those great 40's movie detectives .,0
"despite cramming in numerous clichés , mehta still manages to put a fresh and funny spin on the proceedings .",1
mrs meitlemeihr is a film that dares to ask one of the greatest what-if-questions of the century .,0
"my big fat greek wedding is that rare animal known as 'a perfect family film , ' because it's about family .",1
"amidst the ever continuous vitality of america , the color photograph , eve yearns for a stillness , a black and white print that will soothe her soul .",0
"after this unusual , tragic experience , paul begins to realize that he has just lost his mom .",0
an utterly compelling 'who wrote it' in which the reputation of the most famous author who ever lived comes into question .,1
so she invites niko to finish his erotic tale over a drink at her apartment !,0
"each vision shows the son at a different age and at a different stage in his pursuit of his life long love , isabelle .",0
polanski has found the perfect material with which to address his own world war ii experience in his signature style .,1
silicon valley 1999 : a new gold rush is sweeping through california .,0
steers turns in a snappy screenplay that curls at the edges ; it's so clever you want to hate it . but he somehow pulls it off .,1
"what full frontal lacks in thematic coherence it largely makes up for as loosey-goosey , experimental entertainment . still , i'm not quite sure what the point is",1
"the story revolves around a dying father and his son , who is trying to learn more about his dad by piecing together the stories he has gathered over the years .",0
"in 1968 poland expelled the last remaining jews from what once used to be the largest jewish settlement in the world , effectively ending over thousand year long history .",0
the film is told in flashbacks with a female reporter interviewing gale .,0
the film shows the surreal side of routines that seem simple and ordinary .,0
"but when his feelings for the decidedly unavailable ricki begin to grow , and he actually becomes concerned for brian , tough guy gigli begins to transform into an actual human being . . . which",0
a love story played out against a backdrop of political and religious upheaval .,0
"an overemphatic , would-be wacky , ultimately tedious sex farce .",1
candice ( leslie ) is invited spend a weekend with her boyfriend in a deserted victorian mansion .,0
"while their first few meetings are innocent enough , the obsessive and seductive madison wants more - much more .",0
"he returns with his wife , mercedes , an argentinean he met in spain , and his two adolescent children , mateo and cayetana , born in the same country and forced into a land they know only throught the biased tales of their parents .",0
only through tremendous will and uncanny luck did he once again rise as the kid who stays in the picture .,0
"one day , he came to her and asked her to have dinner and drive her home .",0
the action of the story derives from the collision of these two competing worlds .,0
he then dedicates himself to making sure the video tape is released to the public .,0
"the film shows the relationship of the couple in love mid hope , difficulties , and misencounters in a beautiful and violent metropolis .",0
"the two meet after years of separation when clara returns to the barrio to visit her father , roman ( ricky davao ) .",0
"when sarah's dog disappears into the forest , she becomes completely lost trying to find him .",0
"the story takes place in rural vermont , against the backdrop of the state capitol , where civil union laws are being debated along with gun control and dwis .",0
"while some of the subplots are very sketchy and the motivations of some of the characters are not clear , it is a journey worth taking because of the wondrous imagery .",1
the story starts with phillips and a cohort robbing a store and injuring a salesperson .,0
"christin has been working at a hotel owned by budcasso , her friend's fianc&#233 ; .",0
"in all , this is a watchable movie that's not quite the memorable experience it might have been .",1
"each of the five patients realise their dreams individually , but ultimately they decide to choose for each other and the familiarity of their own place .",0
"jake , a . k . a . michael turner , has nine days to fill his brother's place .",0
enough to ensure adrien's family's future and to give werner one last opportunity to face death head on . . .,0
"when dwindling membership and increasing overheads makes the bowling club a prime candidate for a takeover , it's all hands on deck to save the club .",0
"a heartfelt , understated and occasionally heavy-handed slice of heartland .",1
"talk to her is excellent movie-making and much of it is wondrous , but my conscience won't allow me to be devoted to unconditionally singing its praises .",1
their plan is to sell it to wealthy arabs .,0
"a hugely rewarding experience that's every bit as enlightening , insightful and entertaining as grant's two best films -- four weddings and a funeral and bridget jones's diary .",1
"gino and settimo try to repay roberto's hospitality by chasing off a debt collector who wants his property , but their strong arm tactics alarm him and he realises they aren't the pr consultants they claimed to be liquor store night clerk jose ( freddie ganno ) has two dreams : winning the state lottery and winning the heart of a lovely young shoe store salesperson , diana ( christi adams ) .",0
the only way around this is using illegal simulated identity implants ( sims ) .,0
many years have passed since the secret knight avenged his family by slaying the evil knight .,0
"it's one of those baseball pictures where the hero is stoic , the wife is patient , the kids are as cute as all get-out and the odds against success are long enough to intimidate , but short enough to make a dream seem possible .",1
"poets is essentially a travelogue of the british isles , juxtaposed with an anthology of classical and contemporary verse , macro-cosmic in scope , microcosmic in its singular intensity .",0
"in painting an unabashedly romantic picture of a nation whose songs spring directly from the lives of the people , the movie exalts the marxian dream of honest working folk , with little to show for their labor , living harmoniously , joined in song .",1
"it's fun , wispy , wise and surprisingly inoffensive for a film about a teen in love with his stepmom .",1
i was perplexed to watch it unfold with an astonishing lack of passion or uniqueness .,1
"the movie is dawn of the dead crossed with john carpenter's ghosts of mars , with zombies not as ghoulish as the first and trains not as big as the second .",1
"the story remarks the difference between social classes in mexico city , and their characters risk everything just to save their love .",0
we follow the wacky exploits of the town's inhabitants from sassy saloon girls and amazonian behemoth parrots to hypnotist dentists and 400-pound tooth fairies .,0
a film with almost as many delights for adults as there are for children and dog lovers .,1
steve irwin's method is ernest hemmingway at accelerated speed and volume .,1
"based on actual accounts , the untold is the story of harlan knowles ( lance henriksen ) , billionaire and president of bio-comp industries who heads up a team of experts in a quest to locate a company plane that disappeared over the remote forests of the pacific northwest .",0
will the doctor be able to save komal from the don ?,0
"after repeated trips to cuba , the schendel brothers succeed in taking a close look into the underground world of cuban cars , finding along the way a gallery of eccentric characters - the curators of the largest , living , automobile museum in the world .",0
thinking this will be his chance to go out on top victor soon finds out that he has been double crossed and his last option is to get revenge .,0
the film tells a story of two scrap pickers - the title hero edi and his friend jureczek .,0
"it's then up to mining engineer chris mccormack and sheriff sam parker to mobilize an eclectic group of townspeople , including the sheriff's young son , mike , her daughter , ashley and paranoid radio announcer harlan , into battle against the bloodthirsty eight-legged beasts .",0
"one day , in a moment of reconciling , the father tells mateo his secret , unleashing a wave of events that will change their lives forever .",0
"the characters . . . are paper-thin , and their personalities undergo radical changes when it suits the script .",1
this comic gem is as delightful as it is derivative .,1
"harry , a world-weary career criminal masquerading as a priest , takes to the road with escaped convict nate and his jailbait girlfriend angel .",0
director oliver parker labors so hard to whip life into the importance of being earnest that he probably pulled a muscle or two .,1
"in his memoirs , guevara recounts adventures he , and best friend alberto granado , had while crossing south america by motorcycle in the early 1950s .",0
'the château is never quite able to overcome the cultural moat surrounding its ludicrous and contrived plot . ',1
"they then took over a pub in glenrowan , where they basically held a party , waiting for a train full of police to derail at a part of the track that they tore up .",0
"but katherine holds her back , not to let interfere anything with her successful career .",0
"it will come as no surprise that the movie isn't scary . but here's the real damn : it isn't funny , either .",1
"it's too harsh to work as a piece of storytelling , but as an intellectual exercise -- an unpleasant debate that's been given the drive of a narrative and that's been acted out -- the believer is nothing less than a provocative piece of work .",1
"mr . deeds is sure to give you a lot of laughs in this simple , sweet and romantic comedy .",1
"directed without the expected flair or imagination by hong kong master john woo , windtalkers airs just about every cliche in the war movie compendium across its indulgent two-hour-and-fifteen-minute length .",1
"suffering from his flashbacks , vince doesn't realize that ellen has also disappeared from the cemetery , right before his eyes .",0
"shot on wide screen digibeta , sendak with his night kitchen theater partner , arthur yorinks and pilobolus artistic directors robby barnett , michael tracy , and jonathan wolken shows us the tenacity and wit that drive the creative process when serious artists work together .",0
"not only does the movie fail to make us part of its reality , it fails the most basic relevancy test as well .",1
"in 1946 , tests began using nazi v-1 "" buzz bombs "" launched from the decks of american diesel submarines .",0
"the idea of 49-year-old roberto benigni playing the wooden boy pinocchio is scary enough . the reality of the new live-action pinocchio he directed , cowrote and starred in borders on the grotesque .",1
the advantage of a postapocalyptic setting is that it can be made on the cheap . any rock pile will do for a set . reign of fire has the disadvantage of also looking cheap .,1
the threat implied in the title pokémon 4ever is terrifying  like locusts in a horde these things will keep coming .,1
"once she lets her love depraved leads meet , [denis'] story becomes a hopeless , unsatisfying muddle",1
"the wonderful combination of the sweetness and the extraordinary technical accomplishments of the first film are maintained , but its overall impact falls a little flat with a storyline that never quite delivers the original magic .",1
"frank spens his days paying for his past sins and steve wants to be dean martin in "" oceans 11 "" .",0
"the school administration calls in the acting sheriff to conduct "" a delicate and discrete investigation "" - a whitewash .",0
a shy aristocratic english woman falls in love with a dashing younger artist and then rejects him fearing what society may think .,0
stevie is already five minutes pregnant by her italian footballer husband .,0
will lightman is a hip londoner who one day realizes that his friends are all involved with the responsibilities of married life and that leaves him alone in the cold .,0
"there , they plot revenge on those who made fun of them , and especially the power-hungry christine .",0
"swims in mediocrity , sticking its head up for a breath of fresh air now and then .",1
"isn't as sharp as the original . . . despite some visual virtues , 'blade ii' just doesn't cut it .",1
"morrissette has performed a difficult task indeed - he's taken one of the world's most fascinating stories and made it dull , lifeless , and irritating .",1
"in this movie , de niro plays mitch preston , a hard-nosed , hardworking police detective .",0
it works its magic with such exuberance and passion that the film's length becomes a part of its fun .,1
"although olivier assayas' elegantly appointed period drama seems , at times , padded with incident in the way of a too-conscientious adaptation . . . its three-hour running time plays closer to two .",1
"a dark psychological drama , i love your work explores the pressures of fame and the difference between getting what you want and wanting what you get .",0
"they get on from the word go , but now dad needs a liver transplant and ludvig and harald set about raising the wherewithal .",0
harks back to a time when movies had more to do with imagination than market research .,1
"ritchie's film is easier to swallow than wertmuller's polemical allegory , but it's self-defeatingly decorous .",1
filmmaker rick mckay documents actor/illusionist james beaman's transformation from an attractive young actor to the legendary icon marlene dietrich .,0
amerika and zed are upset that kyle is spending more time with trasha than with them .,0
"as they sort out clues - it's a slight person , perhaps a woman , who walks with a leg brace and rides the bus - they also find a mutual attraction .",0
"mystery inc . ( daphne , fred , velma , shaggy , and scooby doo ) has broken up ; on the grounds of who has been solving their cases .",0
food for love endeavors and largely succeeds in lending equal weight to the emotional turmoil of its older and younger characters .,1
what about charlotte : can pally let his heart take the lead ?,0
the film has a terrific look and salma hayek has a feel for the character at all stages of her life .,1
it's hard not to like a film that has sky divers jumping out of helicopters to catch flying dragons in a big net .,1
he also shies away from the shallow young women that he and his friends micke and mario meet at bars .,0
"well , jason's gone to manhattan and hell , i guess a space station in the year 2455 can be crossed off the list of ideas for the inevitable future sequels ( hey , don't shoot the messenger ) .",1
woody allen can write and deliver a one liner as well as anybody . but i had a lot of problems with this movie .,1
"it may be a prize winner , but teacher is a bomb .",1
"fontaine masterfully creates a portrait of two strong men in conflict , inextricably entwined through family history , each seeing himself in the other , neither liking what he sees .",1
"something akin to a japanese alice through the looking glass , except that it seems to take itself far more seriously .",1
"that rare movie that works on any number of levels -- as a film of magic and whimsy for children , a heartfelt romance for teenagers and a compelling argument about death , both pro and con , for adults .",1
the irony is that this film's cast is uniformly superb ; their performances could have -- should have -- been allowed to stand on their own .,1
"a movie that's just plain awful but still manages to entertain on a guilty-pleasure , so-bad-it's-funny level .",1
"mr . jacobi's recitation is illustrated with a rush of sensuous nature imagery , beautifully photographed by mr . cox and hans sonneveld and underscored with a lush soundtrack by paul grabowsky .",1
"to the vast majority of more casual filmgoers , it will probably be a talky bore .",1
"often hilarious , well-shot and , importantly , entertaining , hell house is a fascinating document of an event that has to be seen to be believed .",1
"this may not have the dramatic gut-wrenching impact of other holocaust films , but it's a compelling story , mainly because of the way it's told by the people who were there .",1
"i've had more interesting -- and , dare i say , thematically complex -- bowel movements than this long-on-the-shelf , point-and-shoot exercise in gimmicky crime drama .",1
"the angst-ridden , affluent slacker characters are more grating than engaging .",1
"frei assembles a fascinating profile of a deeply humanistic artist who , in spite of all that he's witnessed , remains surprisingly idealistic , and retains an extraordinary faith in the ability of images to communicate the truth of the world around him .",1
a poignant lyricism runs through balzac and the little chinese seamstress that transforms this story about love and culture into a cinematic poem .,1
"the film follows three tracks : banks's slow recruitment of bennie , the set-up for the hit at a swank resort in mexico , and the fbi's close pursuit of banks , whom they want alive in hopes he'll rat out his bosses .",0
"i'm convinced i could keep a family of five blind , crippled , amish people alive in this situation better than these british soldiers do at keeping themselves kicking .",1
"if deuces wild had been tweaked up a notch it would have become a camp adventure , one of those movies that's so bad it starts to become good . but it wasn't .",1
your night horrors start to bleed into your day job .,0
"serry does a fine job of capturing the climate of the times and , perhaps unwittingly , relating it to what is happening in america in 2002 . but hard-to-believe plot twists force the movie off track in its final half hour .",1
"but sam decker still has a few tricks to teach the kids , and he's got some thingfs to learn from them .",0
"as a young writer , her fun loving , witty and kind personality represent everything that rio is not .",0
"though frodo's quest remains unfulfilled , a hardy group of determined new zealanders has proved its creative mettle .",1
"filled with hatred she seduced louie , her classmate who had a crush on her , to get back at him - and as a favor she would go to bed with him .",0
"in the bank vault the young man discovers his name , jason bourne .",0
"an unpredictable blend of gal-pal smart talk , romantic comedy and dark tragedy that bites off considerably more than writer/director john mckay can swallow .",1
"angela gheorghiu as famous prima donna floria tosca , roberto alagna as her lover mario cavaradossi , and ruggero as the villainous , lecherous police chief scarpia , all sing beautifully and act adequately .",1
"beautifully acted , smart and funny . it steers clear of being a maudlin soap opera normally found on lifetime .",1
[griffith] adds another intriguing character to her formidable body of work .,1
a marvellous journey from childhood idealism to adolescent self-absorption .,1
"not a film for the faint of heart or conservative of spirit , but for the rest of us -- especially san francisco lovers -- it's a spirited film and a must-see .",1
"in this high-school coming of age romantic comedy and with 2 months of summer vacation ahead of them , fresh graduates kiki ( charlene choi ) and kammy ( gillian chung ) swear to look for their first boyfriends and bring them to show their schoolmates at the high school reunion .",0
"god appears in human form ( freeman ) and , endowing bruce with divine powers , challenges bruce to take on the big job to see if he can do it any better .",0
"in the meantime , she has had a little love affair with a young man from the village , found a girlfriend from her childhood days , swum in the sea , and found a way to live in peace with her melancholic memories .",0
"each has their reason for wanting to be there - fame , money , adventure .",0
the united states of america is notorious for its astronomical number of people killed by firearms for a developed nation without a civil war .,0
"it's not going to be everyone's bag of popcorn , but it definitely gives you something to chew on .",1
does not go far enough in its humor or stock ideas to stand out as particularly memorable or even all that funny .,1
"evokes a palpable sense of disconnection , made all the more poignant by the incessant use of cell phones .",1
"the unexplored story opportunities of "" punch-drunk love "" may have worked against the maker's minimalist intent but it is an interesting exercise by talented writer/director anderson .",1
"the film is enriched by an imaginatively mixed cast of antic spirits , headed by christopher plummer as the subtlest and most complexly evil uncle ralph i've ever seen in the many film and stage adaptations of the work .",1
"the aaa of action , xxx is a blast of adrenalin , rated eee for excitement . and vin diesel is the man .",1
"an absurd comedy about a parking enforcement officer , who - despite constant abuse from the public - finds truth , honour and serenity in the act of ticketing .",0
one afternoon they discover the corpse of a young woman floating in the water .,0
the film is so packed with subplots involving the various silbersteins that it feels more like the pilot episode of a tv series than a feature film .,1
"often messy and frustrating , but very pleasing at its best moments , it's very much like life itself .",1
you'd think by now america would have had enough of plucky british eccentrics with hearts of gold . yet the act is still charming here .,1
"when marisa's true identity is revealed , the two find that they are worlds apart , even though the distance separating them is just a subway ride between manhattan and the bronx .",0
"like a comedian who starts off promisingly but then proceeds to flop , comedian runs out of steam after a half hour .",1
a lapp woman anni gives a shelter to both of them at her farm .,0
". . . if you're just in the mood for a fun -- but bad -- movie , you might want to catch freaks as a matinee .",1
"now prisoners of war aboard u-boat 429 , a small group of american survivors will find their loyalties put to the ultimate test when they're forced to join their german captors to fight for their very lives .",0
"behind every suicide bombing there is at least one human story that ends , the story of the suicide bomber .",0
"all in all , the count of monte cristo is okay , but it is surely no classic , like the novel upon which it is based .",1
"durval and celia are charmed by the child at first , but soon they see some sad news about celia and kiki on tv that will change the whole situation .",0
"if the last man were the last movie left on earth , there would be a toss-up between presiding over the end of cinema as we know it and another night of delightful hand shadows .",1
plans go awry when the kingpin offers $100 million to anyone who can free him .,0
you'd be hard put to find a movie character more unattractive or odorous [than leon] .,1
"reaching to break the wishbone , thomas thinks of his ultimate dream - to see the sexy neighbor naked .",0
"armed with twenty dollars and a backpack , pastor william sets off on an unusual call from god to walk across the country preaching the gospel .",0
las horas es una de las obras que con mayor apasionamiento reflexiona acerca del hecho de vivir . . .,1
an entertaining but unspectacular film . pretty goofy at times - but the slick and gleefully self-indulgent violence will not disappoint the action fan .,1
"torn between two worlds , trey hides from his discomfort in an increasingly dangerous sexual addiction that threatens to destroy not only his new startup ideas , it may destroy his life .",0
a bored secretary in the holiday firm funtime inc spends her time looking after the plants around her .,0
gradually we learn of joe's past relationship with the dead woman .,0
""" notebook "" follows a young couple ( mcadams and gosling ) who meet in their teens and are reunited after world war ii .",0
"none of his actors stand out , but that's less of a problem here than it would be in another film : characterization matters less than atmosphere .",1
hollywood has taken quite a nosedive from alfred hitchcock's imaginative flight to shyamalan's self-important summer fluff .,1
"chance is a black comedy about how hard it is to find "" the one "" .",0
she kills chow lui with cyanide hidden in a pair of sunglasses .,0
"the couch - considered holy because certain hasidic rabbis had slept on it - survived wwii and is in the filmmaker's great grandfather's house in rohod , a northeast hungarian town .",0
it wouldn't be my preferred way of spending 100 minutes or $7 . 00 .,1
"although the level of the comedy declines as the movie proceeds , there's no denying the fun of watching de niro and crystal having fun .",1
"the mystery inc . gang have gone their separate ways and have been apart for two years , until they each receive an invitation to spooky island .",0
"the sister kills herself when she finds out there is no money to pay for her transplant , and while he is burying her body near the stream they used to play in , the daughter accidentally drowns .",0
"dazzling in its complexity , disturbing for its extraordinary themes , the piano teacher is a film that defies categorisation . it haunts , horrifies , startles and fascinates ; it is impossible to look away . ah yes , and then there's the music . . .",1
the limited sets and small confined and dark spaces also are homages to a classic low-budget film noir movie .,1
those who want to be jolted out of their gourd should drop everything and run to ichi .,1
gets under the skin of a man who has just lost his wife .,1
"watch as superfag with the help of his zany superfriends , taco chick and salsa girl , the incredible dyke , the bionic old lady , supermomma , disco diva , the wonder trannies and many more , fight against the evil fiend , professor peckerhead who attempts to rid the world of homosexuality forever !",0
"a serial killer is on the loose and kills herbert's assistant , dan cain .",0
"that rare film whose real-life basis is , in fact , so interesting that no embellishment is needed .",1
"at times auto focus feels so distant you might as well be watching it through a telescope . yet in its own aloof , unreachable way it's so fascinating you won't be able to look away for a second .",1
in comparison to his earlier films it seems a disappointingly thin slice of lower-class london life ; despite the title . . . amounts to surprisingly little .,1
this sort of cute and cloying material is far from zhang's forte and it shows .,1
"a brilliant pianist , a polish jew , witnesses the restrictions nazis place on jews in the polish capital , from restricted access to the building of the warsaw ghetto .",0
"this boisterous comedy serves up a cruel reminder of the fate of hundreds of thousands of chinese , one which can only qualify as a terrible tragedy .",1
"he enlists the support of other prisoners including crips , bloods and a very powerful jamaican mobster and is able to expand his drug empire .",0
"a full experience , a love story and a murder mystery that expands into a meditation on the deep deceptions of innocence .",1
this startling film provides a gritty look into american politics in the new south .,0
"just like every other seagal movie , only louder and without that silly ponytail .",1
"director duncan roy impressively presents aka through three simultaneous frames rather than one , offering the audience a deeper and more complex perspective through which to view dean's engrossing story .",0
"another big , dumb action movie in the vein of xxx , the transporter is riddled with plot holes big enough for its titular hero to drive his sleek black bmw through .",1
"an inept , tedious spoof of '70s kung fu pictures , it contains almost enough chuckles for a three-minute sketch , and no more .",1
"you needn't be steeped in '50s sociology , pop culture or movie lore to appreciate the emotional depth of haynes' work . though haynes' style apes films from the period . . . its message is not rooted in that decade .",1
"purpo$e is a story about business in the new millenium , and a world shifted away from quality to quantity .",0
"embracing the afghan women's cause as a primary commitment , iara lee's short film not only spotlights the despair on both sides of the afghan-pakistan border , but also captures the hope and dignity that still define afghan men , women and children .",0
"simon , an angel sent by god shows jordan a clear path .",0
"one sunday , while all the town , including his wife and son , are piously praying mass , a miracle occurs .",0
but the break turns into a nightmare when sanjana starts hearing screams .,0
"familiar stranger chronicles stacy krebbs , a 19-year-old college student : who is viciously attacked one night in her home by a mysterious stalker .",0
"one of the best cat-and-mouse movies to come along in a while , leo has great fun in the role .",1
"a morality tale whose thought-provoking potential is hampered by a made-for-tv look , rigid performances and an asinine 'twist' that brazenly rips off the sixth sense .",1
the elders are surprised and delighted when they learn this lesson first hand .,0
"a powerful and telling story that examines forbidden love , racial tension , and other issues that are as valid today as they were in the 1950s .",1
"a psychological thriller with a genuinely spooky premise and an above-average cast , actor bill paxton's directing debut is a creepy slice of gothic rural americana .",1
"by the end , you just don't care whether that cold-hearted snake petrovich ( that would be reno ) gets his comeuppance . just bring on the battle bots , please !",1
"but sue , angry and feeling abandoned by lynn , decides to carry out the killing herself .",0
he's got big plans and all the reckless passion he needs to follow them through .,0
"the essential problem in orange county is that , having created an unusually vivid set of characters worthy of its strong cast , the film flounders when it comes to giving them something to do .",1
"so infectious , so colorful , so exhilarating , that you almost forget that at its core , it's merely a curry-inflected remake of father of the bride , with snippets of other films thrown in .",1
"even if the ride's a little bumpy , with a final lap that's all too suspiciously smooth , you gotta give director roger michell , best known for the superfluous notting hill , credit for trying .",1
it gets old quickly . watch barbershop again if you're in need of a cube fix--this isn't worth sitting through .,1
"all ends well , sort of , but the frenzied comic moments never click .",1
"a documentary which revolves around a shelter for battered women in tampa , florida .",0
"a sweet-natured reconsideration of one of san francisco's most vital , if least widely recognized , creative fountainheads .",1
"lan yu seems altogether too slight to be called any kind of masterpiece . it is , however , a completely honest , open-hearted film that should appeal to anyone willing to succumb to it .",1
"after finishing the open examination for form 5 students and applying for an adult identity card , yoyo , eighteen , departs for london to meet a guy introduced by her well-meaning parents in britain .",0
"the most memorable moment was when green threw medical equipment at a window ; not because it was particularly funny , but because i had a serious urge to grab the old lady at the end of my aisle's walker and toss it at the screen in frustration .",1
the character of zigzag is not sufficiently developed to support a film constructed around him .,1
"arvasu prepares to marry outside his brahmin caste - but for this , according to the tribal custom , he has to present himself before nittilai's village elders .",0
the film's tone and pacing are off almost from the get-go .,1
"an occasionally funny , but overall limp , fish-out-of-water story .",1
disney has always been hit-or-miss when bringing beloved kids' books to the screen . . . tuck everlasting is a little of both .,1
"when a male friend commits suicide , he leaves all of his belongings to his friends .",0
it comes the closest to any movie experience i've had in re-creating the aftermath of unexplained suicide .,1
a crisply made movie that is no more than mildly amusing .,1
"while in jail they usually have fights with the security guard , a overweight lunatic .",0
family togetherness takes a back seat to inter-family rivalry and workplace ambition&#133 ; whole subplots have no explanation or even plot relevance .,1
he faces the hostility and malice of the modern world .,0
during the course of the story we follow our hero as he attempts to single-handedly save the country from falling into the hands of a despot .,0
"the animation merely serves up a predictable , maudlin story that swipes heavily from bambi and the lion king , yet lacks the emotional resonance of either of those movies .",1
"the sum of all fears pretends to be a serious exploration of nuclear terrorism , but it's really nothing more than warmed-over cold war paranoia .",1
"after their relationship falters , shane begins to think he might be unlucky and turns to gambling as an outlet for his obsession .",0
"this is a labor of love , and while it may not be slick , it is an endearing look at one man's selflessness and one team's determination .",1
too infuriatingly quirky and taken with its own style .,1
the dea finally convinces the chinese military that robert may be of more help to them outside jail by leading them to the real smugglers .,0
this 90-minute dud could pass for mike tyson's e ! true hollywood story .,1
"lando , frustrated with isabel's conservatism and idealism , turns his attention to clara , which irked isabel .",0
"personal tragedies , however , threaten to rip the band apart , rocking the foundation of friendship and trust the women have built together .",0
"it also touches on the encroachment of christianity brought by the missionaries , which is at odds with mepe's tribal and traditional roots .",0
"a somewhat crudely constructed but gripping , questing look at a person so racked with self-loathing , he becomes an enemy to his own race .",1
"welles groupie/scholar peter bogdanovich took a long time to do it , but he's finally provided his own broadside at publishing giant william randolph hearst .",1
"two brothers inherit an old , broken down carousel on an abandoned boardwalk in new jersey .",0
merchant hasn't directed this movie so much as produced it -- like sausage .,1
but grace has a secret and it is a dangerous one .,0
"peralta captures , in luminous interviews and amazingly evocative film from three decades ago , the essence of the dogtown experience .",1
"in building a home-made bomb and setting off a plan that fails miserably , her status changes from young widow to that of a criminal in custody .",0
"being a sayles film , this has a way of looking at things with more patience and maturity than a plot summary might lead us to expect .",1
no one can guess who the next killer will be or how to break the chain .,0
"by following his own heart and believing in himself , he finds true love his own way in the form of the beguiling doreen the po'boys - a band of four musicians - once had a hit single .",0
"the two leads are almost good enough to camouflage the dopey plot , but so much naturalistic small talk , delivered in almost muffled exchanges , eventually has a lulling effect .",1
"with the help of the sulty nina , sitting alone in the center of the restaurant , simone gets caught up in the flirting , fighting and food and discovers that sometimes , the best things may not be on the menu .",0
"despite suffering a sense-of-humour failure , the man who wrote rocky does not deserve to go down with a ship as leaky as this .",1
"more of the same from taiwanese auteur tsai ming-liang , which is good news to anyone who's fallen under the sweet , melancholy spell of this unique director's previous films .",1
"he must set out to find her the medicine that will help ale her illness but finds himself in a predicament where he encounters trouble , evil and of course love .",0
"mcgrath has deftly trimmed dickens' wonderfully sprawling soap opera , the better to focus on the hero's odyssey from cowering poverty to courage and happiness .",1
"it takes a really long , slow and dreary time to dope out what tuck everlasting is about . so here it is : it's about a family of sour immortals .",1
"this starts off with a 1950's doris day feel and it gets very ugly , very fast . the first five minutes will have you talking 'til the end of the year !",1
she must look beyond her history with men into a childhood that stopped short because of a shocking event that she has buried deep inside herself .,0
"instead , he tells her that her life has no meaning , and is going to end in just a few days , which sparks her to action , trying to change the pattern of her life . . .",0
"as it spreads among the friends , their true feelings and personalities emerge as they struggle to survive the virus and each other .",0
this in-depth study of important developments of the computer industry should make it required viewing in university computer science departments for years to come .,1
"plot strands involve a trio of lost transvestites , two girls who never leave the toilets , a pair of innocent under-age drinkers and a guy who is determined to pierce his genitalia , but the central story follows ali as she sets out to humilate her former lover , mike , who slept with another woman .",0
director nalin pan doesn't do much to weigh any arguments one way or the other . he simply presents his point of view that ayurveda works . no question .,1
the story really has no place to go since simone is not realshe can't provide any conflict .,1
"determined not to let this opportunity slip by , she vows to act on that information right away .",0
november 1918 the army of soviet union conquers narva&#180 ; s and petser&#180 ; s cities in spite of their peaceful announcements .,0
a movie so bad that it quickly enters the pantheon of wreckage that includes battlefield earth and showgirls .,1
the clues are few and time is running out for the students of rogers high school .,0
"regardless , it is through grace's visions involving him that she learns of her parent's demonic pastimes , which include abduction , murder , and possibly worse .",0
"bernal . . . gives an ambiguous performance ; he's a lightweight actor , but that's a positive quality when portraying a man on whom nothing leaves a permanent mark .",1
soon the evil boss learns about sienna's affair with kilabot and kidnaps her to exact revenge .,0
"the story unveils three high school seniors who dress and live by the philosophy of "" goth , "" good friends and great rebels : digger , noisy , and dvd .",0
he seeks the wisdom of his friend and confidant saiid and together their attempts to give niche his identity leads to more problems . . . in,0
"just entertaining enough not to hate , too mediocre to love .",1
"though lan yu lacks a sense of dramatic urgency , the film makes up for it with a pleasing verisimilitude .",1
the first hour alone is worth the admission price .,1
"when zidanes refuses , christin decides to fake a suicide attempt , hoping budcasso will take pity on her .",0
"amid a towering forest of shimmering crystals , they begin to explore this ancient marvel .",0
"when her aunt sends her a pair of shoes instead of the money to start up the restaurant , she angrily sells the useless gift for spare change .",0
"everyday prisoners are led out in chain gangs to work the swamps and untamed bayous , festered with poisonous snakes and alligators .",0
a new york city oil company troubleshooter is brought to a remote b . c .,0
"because the film deliberately lacks irony , it has a genuine dramatic impact ; it plays like a powerful 1957 drama we've somehow never seen before .",1
"stalked by a hulking , disfigured mutant , the students and their chaperone are in for the most harrowing time of their young lives .",0
uno de los policiales más interesantes de los últimos tiempos .,1
but how shall they bring the news of failure to the grand councilwoman without being punished ?,0
"in unit 16b at platypus rise flats , two hard and damaged women living on a diet of soapies , sarcasm and frustration are about to reach breaking point .",0
the movie eventually snaps under the strain of its plot contrivances and its need to reassure .,1
"the grandfather teaches the boy a small lesson about growing up , while the boy helps the grandfather , a holocaust survivor , open up and tell his story , for the first time .",0
[seagal's] strenuous attempt at a change in expression could very well clinch him this year's razzie .,1
"ben affleck as jack ryan , tom clancy's intrepid hero ? ridiculous . what's next ? d . j . qualls as indiana jones ? or tom green as han solo ?",1
feels like six different movies fighting each other for attention .,1
uzumaki's interesting social parallel and defiant aesthetic seems a prostituted muse . . .,1
"in the end , all you can do is admire the ensemble players and wonder what the point of it is .",1
wanted : lost soul to look after 4 woman .,0
"the film fits into a genre that has been overexposed , redolent of a thousand cliches , and yet remains uniquely itself , vibrant with originality .",1
"stifler plans to throw the ultimate bachelor party , and finch is not for letting stifler steal the maid of honor , who happens to be michelle's sexy younger sister , cadence .",0
john was one of the first porn stars to push for aids testing in the porn industry .,0
"one day there is an ordinary row in the local saloon , but one of the trouble makers , called prosit , shows up to be baron werner amadeus von luckner .",0
"jake had no idea he had a twin brother , let alone that he worked for the cia .",0
"after an attempt is made on his life by unknown gunmen , whom he kills them all using martal arts skills he didn't know he had , he learns that all of his dreams of a past life are real and that for the past three years he was raised by the couple after finding him in a river , half-dead with five bullet wounds in him .",0
"haneke keeps us at arm's length . guided more by intellect than heart , his story flattens instead of sharpens .",1
""" one hell of a christmas "" is a dark and action packed comedy that takes place in a modern city as well as in a fearful underworld .",0
rugged contractor rick eyes beth but ends up going home with the more assertive debby .,0
"french director helene angel's dark but deftly handled fable about familial violence has a terrifying , fairy-tale atmosphere that's in perfect keeping with its unique point of view .",1
audiences can be expected to suspend their disbelief only so far -- and that does not include the 5 o'clock shadow on the tall wooden kid as he skips off to school .,1
meanwhile the kids find a stray dog who needs a home .,0
a wonderfully speculative character study that made up for its rather slow beginning by drawing me into the picture .,1
ranks among the best films ever made about the acting profession .,1
this is a film version of the play they wrote based on more than 200 interviews they conducted in laramie .,0
it's not as awful as some of the recent hollywood trip tripe . . . but it's far from a groundbreaking endeavor .,1
larry goldberg is the owner of a second-hand bookstore in amsterdam .,0
"for all the wit and hoopla , festival in cannes offers rare insight into the structure of relationships .",1
"it is supremely unfunny and unentertaining to watch middle-age and older men drink to excess , piss on trees , b . s . one another and put on a show in drag .",1
"die another day is only intermittently entertaining but it's hard not to be a sucker for its charms , or perhaps it's just impossible not to feel nostalgia for movies you grew up with .",1
the conflict arose because selling rights to the land that is now vermont was given to both new hampshire and new york .,0
"although he has feelings on the inside , he is only able to mimic the emotions around him .",0
"irish eyes are crying explores the relationship between two irish-american brothers in boston born to immigrant parents and raised in a rough , working class irish neighborhood .",0
"her stalker looks threatening but his manner seems to suggest that he is just a confused social outcast , trapped in an obsessive , repetitive rut that revolves around anna .",0
"an inexperienced director , mehta has much to learn .",1
"will he become a grandfather , surrounded by the love and support of a family or will he retreat into his world of memories and lost opportunities ?",0
"like its two predecessors , 1983's koyaanisqatsi and 1988's powaqqatsi , the cinematic collage naqoyqatsi could be the most navel-gazing film ever .",1
"the new insomnia is a surprisingly faithful remake of its chilly predecessor , and when it does elect to head off in its own direction , it employs changes that fit it well rather than ones that were imposed for the sake of commercial sensibilities .",1
"within the drama , another of the principal persons is a corrupt cia agent sands who at that time , demands retribution from his worst enemy in order to carry out the drug lord's uprising against the government .",0
a picture as charmingly insubstantial as the world it invokes .,1
"they gradually find themselves drawn to each other but , as their remarkable story plays out , the obstacles to their happiness prove all but insurmountable .",0
"pretension , in its own way , is a form of bravery . for this reason and this reason only -- the power of its own steadfast , hoity-toity convictions -- chelsea walls deserves a medal .",1
there's also a local detective ( swank ) who is conducting her own personal investigation . . .,0
with the prospect of films like kangaroo jack about to burst across america's winter movie screens it's a pleasure to have a film like the hours as an alternative .,1
"apparently designed as a reverie about memory and regret , but the only thing you'll regret is remembering the experience of sitting through it .",1
"broomfield reminds us that beneath the hype , the celebrity , the high life , the conspiracies and the mystery there were once a couple of bright young men -- promising , talented , charismatic and tragically doomed .",1
"a remake of the danish blockbuster "" klatretosen , "" catch that girl is described as "" ocean's 11 "" or "" mission : impossible "" for kids .",0
i'm not exactly sure what this movie thinks it is about .,1
"not only must they overcome an enemy adept at technological witchery , they must overcome the curse that marks their destiny .",0
"with spy kids 2 : the island of lost dreams , the spy kids franchise establishes itself as a durable part of the movie landscape : a james bond series for kids .",1
a solid piece of journalistic work that draws a picture of a man for whom political expedience became a deadly foreign policy .,1
"down and out rock star dewey finn ( black ) gets fired from his band , and he faces a mountain of debts and depression .",0
"we participate in a world full of joy , hate , love and racism .",0
the word in las vegas is that he is dead .,0
"diesel stars as xander "" xxx "" cage , the notorious underground thrill seeker who until now has been deemed untouchable by the law .",0
"desperate , neurotic gloria goes on an emotional roller coaster ride when her boyfriend of three and a half weeks , kip sends her yellow roses .",0
"this is a smart movie that knows its classical music , knows its freud and knows its sade .",1
the story captures the dilemma of gifted musicians turning music into a professional career without losing artistic integrity and soul .,0
"it tries too hard , and overreaches the logic of its own world .",1
nine year old brian billings has been diagnosed with an acute fear of the dark .,0
"the emperor's club is one of those films that possesses all the good intentions in the world , but . . .",1
"their daughter rachel cleans in a home for elderly people , and their son rory is unemployed and aggressive .",0
due to unfortunate circumstances he is forced to flee his former brothers in arms .,0
"upsetting and thought-provoking , the film has an odd purity that doesn't bring you into the characters so much as it has you study them .",1
zack takes his cue and the magic show starts but who wants to watch ?,0
"like the best of godard's movies . . . it is visually ravishing , penetrating , impenetrable .",1
"it's not an important picture , and probably not even a memorable one , but i had a good time .",1
"although the editing might have been tighter , hush ! sympathetically captures the often futile lifestyle of young people in modern japan .",1
"inside , an old man lies ill on a bed , attended by his son and daughter-in-law .",0
a comedy adventure in the tradition of thelma and louise meets the grumpy old men .,0
"the tucks try to teach her how she shouldn't fear death , how they would give anything to die .",0
"years later , at the inauguration of the 'paradise-casino' , patricia announces to a stunned crowd and a flabbergasted katherine that she immediately retires from showbusiness .",0
but progress is frustrated when dr chu becomes a victim of the copy-cat killings herself .,0
"his dream had vanished , so he went home and got a job at his fathers gas station in virgil grove , population 28 .",0
"broomfield's style of journalism is hardly journalism at all , and even those with an avid interest in the subject will grow impatient .",1
those of you who are not an eighth grade girl will most likely doze off during this one .,1
"koishi also has a personal mission to fulfil in malaya to find the malay man who married his mother ( in other words , his father ) when she served as a japanese spy prior to the occupation .",0
"the acting is amateurish , the cinematography is atrocious , the direction is clumsy , the writing is insipid and the violence is at once luridly graphic and laughably unconvincing .",1
"unfortunately , heartbreak hospital wants to convey the same kind of haughtiness in its own sketchy material but this territory has already been explored previously with better aplomb and sardonic wit .",1
"as predictable as the outcome of a globetrotters-generals game , juwanna mann is even more ludicrous than you'd expect from the guy-in-a-dress genre , and a personal low for everyone involved .",1
things got out of hand and led to a tragic ending .,0
"leave it to the french to truly capture the terrifying angst of the modern working man without turning the film into a cheap thriller , a dumb comedy or a sappy melodrama .",1
most of the information discussed in this portion of the film has never been made public before .,0
"you can fire a torpedo through some of clancy's holes , and the scripters don't deserve any oscars . but the nerve-raked acting , the crackle of lines , the impressive stagings of hardware , make for some robust and scary entertainment .",1
"but when de niro finds out the woman has been targeted for murder , he and his agoraphobic roommate are forced to leave the apartment ( after six years ) to save her life .",0
"combining historical documentation , personal stories , and interviews with noted experts and legislators , this documentary honors the dildo's fight for legitimacy and its many admirers .",0
this idea has lost its originality . . . and neither star appears very excited at rehashing what was basically a one-joke picture .,1
"greta is a sharp , spunky editor who is rotten with ambition .",0
"she is intrigued by his knowledge of shakespeare , manner of living and the fifteen perfectly organized bags beneath his bench .",0
"both overstuffed and undernourished . . . the film can't be called a solid success , although there's plenty of evidence here to indicate clooney might have better luck next time .",1
"beginning with the fundamental principle that the exercise of violence against civilian populations is terror , regardless of whether the perpetrator is a well-organized band of muslim extremists , or the most powerful state in the world .",0
it's one of the most honest films ever made about hollywood .,1
louis is a struggling painter whose life is turned upside down when his wish comes true and he becomes trapped in his own paintings .,0
. . . digs beyond the usual portrayals of good kids and bad seeds to reveal a more ambivalent set of characters and motivations .,1
"if this movie leaves you cool , it also leaves you intriguingly contemplative .",1
this is christmas future for a lot of baby boomers .,1
an unpleasant though sometimes effective psychological thriller that is noteworthy for being the film in which actress sandra bullock has gotten her act back together .,1
a by-the-numbers patient/doctor pic that covers all the usual ground,1
"since then , he was considered crazy by everyone in town , except for his childhood girlfriend , caitlin ( emma caulfield ) , and her younger brother .",0
"everything sets them apart , with only their imminent death in common .",0
nicely combines the enigmatic features of 'memento' with the hallucinatory drug culture of 'requiem for a dream . ',1
"there's a sweetness to it that's disarming and diverting -- mostly thanks to performances of slater , richard dreyfuss as his partner in crime , and portia di rossi as dreyfuss' daughter .",1
rupi who is totally devoted to kanna does try to convince ghisu .,0
"it's something of the ultimate scorsese film , with all the stomach-turning violence , colorful new york gang lore and other hallmarks of his personal cinema painted on their largest-ever historical canvas .",1
"da primeira seqüência de luta à piada que encerra a história , o espectador jamais desgruda os olhos da tela , saindo do cinema com a sensação de que gastou bem seu dinheiro .",1
the actors must indeed be good to recite some of this laughable dialogue with a straight face .,1
chapman is on trial for a murder of latin american villagers while he was in the marines .,0
"destined to make allen's fans around the world giggle , guffaw and shiver with delight .",1
miyazaki is one of world cinema's most wondrously gifted artists and storytellers .,1
although they don't even exchange glances he tells his friend of a love at first sight relationship between himself and the beautiful veronique .,0
"crumbling yerba city stands empty , except for its drug-parlors , where the remnants of the population cluster , drifting towards oblivion .",0
"based on the bram stoker award nominee short story by cult author joe r . lansdale , bubba ho-tep tells the "" true "" story of what really did become of elvis presley .",0
"forced to move back to his old job at a pizza parlor and into a rundown tenement where a number of oddballs wander the hall including a lonely middle aged woman ( mary coleston ) who makes spam casseroles for all the bachelors , a daffy prostitute ( krystina carson ) , and a spanish don juan ( manual cabra ) who wanders the halls in his bathrobe .",0
"the film's plot may be shallow , but you've never seen the deep like you see it in these harrowing surf shots .",1
the discoveries made by bob cornuke and larry williams will shock the world and rewrite history .,0
it is survival of the fittest as the friendships are pushed to the limit .,0
"[hayek] throws herself into this dream hispanic role with a teeth-clenching gusto , she strikes a potent chemistry with molina and she gradually makes us believe she is kahlo .",1
"after having a divine vision and speaking with jesus , she suddenly changes her look and usual ways , disturbing the local , ultra conservative population .",0
devdas was besotted by her stunning beauty and longed to have her back .,0
"as the geological fracture deepens and widens , the european community begins to disassociate itself from the calamity , and panic ensues among tourists and residents attempting to escape .",0
"with virtually no interesting elements for an audience to focus on , chelsea walls is a triple-espresso endurance challenge .",1
"tinke , a 9-year-old orphan from the wilderness , struggles to find her unknown , rich grandparents .",0
"the main story . . . is compelling enough , but it's difficult to shrug off the annoyance of that chatty fish .",1
"may take its sweet time to get wherever it's going , but if you have the patience for it , you won't feel like it's wasted yours .",1
"smith examines the intimate , unguarded moments of folks who live in unusual homes -- which pop up in nearly every corner of the country .",1
""" one look at a girl in tight pants and big tits and you turn stupid ? "" um . . isn't that the basis for the entire plot ?",1
"enter jack ( sarsgaard ) , a wall street investment banker with a business proposal that has victor's name ( and money ) written all over it .",0
"an alcoholic former schoolteacher hired as security finds himself a reluctant mentor to mouse , the impressionable boy ward of the pimp dewey .",0
that such a horrible movie could have sprung from such a great one is one of the year's worst cinematic tragedies .,1
"it won't hold up over the long haul , but in the moment , finch's tale provides the forgettable pleasures of a saturday matinee .",1
"the plan's to use the school auto shop to prep two police cars , stash the drugs in secret compartments and drive away safely .",0
"with a tone as variable as the cinematography , schaeffer's film never settles into the light-footed enchantment the material needs , and the characters' quirks and foibles never jell into charm .",1
so exaggerated and broad that it comes off as annoying rather than charming .,1
"now , when angered , he turns into a massive green behemoth with the mind of a child .",0
"so when a jamaican family move in next door and build a cricket net in the back garden , david is in seventh heaven .",0
"and if she's lucky , she may find love along the way .",0
"looking for a short cut to fame , glass concocted sources , quotes and even entire stories , but his deception did not go unnoticed forever , and eventually , his world came crumbling down . . .",0
"mary is an 18-year-old high school senior , and joe , her fianc&#233 ; , is 23 , working hard to get techweb established as an internet consulting firm .",0
"beneath clouds is the story of lena , the light-skinned daughter of an aboriginal mother and irish father and vaughn , a murri boy doing time in a minimum security prison in north west nsw .",0
"his religious devotion to the work is challenged however , when his best friend and personal mentor is run down by an irate motorist and knocked into a deep coma .",0
when their house is robbed on christmas eve they team up to track him down .,0
i have a confession to make : i didn't particularly like e . t . the first time i saw it as a young boy . that is because - damn it ! - i also wanted a little alien as a friend !,1
"the rich performances by friel -- and especially williams , an american actress who becomes fully english -- round out the square edges .",1
a carefully structured scream of consciousness that is tortured and unsettling--but unquestionably alive .,1
his dreams seemingly become shattered as caroline is married and has a daughter .,0
"84 minutes of rolling musical back beat and supercharged cartoon warfare . it's also , clearly , great fun .",1
big yard operates a child smuggling ring and 'superbob' must save dante or lose his son forever .,0
j&#243 ; hann is a 30 year old guesthouse owner isolated from the outside world following the death of his father .,0
"sent from the city to investigate the murder of a teenage girl in a small alaska town , a police detective ( pacino ) accidentally shoots his own partner while trying to apprehend a suspect .",0
"one well-timed explosion in a movie can be a knockout , but a hundred of them can be numbing . proof of this is ballistic : ecks vs . sever .",1
"great trash , one of those mediocre movies that in its own crass way is more enjoyable than most things that get nominated for oscars .",1
"it's a weepy , nail-biting story line that's all too familiar , although abbass portrays her character with strong conviction and carries the film gracefully .",1
. . . the movie just might be worth a rental if only for the sight of watching christopher walken belt out a musical number using only his hand and his armpit .,1
"( wendigo is ) why we go to the cinema : to be fed through the eye , the heart , the mind .",1
"this film is adapted from the play the fire and the rain by one of india's foremost playwrights , girish karnad .",0
the emotional overload of female angst irreparably drags the film down .,1
"the case is re-opened when two more bodies are discovered , both pregnant women .",0
amaro soon discovers that corruption and the church are old acquaintances in los reyes .,0
"a hard look at one man's occupational angst and its subsequent reinvention , a terrifying study of bourgeois desperation worthy of claude chabrol .",1
"because eight legged freaks is partly an homage to them , tarantula and other low- budget b-movie thrillers of the 1950s and '60s , the movie is a silly ( but not sophomoric ) romp through horror and hellish conditions .",1
"if it seems like a minor miracle that its septuagenarian star is young enough to be the nonagenarian filmmaker's son , more incredible still are the clear-eyed boldness and quiet irony with which actor and director take on life's urgent questions .",1
will david or matt learn the true meaning of love ?,0
it's anchored by splendid performances from an honored screen veteran and a sparkling newcomer who instantly transform themselves into a believable mother/daughter pair .,1
"but while no one wants to do the time for cosimo's crime , everybody seems to know a guy who will - and for a share , they're willing to track him down .",0
"unfortunately , the insurance would not cover his son's transplant .",0
"when gene returns , lillian finds herself caught in the middle of a triangle .",0
immediately there is bad blood with chambers not wanting to be second to no one which leads to a lunch room fight between the men .,0
her scholarship and her dreams are on the line and jenny takes an emotional roller coaster ride on the path to work it out .,0
"one night , tobias knifes his father in the back , and escape to switzerland .",0
"there are moments in this account of the life of artist frida kahlo that are among cinema's finest this year . unfortunately , they're sandwiched in between the most impossibly dry account of kahlo's life imaginable .",1
"death to smoochy is often very funny , but what's even more remarkable is the integrity of devito's misanthropic vision .",1
this will go on so long as there are moviegoers anxious to see strange young guys doing strange guy things .,1
a young couple is concerned about the future of their relationship as they anticipate their time apart .,0
"sebastien cortez is an up and coming film maker who has just gotten his big break in "" the biz . """,0
"but on the wedding day , they also sign a divorce agreement which is effective one year after their marriage .",0
"weirdly , broomfield has compelling new material but he doesn't unveil it until the end , after endless scenes of him wheedling reluctant witnesses and pointing his camera through the smeared windshield of his rental car .",1
"the only way out for johnny is to play brad , which results in a "" race to nine "" showdown that pits two of the greatest players against each other for large sums of money , and johnny and danny's lives .",0
"at the end of the 80s they went their separate ways with the exception of tim and hotte , who have remained true to their ideals and continue to fight the issues they did as a group .",0
"veteran actor serrault and rising newcomer seigner . . . pitch their performances perfectly , skilfully underplaying to match carion's understated direction .",1
i'm going to give it a marginal thumbs up . i liked it just enough .,1
"a strong first act and absolutely , inescapably gorgeous , skyscraper-trapeze motion of the amazing spider-man .",1
lucy is a theater student at the city university .,0
no amount of good intentions is able to overcome the triviality of the story .,1
"colorful , energetic and sweetly whimsical . . . the rare sequel that's better than its predecessor .",1
the script has less spice than a rat burger and the rock's fighting skills are more in line with steven seagal .,1
"this dark bittersweet drama focuses on roberta , a 350-lb secretary who loses her job and learns she is dying on the same day .",0
"this is not a retread of "" dead poets' society . """,1
"what's at stake in this film is nothing more than an obsolete , if irritating , notion of class .",1
"with fate closing in and time running out , the pressure mounts on greg to change , the only question is will it be too late ?",0
"paulie , a pot smoking proctologist who has a list of pre-requisites for dating which reads like "" war and peace . """,0
the kind of movie that seduces you into becoming putty in its manipulative card-sharking hands and making you enjoy being taken in by its shameless contrivance .,1
"steve and eric are average guys living average lives with their average wives in the small suburban town of freehold , new jersey .",0
character development is conveyed primarily through the combatants actions and the choices they make as they progress across their combat route .,0
"with the help of his trusty sidekick cousin anthony , the two venture on a wild adventure to discover the true meaning of christmas .",0
it all leads to more tragedy and the movie jumps to 12 years later .,0
"not all the fights , just enough to keep the audience , and the money coming back .",0
"delia , greta , and paula rank as three of the most multilayered and sympathetic female characters of the year . as each of them searches for their place in the world , miller digs into their very minds to find an unblinking , flawed humanity .",1
"when she finally realizes she will never be free with edgar , never have again what they had once , she must make a life and death decision .",0
when his mom named him after warren beatty . . .,0
"unlike most anime , whose most ardent fans outside japan seem to be introverted young men with fantasy fetishes , metropolis never seems hopelessly juvenile .",1
"he has to learn to accept ian ; ian has to learn to accept toula's huge family , and toula has to learn to accept herself .",0
eva dandridge is a very uptight young woman who constantly meddles in the affairs of her sisters and their husbands .,0
jonah was kind of like a mailman except his messages came straight from god .,0
"the hunky pizza guy , the mad scotsman and a parade of firemen all become invited guests - men almost out numbering the women .",0
"blade ii is as estrogen-free as movies get , so you might want to leave your date behind for this one , or she's gonna make you feel like you owe her big-time .",1
rebecca falls in love with lukas and soon feels more comfortable in the commune than she does at home .,0
valento feels the heat and turns the table : he makes the dupe into one of his own and rubs the da's nose in it .,0
the story is about a woman who works in some sort of facility and one night while she is on late shift the computers go crazy because they have been possesed by a spirit .,0
"may lack the pungent bite of its title , but it's an enjoyable trifle nonetheless .",1
but things go terribly wrong for the honest bank manager when he finds one of his own employees trying to con the customers .,0
"but starla soon learns that this french girl is not only smart , attractive , and naive , but quite conniving when geneviere , with no social life of her own , beings to take over starla's , starting with stealing the affections her parents , her friends and starla's boyfriend .",0
"granted , much of the marlovian argument is patently ridiculous ( was ben johnson really part of a massive cover-up ? ) but it's good fun .",1
the film favors the scientific over the spectacular ( visually speaking ) .,1
"it's steps , a film that draws its inspiration from the marx brother to monty python and it was done on such a shoe-string budget , it would make a studio executive blush .",0
"ethan fernier is obsessed with the horror movies of b-movie director , winston korman .",0
the film is way too full of itself ; it's stuffy and pretentious in a give-me-an-oscar kind of way .,1
"that storytelling has value cannot be denied . not even solondz's thirst for controversy , sketchy characters and immature provocations can fully succeed at cheapening it .",1
a chained to a rock finnish sniper-kamikadze wille managed to set himself free .,0
"until it goes off the rails in its final 10 or 15 minutes , wendigo , larry fessenden's spooky new thriller , is a refreshingly smart and newfangled variation on several themes derived from far less sophisticated and knowing horror films .",1
""" 13 conversations about one thing "" is an intelligent flick that examines many different ideas from happiness to guilt in an intriguing bit of storytelling .",1
a refreshing change from the usual whoopee-cushion effort aimed at the youth market .,1
eddie is investigated and forced to exile himself from his family until the matter is dealt with .,0
one of the more intelligent children's movies to hit theaters this year .,1
"as an exercise in stripped-down filmmaking , interview is grimly effective .",1
"the fact is that the screen is most alive when it seems most likely that broomfield's interviewees , or even himself , will not be for much longer .",1
"despite the holes in the story and the somewhat predictable plot , moments of the movie caused me to jump in my chair . . .",1
"the film is about the relationships rather than about the outcome . and it sees those relationships , including that between the son and his wife , and the wife and the father , and between the two brothers , with incredible subtlety and acumen .",1
"her strong relationship with her father , howard , is evident as she shares the hopelessness of her marriage .",0
"in the name of an allegedly inspiring and easily marketable flick , the emperor's club turns a blind eye to the very history it pretends to teach .",1
"a stone building , newly restored , stands in the clear light of the autumnal equinox .",0
what began as an audio-visual recording of the nine months of director jacqueline liebman's pregnancy as she and her boyfriend dealt with the fact that they were totally unprepared as parents .,0
they have to prepare for some action as the there will be a full moon tonight . . .,0
"genetically engineered to be immune to the drug , miles' strange charisma draws claire to him , but when he brutally guns down a group of harmless dissidents , she begins to doubt she can really trust anyone .",0
"later , one of the wives is found dead in the hot tub , setting off a series of events that reveal their inner beliefs .",0
"it seems like a perfect opportunity for kilo to get back to his family , but this job leads to a world of trouble for kilo after his release .",0
ancanar is on a constant search for what no one knew .,0
"their timing and desperate behavior trigger a horror so powerful , no six-shooter can put a dent in it .",0
matt lee has to stay a few steps ahead of his own police force and everyone he's trusted in order to find out the truth .,0
a small independent film suffering from a severe case of hollywood-itis .,1
"the last executioners of germany , the former east germany , france , hungary , yugoslavia and romania have faced the camera .",0
. . . an enjoyably frothy 'date movie' . . .,1
"simultaneously devastating and hilarious , the film manages to capture the daily rituals and mundanities of life in such engrossing proximity that everything becomes drama .",0
"even through its flaws , revolution #9 proves to be a compelling , interestingly told film .",1
the vistas are sweeping and the acting is far from painful .,1
"using almost no dialogue , the film follows a number of residents ( both human and animal ) of a small rural community in hungary - an old man with hiccups , a shepherdess and her sheep , an old woman who may or may not be up to no good , some folk-singers at a wedding , etc . while most of the film is a series of vignettes , there is a sinister and often barely perceptible subplot involving murder .",0
the title helpfully offers the most succinct review of it you'll read anywhere .,1
this is one of jaglom's most accessible and genuinely enjoyable films .,1
anderson has created the kind of unconventional 'romantic comedy' we might expect from him .,1
imagine a scenario where bergman approaches swedish fatalism using gary larson's far side humor,1
"but with cosimo stuck in the joint , it's up to his girl rosalind ( patricia clarkson ) to track down a patsy .",0
ferrara's strongest and most touching movie of recent years .,1
"maybe it is formula filmmaking , but there's nothing wrong with that if the film is well-crafted and this one is .",1
"stuffy , full of itself , morally ambiguous and nothing to shout about .",1
the results of the gene therapy are passed on to his son bruce .,0
"like mike is a winner for kids , and no doubt a winner for lil bow wow , who can now add movies to the list of things he does well .",1
i loved looking at this movie . i just didn't care as much for the story .,1
"it is not long before the doctor realizes that his underworld patient is in love with his own sister , so he decides to take her to malaysia and get her married off .",0
"it is a story about love , passion , addiction , brillance and the ignorance of greed .",0
"a vivid , spicy footnote to history , and a movie that grips and holds you in rapt attention from start to finish .",1
"in a bid to regain control of her life , ella goes on a quest to free herself from this mysterious curse .",0
he is reluctant to help at first because he is wearing his friend kumin's shoes and doesn't want it to be dirty .,0
time changer may not be the most memorable cinema session but its profound self-evaluation message about our fragile existence and the absence of spiritual guidance should at least invade an abundance of mindsets,1
"a chance to see three splendid actors turn a larky chase movie into an emotionally satisfying exploration of the very human need to be somebody , and to belong to somebody .",1
. . . the movie is just a plain old monster .,1
"thoughtful , even stinging at times , and lots of fun .",1
soon she grows increasingly wary about the motives of every man with whom she has contact--and about her own .,0
"there's no conversion effort , much of the writing is genuinely witty and both stars are appealing enough to probably have a good shot at a hollywood career , if they want one .",1
"the setting is new york's five points , the most violent part of the world at the time .",0
i'll go out on a limb . it isn't quite one of the worst movies of the year . it's just merely very bad .,1
can martin regain his better self - and not lose paula ?,0
austrian small time crook johnny pichler meets a dubious 'businessman' at the slovak border to hand over a wad of cash .,0
"a charming , quirky and leisurely paced scottish comedy -- except with an outrageous central gimmick that could have been a reject from monty python's meaning of life .",1
the film is a travesty of the genre and even as spoof takes itself too seriously .,1
"left in the care of erica and his doctor ( reeves ) , a love triangle starts to take shape .",0
a film about a modern-day shaman and his young disciple in rural vermont .,0
"hashiguchi covers this territory with wit and originality , suggesting that with his fourth feature -- the first to be released in the u . s . -- a major director is emerging in world cinema .",1
"documentary-style drama showing the events that lead up to the tragic incident on january 30 , 1972 in the northern ireland town of derry when a protest march led by civil rights activist ivan cooper was fired upon by british troops , killing 13 protesters and wounding 14 more .",0
"the material couldn't possibly be more engaging , the implications of a "" by marlowe "" verdict positively earth-shattering .",1
"when stevie meets neil on the day he comes to deliver her brand new kitchen , it's already too late for love at first sight .",0
"after the death of his mother , a middle-aged man seeks the admiration of his nephew by inviting him to a hotel in a seedy riverbend town .",0
"for the most part , the ingredients are there . but an unwillingness to explore beyond the surfaces of her characters prevents nettelbeck's film from coming together .",1
"he discovers that his daughter's life , unknown to him from an affair with a brazilian woman 15 years earlier , is in danger and must return to rio ; having only five days to finish the deal and find his daughter .",0
"set in present-day hollywood , the story concerns a script which does not exist , but nonetheless draws praise and bids from the creative community .",0
it shows that some studios firmly believe that people have lost the ability to think and will forgive any shoddy product as long as there's a little girl-on-girl action .,1
"none of this is meaningful or memorable , but frosting isn't , either , and you wouldn't turn down a big bowl of that , would you ?",1
"it's endearing to hear madame d . refer to her husband as 'jackie' -- and he does make for excellent company , not least as a self-conscious performer .",1
""" auto focus "" works as an unusual biopic and document of male swingers in the playboy era",1
"and what's worse , it might be coming back to get her . . .",0
"the film uses chapman's own unseen personal papers and unpublished memoirs in order to recreate his years at cambridge university , medical school , the monty python years , his struggles with alcohol , his ground-breaking stance on homosexuality , his exploits with john cleese , keith moon , harry nilsson , ringo starr , and his untimely death at age 48 , of cancer .",0
now that the tong and their drug cartel know who he is they will stop at nothing to kill robert to protect their own corrupt interests .,0
"the title not only describes its main characters , but the lazy people behind the camera as well .",1
but what makes lucky dangerous is his ability to get inside mudd's head and turn him into a serial killer .,0
"writhing under dialogue like 'you're from two different worlds' and 'tonight the maid is a lie and this , this is who you are , ' this schlock-filled fairy tale hits new depths of unoriginality and predictability .",1
hong has a brilliant mind and immediately senses she's dealing with a killer with very special skills .,0
a romantic comedy enriched by a sharp eye for manners and mores .,1
"in their brief meeting , johnny will get the chance to face his truth , but the truth is never what it seems .",0
"heart-stopping talent doesn't seem to be enough when your parents want you to hang up your football boots , find a nice boyfriend and learn to cook the perfect chapatti .",0
the scientist is sentenced to jail by the grand council of the galactic federation .,0
the embodiment of the very message it so modestly conveys -- it's the accomplished little guy we fervently root for .,1
it's too interested in jerking off in all its byzantine incarnations to bother pleasuring its audience .,1
"beautifully shot against the frozen winter landscapes of grenoble and geneva , the film unfolds with all the mounting tension of an expert thriller , until the tragedy beneath it all gradually reveals itself .",1
its aims are modest -- to make kids laugh as cuba gooding falls down a lot and to show how thrilling sled dogs are -- and it achieves them .,1
""" it's like those monster vampire high school kind of movies , only here the monsters are jesus-freak teenagers , "" says michael stipe , the former r . e . m .",0
"ruled by instant gratification and material desires , they plot to steal a napoleon collection from one of their parents' homes .",0
"it's clear why deuces wild , which was shot two years ago , has been gathering dust on mgm's shelf .",1
she - a person who wanted to live for ever - does however not give in .,0
"shows that you should not fear death , but to fear an unlived life .",0
"a loyal british drummer , one of the thousands of british soldiers stationed in america , accidently drops his canteen into a stream while trying to fill it with water .",0
"a perplexing example of promise unfulfilled , despite many charming moments .",1
"the book tells of murray , the old scot patriot , who has had his eyes torn out and his house taken away during the english invasion .",0
"charged with as much psychological depth as gun-slinging violence , johnny to and wai ka fai's slick thriller brought a welcome jolt of adrenaline to the moribund hong kong action genre .",1
"emma's a succesful sale agent for a home security company , due in part to being the police chief's daughter .",0
but for one celebrant this holy week is different .,0
an unusual family and a staff of two are preparing a party on their cosy mansion .,0
"the film boasts dry humor and jarring shocks , plus moments of breathtaking mystery .",1
"despite its lavish formalism and intellectual austerity , the film manages to keep you at the edge of your seat with its shape-shifting perils , political intrigue and brushes with calamity .",1
the family come from a long line of masters of disguise who are able to mask themselves as almost anyone or anything by harnessing the great power of energico .,0
"ever since her new neighbor , mr . mackenheim , the former ruler of a distant alien planet , moved in , all the cats in the neighborhood have been disappearing .",0
being blue is not his only predicament ; he also lacks the ability to outwardly express his emotions .,0
this film deals with a little-known period in the life of celebrated brazilian filmmaker and political activist glauber rocha .,0
"now , years later matt goes away for weekend with his new girlfriend dawn .",0
"context is provided by those who protested against segregation and the limited franchise earlier in bermuda by authoring a "" secret document "" that analysed the social problems of the island .",0
"i admired it , particularly that unexpected downer of an ending .",1
"the rules - if one person leaves , everyone loses .",0
"the egyptian queen cleopatra bets against the roman emperor , julius caesar , that her people are still great , even if the times of the pharaohs has long passed .",0
an ingenious and often harrowing look at damaged people and how families can offer either despair or consolation .,1
everything soon changes when two identical chinese fortune cookies cause a little mystic mayhem .,0
feels like the grittiest movie that was ever made for the lifetime cable television network .,1
one thing is for sure : this movie does not tell you a whole lot about lily chou-chou .,1
"the french are rather good at this kind of thing , unlike the americans , who have a passion for musketeers , only to spoof them .",1
avary's film never quite emerges from the shadow of ellis' book .,1
"but without a doubt , chomsky , now 73 , is one of the most straight-talking and committed dissidents of our time .",0
"a little judicious editing would have helped a lot , but the talented cast matches the film's ambitions and compensates for its modest budget .",1
"the powerless wait a long time for justice , and sometimes their only justice is to finally tell their story .",1
"unaware of the events to come , they quickly discovered that dabbling with the element of time may have dire consequences .",0
"the story suffers a severe case of oversimplification , superficiality and silliness .",1
"sinks so low in a poorly played game of absurd plot twists , idiotic court maneuvers and stupid characters that even freeman can't save it .",1
"the smug , oily demeanor that donovan adopts throughout the stupidly named pipe dream is just repulsive .",1
"several uninteresting , unlikeable people do bad things to and with each other in "" unfaithful . "" why anyone who is not a character in this movie should care is beyond me .",1
the pretense is that her father jake is dying .,0
"although occasionally static to the point of resembling a stage play , the film delivers a solid mixture of sweetness and laughs .",1
"the body bears strange marks on the chest which may or may not be the sign of a sin eater ( furmann ) , a renegade who offers absolution , last rites and therefore a path to heaven outside the jurisdiction of the church .",0
"identified as deserters , they are returned to their barracks to be court martialed .",0
what jackson has accomplished here is amazing on a technical level .,1
a tour de force drama about the astonishingly pivotal role of imagination in the soulful development of two rowdy teenagers .,1
the film's thoroughly recycled plot and tiresome jokes . . . drag the movie down .,1
"despite a blue-chip cast and a provocative title , writer-director peter mattei's first feature microwaves dull leftover romantic motifs basted in faux-contemporary gravy .",1
the campy results make mel brooks' borscht belt schtick look sophisticated .,1
"a long-distant fight wages until her mother's friends ( and members of the yaya sisterhood ) kidnap siddalee and take her "" home "" to the south , where they hope to explain her mother's history and to patch up the rift between mother and daughter .",0
"it is no coincidence that funding for "" anti-graffiti "" campaigns often outweighs funding for the arts .",0
"shows that jackie chan is getting older , and that's something i would rather live in denial about",1
"but events spiral out of control , and before the summer ends she will experience frustrated desire , first love , and a broken heart .",0
"as a feature-length film , it wears out its welcome as tryingly as the title character .",1
"the two leads , nearly perfect in their roles , bring a heart and reality that buoy the film , and at times , elevate it to a superior crime movie .",1
a dopey movie clothed in excess layers of hipness .,1
"the teamster's union goes on strike against overnite transportation , a nationwide freight company that has resisted unionization .",0
and may bring claire face to face with her past .,0
this backfires when katie innocently reagles her school with her inside knowledge of carnal pleasures .,0
ben is a perfectionist and overachiever whose tunnel vision leads to nothing less than graduating at the top of his class .,0
"a hushed contemplation of the kind of senseless , all-too-frequent tragedy that leaves the survivors reeling and speechless .",1
"they both end up experiencing more excitement than mickey could ever conjure in orlando , when they meet up with bad guys and a legendary creature .",0
"raunchy though [cho's] material is , it embraces all comers , regardless of gender , sexuality , race or ethnicity . and it's never been sharper -- or funnier -- than it is here .",1
a woman who is again able to reach out for love .,0
that all changes when a teammate is mysteriously stabbed during a ball field brawl .,0
""" the motorcycle diaries "" is based on the journals of che geuvara , leader of the cuban revolution .",0
"at the agency , instead of mr . right , laura meets miguel , who has all the signs of mr . wrong : he's a blue-collar , unpolished simple man .",0
"during the process of the post-crash discussion , the attorney accidentally drops the papers he needs to present in court .",0
"set on an island off the coast of florida , a techno rave party attracts a diverse group of college coeds and a coast guard officer .",0
little is done to support the premise other than fling gags at it to see which ones shtick .,1
"given their jaded and precocious sophistication , is there anything the girls can look forward to ?",0
"davey stone , a 33-year old party animal , finds himself in trouble with the law after his wild ways go too far .",0
"it's a smart , funny look at an arcane area of popular culture , and if it isn't entirely persuasive , it does give exposure to some talented performers .",1
it's the most nimble epic you're likely to see .,1
"( leslie mann ) plays his girlfriend , who also wants him to pay $30 , 000 for the down payment on a house ; and ( tom green ) plays his buddy , who's a bad influence on him .",0
"beary , a young bear raised by a human family in a world where humans and talking bears coexist , attempts to trace his roots .",0
a winning piece of work filled with love for the movies of the 1960s .,1
"the merchant-ivory team continues to systematically destroy everything we hold dear about cinema , only now it's begun to split up so that it can do even more damage .",1
the couple is reunited and together face a hostile and unbelieving world .,0
'like a child with an important message to tell . . . [skins'] faults are easy to forgive because the intentions are lofty . ',1
"hellbent on vengence , jason renews his bloodbath in pursuit of personally slaughtering krueger , and anyone else in his path .",0
"tom green and an ivy league college should never appear together on a marquee , especially when the payoff is an unschooled comedy like stealing harvard , which fails to keep 80 minutes from seeming like 800 .",1
"it looks good , but it is essentially empty .",1
"as his circle of friends keeps getting smaller one of the characters in long time dead says 'i'm telling you , this is f * * * ed' . maybe he was reading the minds of the audience .",1
"based on a true story , the blue butterfly tells the story of a terminally ill 10-year-old boy whose dream is to catch the most beautiful butterfly on earth , the mythic and elusive blue morpho .",0
davis . . . is so enamored of her own creation that she can't see how insufferable the character is .,1
a film for all who care about the world their children and grandchildren will inherit .,1
a well-made but emotionally scattered film whose hero gives his heart only to the dog .,1
only the charm and attractiveness of the cast keeps this movie from the remainder bin .,1
"how many more times will indie filmmakers subject us to boring , self-important stories of how horrible we are to ourselves and each other ?",1
"three teenagers hit a homeless girl with their car , scared , they drive away , leaving the girl to die on the streets .",0
"a corrupt cia agent ( johnny depp ) who at that time , demands retribution from his worst enemy to carry out the drug lord's uprising against the government .",0
the only way to find out though what really happened is to enter the site itself . . .,0
"this story centers around a divorced woman in her 30's and her daughter , who are caught up in a cat-and-mouse game inside their new new york brownstone when three burglars come looking for a hidden cache of cash .",0
the uneven movie does have its charms and its funny moments but not quite enough of them .,1
"stripped of his driving privileges for years , and with failing eye sight , eagle steals away in his late wife's old lincoln and heads cross-country to pete's rescue .",0
"although mother and son are initially at odds , their relationship begins to change when he discovers that his bride-to-be likes his mother's rock-n-roll lifestyle too .",0
felice finds herself in danger from the man she came to save .,0
"there's not a spark of new inspiration in it , just more of the same , done with noticeably less energy and imagination .",1
"before the investigation ends , we've met boyfriends , a drug dealer , alicia's mom , hadley's dad , nurses , doctors , and an orderly .",0
it's crap on a leash--far too polite to scale the lunatic heights of joe dante's similarly styled gremlins .,1
"several of steven soderbergh's earlier films were hailed as the works of an artist . sadly , full frontal plays like the work of a dilettante .",1
"one of the best films of the year with its exquisite acting , inventive screenplay , mesmerizing music , and many inimitable scenes of tenderness , loss , discontent , and yearning .",1
unsuspectingly they step into an arena where nothing is business as usual .,0
"that's right , a place where people come together . . .",0
a bit too derivative to stand on its own as the psychological thriller it purports to be .,1
"ricky rides her motorcycle among real and imagined dangers , to arrive unscathed , but unalterably changed , at the end of summer .",0
"faced with its aftermath , angela flees town , unaware that she has put into motion a dramatic and intense string of events that will forever change the course of their lives .",0
"without blowing the jokes we can say that , if you have found that your sense of humor fit well with christopher guest's screen outings , you'll find yourself in the flow with shearer as well .",1
the teen must decide whether to become immortal and stay with a tuck she's fallen in love with .,0
celebrates family in a way that's deeply felt by the director and screenwriter/subject and no doubt will be shared by viewers of any ethnicity .,1
"when reuben buys a black-market cure for his unusual chest complaint , jenny is forced to make a terrible sacrifice .",0
"the corrupt wizard saruman ( christopher lee ) , under the power of the dark lord sauron , and his slimy assistant , gr&#237 ; ma wormtongue ( brad dourif ) , have created a grand uruk-hai army bent on the destruction of man and middle-earth .",0
but the record industry has passed them by^&#197 ; so has the general public whose musical tastes are continually changing .,0
"in this condition , she meets lukas , a gentle , but at the same time , strong-willed and good-looking young man .",0
"quiet , sexual , disturbing , often beautifully melancholic .",1
"green card fever is the story of a young man in the united states who overstays his visa in the pursuit of a "" green card "" .",0
"william winslow "" ( ron perlman ) , the chief psychiatrist at brookdale .",0
"a worthy addition to the cinematic canon , which , at last count , numbered 52 different versions .",1
"the eccentric stories of a free spirited couple , the husband's brother , a basket ball game , a bookie named dutch , two sinister , corrupt twins conniving over a faberge' egg for their wife's anniversary , a business is business hit-man , and an ex-con that has nothing to do with this story .",0
it's a glorious spectacle like those d . w . griffith made in the early days of silent film .,1
"'ejemplo de una cinta en que no importa el talento de su reparto o lo interesante que pudo haber resultado su premisa , pues el resultado es francamente aburrido y , por momentos , deplorable . '",1
"this is one of mr . chabrol's subtlest works , but also one of his most uncanny .",1
about the only thing to give the movie points for is bravado -- to take an entirely stale concept and push it through the audience's meat grinder one more time .,1
older brothers and a brother-in-law are in his way .,0
"from classrooms to dorm rooms , it's hard to keep it together when you can't even find the door .",0
"when a prank goes terribly wrong landing a kid in the hospital , landon is assigned to tutor a young student on the weekends and participate in the drama club's spring play .",0
it never hurts to have the aid of a mind-reading squirrel - too bad adam doesn't know any !,0
"anita is 14 , blonde and beautiful - exactly what meena thinks she wants to be .",0
"they must begin a journey , avoiding the mysterious detective mr barlow and the terrifying inhuman jack , to uncover the dark truth to charlie's life .",0
"rumours of haunting , paired with the desire to forget the painful tragedy that took place five years before , have kept the truth of holy angel's last days buried with the innocent victims .",0
a keep-'em-guessing plot and an affectionate take on its screwed-up characters .,1
"in unraveling this mystery , everyone involved is pushed to the limits of human understanding .",0
"the story follows a year in the life of the hemples , a family that takes home schooling to an extreme - and has for generations .",0
"gooding and coburn are both oscar winners , a fact which , as you watch them clumsily mugging their way through snow dogs , seems inconceivable .",1
the movie is beautiful to behold and engages one in a sense of epic struggle -- inner and outer -- that's all too rare in hollywood's hastier productions .,1
"the beatle fan is a drama about albert , a psychotic prisoner who is a devoted fan of john lennon and the beatles .",0
has something to say . . . but it is a statement and issue worthy of a much more thoughtfulness and insight than a melodramatic and wholly predictable thriller .,1
chelsea walls is a case of too many chefs fussing over too weak a recipe .,1
"although it tries to be much more , it's really just another major league .",1
"lucky break is perfectly inoffensive and harmless , but it's also drab and inert .",1
"for all the dolorous trim , secretary is a genial romance that maintains a surprisingly buoyant tone throughout , notwithstanding some of the writers' sporadic dips into pop freudianism .",1
"all the performances are top notch and , once you get through the accents , all or nothing becomes an emotional , though still positive , wrench of a sit .",1
"in his latest effort , storytelling , solondz has finally made a movie that isn't just offensive -- it also happens to be good .",1
"pete's screenplay manages to find that real natural , even-flowing tone that few movies are able to accomplish .",1
an alcoholic ex-school teacher takes a job watching security cameras in the same house .,0
"through the stories of four different families , daddy &#38 ; papa delves into some of the particular challenges facing gay men who decide to become dads .",0
"a rather odd thing has just just occurred in the life of nerdy high school student peter parker ; after being bitten by a radioactive spider , his body chemistry is mutagenically altered in that he can scale walls and ceilings , and he develops a "" spider-sense "" that warns him of approaching danger .",0
beyond borders is an epic tale of the turbulent romance between two star-crossed lovers set against the backdrop of the world's most dangerous hot spots .,0
"its cast full of caffeinated comedy performances more than make up for its logical loopholes , which fly by so fast there's no time to think about them anyway .",1
"overall , this is a juicy movie but certainly not a trashy one .",1
"with voices of poetry , burk juxtaposes thoughts of one's typical ordeals with imagery of what some might consider a defining moment in life .",0
kanna is intelligent and presently doing final year mbbs in nagpur .,0
"nicholas is immediately drawn to this gruesome bobby , and begins to secretly take care of the creature .",0
"matt , a city boy , island hopping to take in the festival of fire , hears that she has been tricked ; for jake is not dying .",0
ratliff deserves high marks for his restraint and willingness not to try and shape or mold our opinion regarding what is being shown .,1
this appears to be only the beginning of a string of suicides around the country .,0
but then everything changes when they discover the world's biggest nugget - worth many millions of dollars .,0
"nick is about to discover , true love can be found in the strangest of places . . .",0
"it's a pleasure to see seinfeld griping about the biz with buddies chris rock , garry shandling and colin quinn .",1
"performances are potent , and the women's stories are ably intercut and involving .",1
"she becomes part of anita's world , but events do not run smoothly .",0
he is under the impression that rupi is dead .,0
the webster family stopped having christmas together several years ago when the fighting and accidents became too much .,0
too many improbabilities and rose-colored situations temper what could've been an impacting film .,1
"if ocean's eleven was a high-priced banquet of popular guys toasting one another's hard-earned coolness in a pointless caper , full frontal is the after-party .",1
the theme of the film simultaneously addresses the similarities between the two factions of law and crime while revealing the similarities between the two brothers .,0
rife with nutty cliches and far too much dialogue .,1
"light , silly , photographed with colour and depth , and rather a good time .",1
"its message has merit and , in the hands of a brutally honest individual like prophet jack , might have made a point or two regarding life .",1
ray misses a chance to see his brother paul before he dies of cancer .,0
the writer creates a story of a elderly man who seeks happiness because of the recent lose of his wife .,0
"through a series of flashbacks , he is forced to face the fact that he has been unable to get her to quit smoking and probably never will .",0
"the doctor also finds he has an attraction to her , despite their age difference .",0
"for almost the first two-thirds of martin scorsese's 168-minute gangs of new york , i was entranced .",1
"a mix of velocity and idiocy , this ruinous remake lacks the brawn -- and the brains -- of the 1970s original .",1
"obsessed with her job designing movie sets , fran insists that each prop be the real thing &#173 ; even if it happens to be a pair of rhinoceros eyes or a human finger .",0
"unspeakable , of course , barely begins to describe the plot and its complications . vulgar is too optimistic a title .",1
"docu-drama based on the life of ted bundy , a serial killer who killed at least 19 young women during the 1970's ( though some sources say as many as 30 to 35 were murdered ) .",0
arrives in the form of the beautiful lynn ( shu qi ) .,0
"but jim's team , knowing their coach is a great ball player , makes a deal with him : if they win the district championship , they want jim to try out for a major-league organization .",0
"the movie wavers between hallmark card sentimentality and goofy , life-affirming moments straight out of a cellular phone commercial .",1
"though frida is easier to swallow than julie taymor's preposterous titus , the eye candy here lacks considerable brio .",1
"it's not like having a real film of nijinsky , but at least it's better than that eponymous 1980 biopic that used soap in the places where the mysteries lingered .",1
"along the way , the two meet a male fugitive and bond with each other .",0
"in a world where loyalties are easily abandoned and allegiances bought , six perfect strangers come together to pull off the perfect crime .",0
"when blake is initiated , he agrees to abide by the three cardinal rules : share your spirit , body and soul with others ; devote your life to saving homeless kids ; and never leave unless the master casts you out .",0
"even if britney spears is really cute , her movie is really bad .",1
sweet home alabama certainly won't be remembered as one of [witherspoon's] better films .,1
"circuit queens won't learn a thing , they'll be too busy cursing the film's strategically placed white sheets .",1
"he saves a rich man ( sharad kapoor ) from the goons , who offers him a job .",0
but the wily alien quickly learns never to come between a woman and her cat .,0
"claude chabrol has here a thriller without thrills , but that's okay .",1
"for 7 years he has watched over the holy fire , forsaking his wife , family and every earthly pleasure .",0
"in the aftermath of the fall of the talibans , the film explores the city of herat where it captures the reactions of the city dwellers expressing their memories and their hopes .",0
"in the little town in georgia that they live in , things soon change .",0
mindless yet impressively lean spinoff of last summer's bloated effects fest the mummy returns .,1
""" politics are murder "" is a "" film noir "" comedy mixing dry martinis with politics and murder .",0
"this is a monumental achievement in practically every facet of inept filmmaking : joyless , idiotic , annoying , heavy-handed , visually atrocious , and often downright creepy .",1
"there's enough science to make it count as educational , and enough beauty to make it unforgettable .",1
"when virginia visits her aunt millie at christmas , she discovers a stack of handwritten letters over half a century old , and unlocks the story of her aunt's youthful days as a young woman living in hamilton , mississippi , during the second world war .",0
it's the movie equivalent of a sweaty old guy in a rain coat shopping for cheap porn .,1
"wounded by tom's derision , michael befriends ex-convict everette hatch , who , recognizing opportunity , exploits michael's ideas to his advantage .",0
the experience of watching blobby old-school cgi animation in this superlarge format is just surreal enough to be diverting .,1
"it suggests the wide-ranging effects of media manipulation , from the kind of reporting that is done by the supposedly liberal media . . . to the intimate and ultimately tragic heartache of maverick individuals like hatfield and hicks .",1
"this moving documentary tells the story of thomas and his relationship with blalock , one that ushered in advances in surgery that are still in existence today .",0
it teaches the importance and understanding of life and death . it,0
"he and his friends : virgil , daric and han lead a double life of mischief and petty crimes to alleviate the pressures of perfection .",0
"it's always disappointing when a documentary fails to live up to -- or offer any new insight into -- its chosen topic . unfortunately , that's precisely what arthur dong's family fundamentals does .",1
a hallmark film in an increasingly important film industry and worth the look .,1
"singer patricia paradise ( dee wallace stone ) has everything : beauty , fame , success , money . . .",0
it's like an all-star salute to disney's cheesy commercialism .,1
"what really makes it special is that it pulls us into its world , gives us a hero whose suffering and triumphs we can share , surrounds him with interesting characters and sends us out of the theater feeling we've shared a great adventure .",1
"even if you've seen "" stomp "" ( the stage show ) , you still have to see this !",1
two hours of sepia-tinted heavy metal images and surround sound effects of people moaning .,1
un thriller manqué qui tombe sur les nerfs presque dès la première image .,1
"seeing it as a westerner is an enlightening , even liberating , experience .",1
"a senior at an elite college ( katie holmes ) , already under severe pressure to complete her thesis and land a prestigious job , must confront the sudden reappearance of her old boyfriend ( charlie hunnam ) , after his two year , unexplained absence . . .",0
can the three girls see their planning and plotting bear fruit or is their master plan doomed ?,0
"he follows a new suspect , huh , and eventually catches him in the act of brutally murdering a woman in a crowded techno bar .",0
"despite its raucous intent , xxx is as conventional as a nike ad and as rebellious as spring break .",1
"watching haneke's film is , aptly enough , a challenge and a punishment . but watching huppert , a great actress tearing into a landmark role , is riveting .",1
"a dutch girl is getting sick of always losing her boyfriends , so when she loses her newest "" gain "" she decides to follow max ( her friend ) to new york where he's starting a carreer as an actor .",0
"once again , the intelligence of gay audiences has been grossly underestimated , and a meaty plot and well-developed characters have been sacrificed for skin and flash that barely fizzle .",1
"paro's world crashed knowing that her devdas would be gone and she lit a diya , for it signified the fast coming back of her loved one .",0
douglas mcgrath's nicholas nickleby does dickens as it should be done cinematically .,1
"johnson has , in his first film , set himself a task he is not nearly up to .",1
"a reasonably efficient mechanism , but it offers few surprises and finds its stars slumming in territory they should have avoided .",1
"lost and stranded , they are set upon by a bizarre family of psychotics .",0
an internet terrorist creates a computer source code based on the dna of a junkie .,0
"this is presumably a somewhat true story , as charlie kaufman is the real life screenwriter of adaptation .",0
"feels a little too carefully crafted to be absolutely truthful , but nonetheless yields rich food for thought about the pains of the creative process and the insecurities of the artistic temperament .",1
"sharp , lively , funny and ultimately sobering film .",1
"the movie turns out to be [assayas'] homage to the gallic 'tradition of quality , ' in all its fusty squareness .",1
'de niro . . . is a veritable source of sincere passion that this hollywood contrivance orbits around . ',1
it's a shame the marvelous first 101 minutes have to be combined with the misconceived final 5 .,1
"with those classes under her belt , she then takes over her aunt's travel agency ( again making her father think it's his idea ) .",0
"this insufferable movie is meant to make you think about existential suffering . instead , it'll only put you to sleep .",1
"based on euripides' immortal drama of the same name , the bacchae ( bahk-ai' ) is an intense and contemporary retelling of the classic myth in which dionysus , son of zeus , seeks vengeance on thebes , the city of his birth and site of his mortal mother semele's cruel and horrible death .",0
"this is a movie filled with unlikable , spiteful idiots ; whether or not their friendship is salvaged makes no difference in the least .",1
harbour falls in love with alice and soon all four of them are closely intertwined in each other's lives - and perhaps even deaths .,0
"waydowntown just like most large cities , isn't somewhere you'll want to spend the rest of your life , but it sure is a fun place to visit for a while .",1
or this could be the start of a nightmare - the likes of which she could never have imagined .,0
this discovery thrusts tong into world of international intrigue and espionage and pairs him with an inexperienced partner ( hewitt ) .,0
"crudup's screen presence is the one thing that holds interest in the midst of a mushy , existential exploration of why men leave their families .",1
"we're introduced to the duo's lyrical and melodic craft when , for example , well-known actors recite giants lyrics , underscoring the dark words often coupled with bright tunes .",0
here's yet another cool crime movie that actually manages to bring something new into the mix .,1
"she survives and after being in a coma for five years , she wakes to seek revenge on her co-workers and boss who had attacked her .",0
"yes , mibii is rote work and predictable , but with a philosophical visual coming right at the end that extravagantly redeems it .",1
"even though it is infused with the sensibility of a video director , it doesn't make for completely empty entertainment",1
the cast is top-notch and i predict there will be plenty of female audience members drooling over michael idemoto as michael .,1
"despite its title , punch-drunk love is never heavy-handed . the jabs it employs are short , carefully placed and dead-center .",1
one of [jaglom's] better efforts -- a wry and sometime bitter movie about love .,1
"it does what good films do best ; that is to provoke us , push our buttons , make us think and maybe even entertain us in the process .",1
the plot revolves around a young married woman whose mundane life takes a turn for the worse when she strikes up a passionate and illicit affair with an oddball discount-store stock boy who thinks he's holden caulfield .,0
the daughter mary yearns for a home where the books don't always get sold .,0
his loyal assistant is killed and he is framed with the evidence at the chinese border by the chinese military and u . s . drug enforcement agency .,0
"for the future , one hopes mr . plympton will find room for one more member of his little band , a professional screenwriter .",1
"a heady , biting , be-bop ride through nighttime manhattan , a loquacious videologue of the modern male and the lengths to which he'll go to weave a protective cocoon around his own ego .",1
"enter stella ( theron ) , a beautiful nerves-of-steel safecracker , who joins charlie and his former gang when they follow the backstabber to california , where they plan to re-steal the gold by tapping into los angeles' traffic control system , manipulating signals and creating one of the biggest traffic jams in la history .",0
"multiple , intersecting planes of experience , often mired in a sordid backstory of the american dream/empire ( featured voices include florida death row inmates , palestinian poets , and novelist kathy acker ) seek to produce new areas of resolution .",0
julia is played with exasperating blandness by laura regan .,1
"five office workers are taken hostage by shy colleague neil ( ned dennehy ) , and his evil hand puppet morgan .",0
"i'm not sure which half of dragonfly is worse : the part where nothing's happening , or the part where something's happening , but it's stupid .",1
he tries to distract charlie any way he can .,0
it is unclear on how he contracted the virus .,0
the film jolts the laughs from the audience--as if by cattle prod .,1
unfolds in a series of achronological vignettes whose cumulative effect is chilling .,1
"'broadway' tells the stories of these legendary performers , composers and writers while illustrating their tales with amazing , rare , archival performance footage and these legends' own home movies and photos .",0
although dampened by intermittent preachiness and an unconvincingly pat and uplifting resolution . . . changing lanes nevertheless taps into emotions so convincing it elevates the movie above its own shortcomings .,1
the story and the friendship proceeds in such a way that you're watching a soap opera rather than a chronicle of the ups and downs that accompany lifelong friendships .,1
"stranded on a lonely road , a schoolbus full of high school basketball players , their coaches , and cheerleaders must defend themselves from the creeper - a flesh-eating ancient beast that resurfaces on the earth every 23 years to feed .",0
"the story is set during the american revolution in the late 1700's , when america fought for it's independence from britain .",0
"the four feathers is definitely horse feathers , but if you go in knowing that , you might have fun in this cinematic sandbox .",1
"she arrives with every intent of selling it all off and going back to her busy career , but in going through her grandmother's belongings , she discovers much about her family's past which ultimately makes her re-evaluate her life and values .",0
"full of bland hotels , highways , parking lots , with some glimpses of nature and family warmth , time out is a discreet moan of despair about entrapment in the maze of modern life .",1
"it is set in the fantasy world middle-earth , created by tolkien in 'the hobbit' , 'the lord of the rings' , and 'the silmarillion' .",0
a love triangle about young people trying to communicate in world where communication is about to change forever .,0
grueling days of blue-collar construction work fund their nocturnal pursuit of becoming full-time musicians .,0
there's nothing provocative about this film save for the ways in which it studiously avoids provoking thought .,1
arjun ( akshay kumar ) is a high profile vigilante who soon encounters a problem when his mother ( raakhee ) becomes terribly ill .,0
"in an attempt to prove the 58 million dollar claim on the ship is false , she flies to argentina and becomes embroiled in a dangerous web of deceit , lies , murder and lost love .",0
"as the script progresses , layers are slowly pulled away revealing secret relationships and subversive undercurrents - the wedding shower quickly becomes a free for all .",0
"collateral damage is , despite its alleged provocation post-9/11 , an antique , in the end . as are its star , its attitude and its obliviousness .",1
the making of the dragon is a comedic satire ( not a spoof ) of the kung-fu film genre .,0
"a ruined , jeckyll and hyde man he may be , but a ruined man may prove to be a heroic one when a villain emerges , and close . . .",0
"i have to admit i walked out of runteldat . i did go back and check out the last 10 minutes , but these were more repulsive than the first 30 or 40 minutes .",1
it is said that only salazar slytherin's true descendent will be able to open it .,0
"resort to an all-night crime spree that nets them a ten thousand dollar reward for their own crimes , thanks to a bizarre twist of fate .",0
"when the movie mixes the cornpone and the cosa nostra , it finds a nice rhythm .",1
"for diane , oscar fills a void in her life .",0
"pronounced cured , she became a psychoanalyst herself and , within eight years , was practising alongside the founding fathers .",0
it is really quite ironic then that the one guy putting out consistently good comedy is hollywood's most serious actor .,1
"leaving her successful career and las vegas forever in order to build her family in a healthy environment was since long prevented by katherine hiller ( barbara carrera ) , her discoverer and business manager .",0
"in 1870's the u . s marshall mike s . blueberry tries to stop wally blount , the man who killed his girlfriend from getting to a stockpile of gold hidden in indian territory .",0
"directed in a flashy , empty sub-music video style by a director so self-possessed he actually adds a period to his first name",1
"in awe of seductive club singer velma kelly ( who is subsequantly arrested for the murder of her husband and sister - after discovering their affair ) , roxie meets fred cassely a man who convinces her he can 'make her showbiz career take off' .",0
"three fraternal bank robbers languishing in jail , discover a profitable ( if not dodgy ) way to spend their time .",0
fedot the shooter is sent by the czar to find some special food for the foreighn ambassador's visit .,0
"meena , a 12-year-old living in a mining village in the english midlands in 1972 , is the daughter of indian parents who've come to england to give her a better life .",0
"sometimes there are very , very good reasons for certain movies to be sealed in a jar and left on a remote shelf indefinitely .",1
"when the flames of jealousy are fanned by an oddball drifter ( walken ) who imposes himself into the situation , tim's life careens wildly out of control . . .",0
francophiles will snicker knowingly and you'll want to slap them .,1
a diverse and astonishingly articulate cast of palestinian and israeli children .,1
"of course , deeds' sincere naivet&#233 ; has babe falling in love with him instead .",0
suffocated at conception by its munchausen-by-proxy mum . punish the vehicle to adore the star .,1
"if h . g . wells had a time machine and could take a look at his kin's reworked version , what would he say ? 'it looks good , sonny , but you missed the point . '",1
underachieves only in not taking the shakespeare parallels quite far enough .,1
"he's full of ideas on how to change brazilian public health , which is being threatened by yellow fever .",0
a smart comedy about a day in the life of a barbershop on the south side of chicago .,0
"a rock-solid gangster movie with a fair amount of suspense , intriguing characters and bizarre bank robberies , plus a heavy dose of father-and-son dynamics .",1
"a woman who has recently discovered that she is the daughter of angelo , a major mafia boss , decides to wreak vengeance when he is killed by a hitman .",0
"goyer's screenplay and direction are thankfully understated , and he has drawn excellent performances from his cast .",1
"mostly centered on indianapolis , this film puts this problem ( which many assume to be an urban phenomenon ) firmly in the heartland of the usa .",0
"for daredevil justice is blind--and for the guilty , there's hell to pay .",0
ryan plays a lonely new york woman who discovers the darker side of passion after becoming involved with a tough homicide detective who is investigating a series of murders in her neighborhood .,0
"you've already seen city by the sea under a variety of titles , but it's worth yet another visit .",1
[breheny's] lensing of the new zealand and cook island locations captures both the beauty of the land and the people .,1
"this movie shows the intense life of this character ; not only focusing in the robberies , but also in the reasons that pushed him into acting the way he did .",0
everything that was right about blade is wrong in its sequel .,1
"with dickens' words and writer-director douglas mcgrath's even-toned direction , a ripping good yarn is told .",1
"weaves a spell over you , with its disturbingly close-up look at damaged psyches and its subtle undercurrents of danger . but its awkward structure keeps breaking the spell .",1
"the april 2002 instalment of the american war for independence , complete with loads of cgi and bushels of violence , but not a drop of human blood .",1
"on balance , i recommend the movie both for nicholson's performance and for the opportunity to spend some time with the kind of man that we often meet in real life , but rarely see on screen .",1
"josh also gets fixated on sex , though he has no clear idea what it's all about , and in particular on nadine ; to mike's chagrin , she seems more interested in josh than in him .",0
an arrested drug kingpin is transported by a los angeles police department swat team led by jackson's character out of the city and into federal custody .,0
the only entertainment you'll derive from this choppy and sloppy affair will be from unintentional giggles  several of them .,1
peter and martin - the two chefs - want to get him out and soon father and son meet for the first time in their lives .,0
bullying students are becoming deathly ill after screaming the name of a legendary ghost .,0
"these efforts lead inez to concoct a desperate scheme involving murder , betrayal , and escape .",0
"a canny , derivative , wildly gruesome portrait of a london sociopath who's the scariest of sadists .",1
"the two wind up in a deserted warehouse where they witness a diamond scam in action , caught in the midst they put their differences aside to team up and detain the looters .",0
"meanwhile , more people end up dead . . .",0
"she's eighteen , unemployed , broke and hopelessly in love with her wannabe rockstar boyfriend matt .",0
"'butterfingered' is the word for the big-fisted direction of jez butterworth , who manages to blast even the smallest sensitivities from the romance with his clamorous approach .",1
former world-rallye-champion walter and his daughter natascha are kidnapped by arab terrorists and brought to berlin .,0
"the film isn't especially dynamic , but it brims with insightful , poignant memories from survivors .",1
"they both fall in love , but they must fight against everyone , specially renata's rich parents , who want to stop their love by sending her to canada .",0
"phileine is a super-bitch traveling to new york to visit her boyfriend maxto say sorry , for the first time in her life , for the argument the two of them were having before he left .",0
"now the kids are far out in the country with no phone , car , or any place to go , and they are being chased by the family of cannibals .",0
it's at this point that he buys a pirate record whose magical powers bring him the success he's longed for .,0
"rounding out the romantic possibilities is bobby , the bartender who flirts with beth .",0
"the holes in this film remain agape -- holes punched through by an inconsistent , meandering , and sometimes dry plot .",1
"charlotte and teis , partners for some years , are going to climb a mountain , literally and metaphorically .",0
"now , in the twilight of his life , emile shapes the final chapters of his mental autobiography .",0
"a brutal and funny work . nicole holofcenter , the insightful writer/director responsible for this illuminating comedy doesn't wrap the proceedings up neatly but the ideas tie together beautifully .",1
"an observation and reflection on contemporary life in the uk from a director with unique eclectic vision , a poetical attempt at defining what it is to live in this country .",0
"it is most of the things costner movies are known for ; it's sanctimonious , self-righteous and so eager to earn our love that you want to slap it .",1
". . . tara reid plays a college journalist , but she looks like the six-time winner of the miss hawaiian tropic pageant , so i don't know what she's doing in here . . .",1
"bollywood/hollywood is a happy , carefree trifle of a movie that is easy to savour because it is so undemanding yet so rewarding .",1
"just like hearst's enormous yacht , it's slow and unwieldy and takes a long time to reach its destination .",1
the kind of film that grows on you upon reflection,1
"an unsatisfying hybrid of blair witch and typical stalk-and-slash fare , where the most conservative protagonist is always the last one living .",1
"driven by romantic illusion to join the french foreign legion , simon learns what it truly means to be a hero .",0
"at best , cletis tout might inspire a trip to the video store -- in search of a better movie experience .",1
"the brass are convinced this is a serial killer chosing victims at random , but sam and buckley discover a pattern involving health personnel who work in neonatal intensive care .",0
"in this vivid , emotionally complex ensemble piece , korean writer-director jeong jae-eun portrays this extraordinary turning point in every woman's life .",1
"plays like one long , meandering sketch inspired by the works of john waters and todd solondz , rather than a fully developed story .",1
the only way to be victorious is one must destroy the other .,0
"methodical , measured , and gently tedious in its comedy , secret ballot is a purposefully reductive movie -- which may be why it's so successful at lodging itself in the brain .",1
"what saves it . . . and makes it one of the better video-game-based flicks , is that the film acknowledges upfront that the plot makes no sense , such that the lack of linearity is the point of emotional and moral departure for protagonist alice .",1
"more than the last time around , it has elements that might help divert those bigger people who find themselves unavoidably in attendance .",1
the filmmakers needed more emphasis on the storytelling and less on the glamorous machine that thrusts the audience into a future they won't much care about .,1
"as they try to keep one step ahead of peter , it becomes clear that there is someone else in the woods , someone who is watching them all .",0
however when he finds it's in a porno with actress sharonna he can't go through with it despite her good advice on how to do it .,0
a polished and vastly entertaining caper film that puts the sting back into the con .,1
"lucy walks away from him , deciding to take time to make this decision for herself .",0
"if an oscar category existed for ensemble acting , the hours would unquestionably earn it . watching a trio of actors at the top of their game is a delight .",1
"however , on her second day , celia goes away leaving a 5-year-old child behind , kiki , and a note promising to be back in a couple of days .",0
"fans of the tv series will be disappointed , and everyone else will be slightly bored .",1
"every individual will see the movie through the prism of his or her own beliefs and prejudices , but the one thing most will take away is the sense that peace is possible . that , in itself , is extraordinary .",1
"though excessively tiresome , the uncertainty principle , as verbally pretentious as the title may be , has its handful of redeeming features , as long as you discount its ability to bore .",1
. . . there's enough cool fun here to warm the hearts of animation enthusiasts of all ages .,1
but later that year she was gunned down by assasins hired by the same criminal drug lords she exposed .,0
"once again , director chris columbus takes a hat-in-hand approach to rowling that stifles creativity and allows the film to drag on for nearly three hours .",1
"the film includes victim discussion therapy sessions , phone councilling , conversations between police and abusers , arrests , debates and discussion between the workers at the refuge , trying to decide what should be done about certain cases .",0
the terrorist must destroy any genetic remains on the junkie to keep the key to her code a secret .,0
how long can gus bishop perpetrate the scam and remain in the shadows while his legendary alter ego basks in the spotlight as the next big thing ?,0
the sinister inspiration that fuelled devito's early work is confused in death to smoochy into something both ugly and mindless .,1
"lynn realizes what's happening and rushes to save sue , who doesn't have the skills to carry out the hit .",0
"film school confidential chronicles five film students over the course of one school year : sara , an intellectual , sal , who makes an earnest first film , mark , who shoots wild , psychedelic images , greg , who works hard at cinematography , and marta , sara's quiet freshman roommate .",0
the film culminates with the band's arrival on the u . s . stage at wolf trap national park .,0
"while the ideas about techno-saturation are far from novel , they're presented with a wry dark humor .",1
the quest is hope and the passions that drive us in this search .,0
"a creepy , intermittently powerful study of a self-destructive man . . . about as unsettling to watch as an exploratory medical procedure or an autopsy .",1
"some people march to the beat of a different drum , and if you ever wondered what kind of houses those people live in , this documentary takes a look at 5 alternative housing options .",1
their reporting becomes more compelling when they gather the courage to tell the truth about witnessing two of their peers throw a four-year-old out of a 14th story window .,0
"18-year old dean is handsome and bright , but feels hampered by his working-class background and by his family .",0
"at the same time , sanitarian doctor oswaldo cruz comes back to brazil after three years in paris , where he had studied in the pasteur institute .",0
the main story involves an innocent teenage boy and a conniving teenage girl who meet on a beach one summer in southern brazil .,0
"soon , disease spread , robbing people's abilities to speak ; the endless rain killing all other forms of communication with its acidic torrent .",0
"the humor is forced and heavy-handed , and occasionally simply unpleasant .",1
through time travel wells and twain team up with sir arthur conan doyle and a young jules verne and wind up in the year 2001 seeing results of their writings that help in their attempts to find dr . noah and save the world from destruction .,0
he's made a mistake and he's trying to pay for it but he doesn't know if there is enough money in the world .,0
"a steadfast critic of united states foreign policy for decades , in the aftermath of the terrorist attacks of september 11th , his profile took a quantum leap as he provided much-needed analysis and historical perspective to concerned citizens throughout the world .",0
". . . "" bowling for columbine "" remains a disquieting and thought-provoking film . . .",1
"the plot's clearly mythic structure may owe more to disney's strong sense of formula than to the original story . but while the highly predictable narrative falls short , treasure planet is truly gorgeous to behold .",1
"in the end , debby , beth , and virginia find , if not the relationships of their dreams , peace with each other and within themselves .",0
"hardly an objective documentary , but it's great cinematic polemic . . . love moore or loathe him , you've got to admire . . . the intensity with which he's willing to express his convictions .",1
"when she understands that the killer is very intelligent and organized , she elaborates a strategy to arrest him .",0
turns a potentially interesting idea into an excruciating film school experience that plays better only for the film's publicists or for people who take as many drugs as the film's characters,1
this is especialy true when he makes a special connection at a hollywood industry party .,0
"a married seattle couple ( megan murphy , jeff weatherford ) struggle in their relationship as they approach the millenium , each looking for new directions in their life .",0
"high drama , disney-style - a wing and a prayer and a hunky has-been pursuing his castle in the sky .",1
"when the teen disappears , a man ( kingsley ) assigned to find her tries to use the spring for his personal gain .",0
"there is only one drawback , the sorceress and the priestess are sisters .",0
"uses sharp humor and insight into human nature to examine class conflict , adolescent yearning , the roots of friendship and sexual identity .",1
"unfortunately , the evil tall man ( angus scrimm ) controls that area .",0
this is the story of samantha martin aka the hottest scariest sexiest writer in the sf/fantasy biz .,0
secrets of robert's past start to emerge as he unleashes his awesome martial arts fighting abilities to defend himself and his wife .,0
but can it succeed against a seemingly stronger terminator ?,0
"william hundert , a retired "" old-school "" classics teacher is passionate about his subject .",0
she proceeds to an in-depth soul-searching that helps her discover the power of faith and steels her to put up resistance .,0
ghisu and rupi are now promoted as commanders of their new dalam .,0
"it doesn't do a lot of deep thinking , but unlike many futuristic combos of sf and f/x , it does make a statement : freedom of opinion is a threat to totalitarian systems .",1
"stealing harvard is evidence that the farrelly bros . -- peter and bobby -- and their brand of screen comedy are wheezing to an end , along with green's half-hearted movie career .",1
"academy award nominee diane lane stars as frances mayes , a 35-year-old san francisco writer whose perfect life has just taken an unexpected detour .",0
"although mainstream filmmakers are fond of their white saviors , most audiences of color are not .",0
bret has an idea that will push them both across lines they'd never seriously considered crossing .,0
"her internet conversation takes a severe turn , only to realize that she has opened a door that she's no longer able to shut .",0
"caught between their past and their future , both are struggling to find a way to become independent women in a place where everyone and everything seems to conspire to make them return to the roles of children under the rule of formidable parents .",0
lives hang in the balance as they scramble to unravel the mystery and protect the student body from their own hatred and fear .,0
"a malaysian government agency led by madame x , try to get the lost treasure on a sunken ship ( "" mendam berahi "" ) in sulu sea .",0
"it's also curious to note that this film , like the similarly ill-timed antitrust , is easily as bad at a fraction the budget .",1
many a parent and their teen ( or preteen ) kid could bond while watching a walk to remember . so could young romantics out on a date .,1
"in the middle of loneliness , and after realizing that filmmaking is more than just filming , he decides to start over again .",0
"when a harmonium and a mysterious woman ( emily watson ) enter his life , his romantic journey begins .",0
lacks the inspiration of the original and has a bloated plot that stretches the running time about 10 minutes past a child's interest and an adult's patience . but it also has many of the things that made the first one charming .,1
"roxie killed her lover when he walked out on her , and velma killed her husband and sister , who were having an affair .",0
"one of those based-on-truth stories that persuades you , with every scene , that it could never really have happened this way .",1
"now he thinks he is seeing things that aren't there and if things don't improve , she will take their only son and leave .",0
"meanwhile in india , vikrant announces grand prize money to those who tell him the whereabouts of guru .",0
it goes on for too long and bogs down in a surfeit of characters and unnecessary subplots .,1
"michael , sr . and michael , jr . then set out to get revenge on the man who killed peter and mrs . sullivan .",0
"surfing his first big break in pictures , young actor reverend heads for the big-time in hollywood .",0
"leading a double life in an american film only comes to no good , but not here . matters play out realistically if not always fairly .",1
. . . think of it as american pie on valium .,1
a suspense thriller with a brain and a heart .,1
"dude schmitz , an independent filmmaker , attempting to secure funds for his second feature , blows an opportunity at what promises to be a lucrative interview with pop sensation britney spears .",0
it would seem that nothing is capable of distracting scotty johns from working on his much-anticipated second book .,0
"well , robert's not a suitable chinese girl - but is he gay ?",0
the first involves a band of five teens that escape from a drug rehabilitation center to cash in on a questionable promise of salvation from the psychopathic reverend salo jr . ( vincent lamberti ) .,0
but then roxie comes along and velma is old news .,0
these divisions of play into gender roles cause the girls to start talking as if they were sociologists and psychologists discussing learned behaviors .,0
"when siti starts her "" siapa mr cinderella "" show , kumin is among the hundreds of fake mr cinderella that participates in the show to collect the reward .",0
it is a timely film and a transporting one .,1
"it just goes to show , an intelligent person isn't necessarily an admirable storyteller .",1
savvy director robert j . siegel and his co-writers keep the story subtle and us in suspense .,1
feeling like a dope has rarely been more fun than it is in nine queens .,1
it's refreshing to see a movie that embraces its old-fashioned themes and in the process comes out looking like something wholly original .,1
"in a world besieged by world war ii , wendy , now grown up , tries to give her own children hope by telling them of her magical experiences with peter pan in never land .",0
"while the film really doesn't have anything new to say , it's still thoughtful and well-crafted .",1
"she's willing to put him through just about anything to "" cure "" him of t . s . , with pills , counseling , electro-shock therapy , etc . mom's also concerned about finn's future - who will care for him ?",0
"so mind-numbingly awful that you hope britney won't do it one more time , as far as movies are concerned .",1
ira member bobby sands is imprisoned in northern ireland .,0
"with this masterful , flawless film , [wang] emerges in the front ranks of china's now numerous , world-renowned filmmakers .",1
"daphne , a free-spirited american 19-year-old ( amanda bynes ) raised by her equally free-spirited mother goes to england to establish a relationship with her father ( colin firth ) , who turns out to be a prominent political figure heavily involved in social customs .",0
they persevere and in the end a startling surprise bubbles to the surface that changes everything .,0
oliveira seems to pursue silent film representation with every mournful composition .,1
the problem isn't that the movie hits so close to home so much as that it hits close to home while engaging in such silliness as that snake-down-the-throat business and the inevitable shot of schwarzenegger outrunning a fireball .,1
"it captures the spirit of a small , country town as its citizens discover that beer definitely tastes better when it's free .",0
the trail is strewn with corpses and everything points to them as the killers .,0
jenny even turns to the flower girl - who isn't much help .,0
"needless to say , the dramatics that follow are utter hooey .",1
for most of the distance the picture provides a satisfyingly unsettling ride into the dark places of our national psyche .,1
pacino is the best he's been in years and keener is marvelous .,1
"hoffman is understandably concerned about typecasting , but he is indeed the man for the job , recalling the intensity that nicholas cage brought to an oscar-winning performance in leaving las vegas .",1
"at the height of his tv career , chuck barris was recruited by the cia and trained to become a covert operative .",0
the battle results in an incident that sees one of the men re-evaluate his values in life .,0
"smart and alert , thirteen conversations about one thing is a small gem .",1
"when lapd computer expert peter fowler investigates the killing of an old man in chinatown , he finds the only witness is his dog , cho cho .",0
[it's] a clever thriller with enough unexpected twists to keep our interest .,1
"while introducing his film mockery , he receives a phone call from his producer lying in intensive care at a hospital .",0
"as an entertainment , the movie keeps you diverted and best of all , it lightens your wallet without leaving a sting .",1
"third time's the charm . . . yeah , baby !",1
"after 20 years of exile in paris , gustavo returns to his native city s&#227 ; o paulo .",0
"not only is it a charming , funny and beautifully crafted import , it uses very little dialogue , making it relatively effortless to read and follow the action at the same time .",1
"they invite a group of prostitutes , among them irma whose fianc&#233 ; has just been executed by the germans .",0
"the film focuses on christopher hitchens' charges against henry kissinger as a war criminal - allegations documented in hitchens' book of the same title - based on his role in countries such as cambodia , chile , and indonesia .",0
"elegant and eloquent [meditation] on death and that most elusive of passions , love .",1
"coppola's directorial debut is an incredibly layered and stylistic film that , despite a fairly slow paced , almost humdrum approach to character development , still manages at least a decent attempt at meaningful cinema .",1
"during an undercover drug buy mitch was working that trey botched by calling in for backup and drawing media attention , mitch's partner is shot with a very exotic 12-gauge automatic weapon ; mitch then shoots the video camera out of the hands of a reporter filming the action when the cameraman refused to shut it down .",0
"if you thought tom hanks was just an ordinary big-screen star , wait until you've seen him eight stories tall .",1
"until now , zak gibbs' greatest challenge has been finding a way to buy a car .",0
"off the hook is overlong and not well-acted , but credit writer-producer-director adam watstein with finishing it at all .",1
"when he unexpectedly leaves for a week to go skiing with his wife , lillian is dragged out on the town by her best friend , andrea .",0
"when boys fly pulls no punches in exposing this world - men are shown overdosing and engaging in risky behavior - but at the same time , it also shows the sense of community and vitality the parties bring to the men who attend .",0
"carefully crafted , notably in its deft dramatic structuring , and has become timely in a way its maker could never have anticipated .",1
"raj has always had a unrequited childhood crush on a friend named tina , but tina's best friend pooja has always had a crush on raj .",0
the lack of opposing viewpoints soon grows tiresome -- the film feels more like a series of toasts at a testimonial dinner than a documentary .,1
"as both marly and desiree grapple with the sometimes overwhelming weight of family history and family expectations , and wrestle with questions of love , duty and responsibility , the tale offers a portrait of two women , two families , and two communities standing on the brink of change .",0
"as soon as they blow yakavetta away , it is revealed that the macmanus father and sons have been hiding out deep in the glens and valleys of ireland for three years .",0
sincere energy gives this soul-searcher something magic to find - if even along the beaten path .,1
years later murdock has grown into a man and becomes a respected criminal attorney .,0
"lan yu is at times too restrained , yet there are moments it captures the erotics of intimacy in a way that makes most american love stories look downright unfree .",1
but she can't escape her suspicion that her husband is having an affair with a teenage girl .,0
"an absorbing trip into the minds and motivations of people under stress as well as a keen , unsentimental look at variations on the theme of motherhood .",1
"sarah , an unfulfilled , calculating wife , takes pleasure in having her voyeuristic lover watch her on video cameras that she has hidden inside the vents of her house .",0
"from naboo to tatooine , it grows into love for her .",0
"john takes off , his trust in the system diminishing rapidly .",0
will they be able to finally destroy the tall man for good ?,0
"3 years after retiring from the fbi because of a near-fatal encounter with hannibal lecter , who was helping him catch the "" chesapeake ripper "" , only to reveal it was hannibal himself , will graham is asked by his ex-partner jack crawford to come solve one last case - 2 slaughtered families every full moon .",0
"the bland outweighs the nifty , and cletis tout never becomes the clever crime comedy it thinks it is .",1
the ultimate hell is about to be raised on earth .,0
"young marrieds lori and tom relocate from chicago to the country where they end up living next to carl , a right-wing radical who beats his wife , helen .",0
"a beautiful , entertaining two hours . you get the idea , though , that kapur intended the film to be more than that .",1
"minority report is exactly what the title indicates , a report .",1
". . . very funny , very enjoyable . . .",1
"faced with endless dead-end gigs and his own loss of passion for the music he once thought was his life , he finds himself returning home to the three generations of women that he left behind .",0
"as he tries to re-discover the family that he abandoned long ago , he is forced to confront the anxieties in his memories - the family he betrayed and abandoned at the expense of his own happiness .",0
you'll just have your head in your hands wondering why lee's character didn't just go to a bank manager and save everyone the misery .,1
passable enough for a shoot-out in the o . k . court house of life type of flick . strictly middle of the road .,1
"in a town of good intentions , memorbale characters and nothing much to do , the truth has a way of catching up with you .",0
"by the miserable standards to which the slasher genre has sunk , . . . actually pretty good . of course , by more objective measurements it's still quite bad .",1
"marco and melanie , a young married couple , are living a life of passion , with chaotic situations , and all the little frustrations of daily life .",0
it's disappointing when filmmakers throw a few big-name actors and cameos at a hokey script .,1
"that 'alabama' manages to be pleasant in spite of its predictability and occasional slowness is due primarily to the perkiness of witherspoon ( who is always a joy to watch , even when her material is not first-rate ) . . .",1
"his mission : to gather information on an organization that may just be planning the destruction of the world , led by the nihilistic yorgi .",0
"upon arrival , josch and t&#252 ; rlich find ischgl to be a center for apr&#232 ; s ski parties , and drink hard to blend in .",0
a demand for money is made and the men wait for payment .,0
"though intrepid in exploring an attraction that crosses sexual identity , ozpetek falls short in showing us antonia's true emotions . . . but at the very least , his secret life will leave you thinking .",1
wanker goths are on the loose ! run for your lives !,1
"laugh-out-loud lines , adorably ditsy but heartfelt performances , and sparkling , bittersweet dialogue that cuts to the chase of the modern girl's dilemma .",1
"it's not a film to be taken literally on any level , but its focus always appears questionable .",1
". . . if it had been only half-an-hour long or a tv special , the humor would have been fast and furious-- at ninety minutes , it drags .",1
carol miller is a psychologist with a dark secret that prevents her making physical contact with other people .,0
a lot of people go missing in his movie and nobody ever shows back up .,0
however he's cauught by the mexican secret police and is forced to infiltrate a gruop political activist in the movement of 68 .,0
"after exhausting all conventional resources , he reluctantly visits a mystic who offers to show him three "" visions "" of his son's life .",0
it's almost impossible not to be moved by the movie's depiction of sacrifice and its stirring epilogue in post-soviet russia .,1
"not only are the film's sopranos gags incredibly dated and unfunny , they also demonstrate how desperate the makers of this 'we're -doing-it-for -the-cash' sequel were .",1
he got to know four children who have no fathers .,0
the pace of the film is very slow ( for obvious reasons ) and that too becomes off-putting .,1
a top secret military project hires prestigious university students to assist create a cell altering machine called the 'gammasphere' .,0
"but someone else has also returned to campus , and with a darker and altogether bloodier purpose in mind .",0
"this is scorsese's finest work , and one of the best films of 2002 .",1
"as the police try to piece together what happened , the convoluted relationship between a young woman and her two suitors gradually emerges .",0
"the hand that eluded him his entire life , the one that held the cigarettes , and the hand he will never hold again .",0
the entire movie is filled with deja vu moments .,1
a rare mutation has occurred within the vampire community .,0
"we started to wonder if  some unpaid intern had just typed 'chris rock , ' 'anthony hopkins' and 'terrorists' into some univac-like script machine .",1
tedious norwegian offering which somehow snagged an oscar nomination .,1
"rebuffed in love and uncertain of life , simon is the story of a young englishman's physical and spiritual journey during algeria's battle for independence from france .",0
"the journey is worth your time , especially if you have ellen pompeo sitting next to you for the ride .",1
"while the now 72-year-old robert evans been slowed down by a stroke , he has at least one more story to tell : his own .",1
able to provide insight into a fascinating part of theater history .,1
it makes me feel weird / thinking about all the bad things in the world / like puppies with broken legs / and butterflies that die / and movies starring pop queens,1
"in an ancient time , predating the pyramids , the evil king memnon is using the psychic powers of his sorceress cassandra to fortell his great victories .",0
"[koshashvili] sometimes drags [the ideas] out ( the film needs tightening ) , but they're worth considering all the same .",1
not one moment in the enterprise didn't make me want to lie down in a dark room with something cool to my brow .,1
it is not a mass-market entertainment but an uncompromising attempt by one artist to think about another .,1
"~a contract brings them together in bucharest : a rigged attack on a romanian general standing for election , an attack during which they will let themselves be killed .",0
"hired to take mr . brown to a rendezvous with the devil ( gary oldman ) , the driver soon finds himself entangled in fiendish plans .",0
[nesbitt's is] one of those performances that simply 'is . ',1
a penetrating glimpse into the tissue-thin ego of the stand-up comic .,1
"[t]he script isn't up to the level of the direction , nor are the uneven performances by the cast members , who seem bound and determined to duplicate bela lugosi's now-cliched vampire accent .",1
those who savor well-drawn characters and exotic locales will find the touch of the mystic masseur to be most pleasurable indeed .,1
"this is a visually stunning rumination on love , memory , history and the war between art and commerce .",1
"scooby-doo doesn't know if it wants to be a retro-refitting exercise in campy recall for older fans or a silly , nickelodeon-esque kiddie flick .",1
what emerges is not only an underdog v . simon bar sinister saga but a fascinating character study .,1
jason patric and ray liotta make for one splendidly cast pair .,1
the film is so bad it doesn't improve upon the experience of staring at a blank screen .,1
"he meets sunny , an afghan immigrant hot dog vendor , whose son is a would-be rapper , among others , and falls for laila , a fashion designer who still carries the expectations of her traditional parents .",0
"calvin's barbershop is filled with an eclectic and hilarious cast of characters that share their stories , jokes , trials and tribulations .",0
"a b-movie you can sit through , enjoy on a certain level and then forget .",1
"we find elvis ( bruce campbell ) as an elderly resident in an east texas rest home , who switched identities with an elvis impersonator years before his "" death "" , then missed his chance to switch back .",0
". . . while each moment of this broken character study is rich in emotional texture , the journey doesn't really go anywhere .",1
"there's ushi , harry's lawyer , who knows something about harry lena doesn't know , eddie , a friend of harry and his new girlfriend pol , and at last , there are two policemen who are in fact unwelcome .",0
"her dysfunctional family , consisting only of lilo and her sister nani , is about to be ripped apart by social worker cobra bubbles .",0
especially when you would much rather want to be one of the cool muslim boys who wears those golden necklages and say cool stuff in arabian .,0
its portrait of a very unsung sector of society is refreshingly honest and entertaining .,1
"what's most refreshing about real women have curves is its unforced comedy-drama and its relaxed , natural-seeming actors .",1
what was once original has been co-opted so frequently that it now seems pedestrian .,1
kanna goes back to city to complete his final year but not before warning his loved ones that naxalisam is not good for them .,0
"the performances are amiable and committed , and the comedy more often than not hits the bullseye .",1
"the film makes a tragic error by going on for too long , trying to mirror every subsequent event in chinese history : war , revolution , communism , etc .",1
"shiner can certainly go the distance , but isn't world championship material",1
"this may not be great moviemaking . . . but it's vastly enjoyable in a low-down , scandal-mongering way .",1
this is a movie so insecure about its capacity to excite that it churns up not one but two flagrantly fake thunderstorms to underscore the action .,1
"a twisted collision of "" barney "" "" the fisher king "" and "" serpico . """,1
"resident evil isn't a product of its cinematic predecessors so much as an mtv , sugar hysteria , and playstation cocktail .",1
"intriguing and beautiful film , but those of you who read the book are likely to be disappointed .",1
"fontaine's direction , especially her agreeably startling use of close-ups and her grace with a moving camera , creates sheerly cinematic appeal .",1
significant for the chilling moments when the children echo the very sentiments that continue to fuel the middle east conflict .,1
"green might want to hang onto that ski mask , as robbery may be the only way to pay for his next project .",1
the fate of the earth depends on the tournaments outcome .,0
he becomes the man he always should have ( and could have ) been .,0
"but then there came toni , an intriguing photographer that seemed to see inside his soul .",0
"with the help of another innocent prisoner ( richard harris ) , he escapes the island and proceeds to transform himself into the wealthy count of monte cristo as part of his plan to exact revenge .",0
"after one gets the feeling that the typical hollywood disregard for historical truth and realism is at work here , it's a matter of finding entertainment in the experiences of zishe and the fiery presence of hanussen .",1
"such a talent makes fabbrizio the kidnapping target of his former arch-enemy devlin bowman , a criminal mastermind .",0
"her young son dies , her marriage to max is ruined , and her lover is in fact dangerous in his jealousy and mad rage , but no matter what the consequences - his subversive spirit lives inside her , forms her , obsesses her .",0
"looking aristocratic , luminous yet careworn in jane hamilton's exemplary costumes , rampling gives a performance that could not be improved upon .",1
"she sets out to strike down her once fellow assassins , leaving bill for last .",0
a sweet film about two gentle souls - there is a genuine caring between them that feels like watching old friends .,1
"talky , artificial and opaque . . . an interesting technical exercise , but a tedious picture .",1
"4ever has the same sledgehammer appeal as pokemon videos , but it breathes more on the big screen and induces headaches more slowly .",1
not really bad so much as distasteful : we need kidnapping suspense dramas right now like we need doomsday thrillers .,1
"never again , while nothing special , is pleasant , diverting and modest -- definitely a step in the right direction .",1
"one-sided documentary offers simplistic explanations to a very complex situation . . . . stylistically , the movie is a disaster .",1
"like her mother , she is down to earth , clever , and a huge fan of the musical sweeney todd .",0
'nine dead gay guys' is the outrageous but hilarious result of the ensuing caper as the lads begin the search for the elusive bed .,0
lovable rogue max mackendrick dreams about winning big on the melbourne cup .,0
"both they and their wives ami ( meredith salenger ) and claire ( tara westwood ) are dealing with the reality that they are no longer watching mtv , but instead find themselves flipping channels to vh1 .",0
"this holds particularly true for blacky , a white teen who is more interested in books than sport , and his best friend , dumby , the aboriginal star of the team .",0
"the hours makes you examine your own life in much the same way its characters do , and the experience is profound . the hours is what movies are supposed to be . . .",1
"neither of them seem able to disrupt or end their oddly comforting , creepy codependent relationship .",0
"he reluctantly agrees to protect a child , pinta balletto ( fanning ) , whose parents are threatened by a rash of kidnappings .",0
". . . ambition is in short supply in the cinema , and egoyan tackles his themes and explores his characters' crises with seriousness and compassion .",1
"puzzled , he turns for help from a private cyber detective .",0
"the tucks have a secret , they're immortal . they",0
"the result is a farcical and sad truth that should make the hollywood step-upons , stolen-froms and never-beens delighted and perhaps even a little vindicated .",0
"suffering from recurring memory loss , graham is restricted to a limited short-term memory .",0
the script was reportedly rewritten a dozen times -- either 11 times too many or else too few .,1
